Cultivo;Campaña;Provincia;idProvincia;"Sup. Sembrada";Producción;Rendimiento
Algodón;2010/11;CATAMARCA;10;500;1500;3000
Algodón;2011/12;CATAMARCA;10;60;110;1833
Algodón;2017/18;CATAMARCA;10;400;1400;3500
Algodón;2022/23;CATAMARCA;10;450;1080;2400
Algodón;2023/24;CATAMARCA;10;450;1125;2500
Algodón;2024/25;CATAMARCA;10;400;1080;2700
Algodón;2010/11;CHACO;22;403600;517215;1316
Algodón;2011/12;CHACO;22;260470;270756;1226
Algodón;2012/13;CHACO;22;147200;191980;1380
Algodón;2013/14;CHACO;22;297600;485454;1702
Algodón;2014/15;CHACO;22;252300;296475;1272
Algodón;2015/16;CHACO;22;185800;265534;1478
Algodón;2016/17;CHACO;22;73930;136245;1991
Algodón;2017/18;CHACO;22;123575;260666;2134
Algodón;2018/19;CHACO;22;157607;226911;1869
Algodón;2019/20;CHACO;22;184827;337584;2058
Algodón;2020/21;CHACO;22;170468;349742;2092
Algodón;2021/22;CHACO;22;200270;339663;1845
Algodón;2022/23;CHACO;22;167780;229230;1458
Algodón;2023/24;CHACO;22;197730;241717;1336
Algodón;2024/25;CHACO;22;195960;193856;1259
Algodón;2010/11;CORDOBA;14;100;350;3500
Algodón;2011/12;CORDOBA;14;100;250;2500
Algodón;2012/13;CORDOBA;14;70;50;2500
Algodón;2013/14;CORDOBA;14;91;264;2901
Algodón;2014/15;CORDOBA;14;350;1100;3143
Algodón;2015/16;CORDOBA;14;330;925;3083
Algodón;2016/17;CORDOBA;14;750;2295;3060
Algodón;2017/18;CORDOBA;14;830;2280;3040
Algodón;2018/19;CORDOBA;14;950;2375;2500
Algodón;2019/20;CORDOBA;14;1430;3850;2962
Algodón;2020/21;CORDOBA;14;1400;3925;3140
Algodón;2021/22;CORDOBA;14;1500;3940;2662
Algodón;2022/23;CORDOBA;14;1350;1700;1259
Algodón;2023/24;CORDOBA;14;1350;3340;2474
Algodón;2024/25;CORDOBA;14;2300;4600;2000
Algodón;2010/11;CORRIENTES;18;1290;1255;1017
Algodón;2011/12;CORRIENTES;18;900;900;1000
Algodón;2012/13;CORRIENTES;18;455;668;1501
Algodón;2013/14;CORRIENTES;18;480;840;2800
Algodón;2014/15;CORRIENTES;18;530;1060;2000
Algodón;2015/16;CORRIENTES;18;900;1350;1500
Algodón;2016/17;CORRIENTES;18;900;1350;1500
Algodón;2017/18;CORRIENTES;18;210;158;752
Algodón;2018/19;CORRIENTES;18;250;330;1500
Algodón;2019/20;CORRIENTES;18;95;36;800
Algodón;2022/23;CORRIENTES;18;60;138;2300
Algodón;2010/11;"ENTRE RIOS";30;250;120;1200
Algodón;2011/12;"ENTRE RIOS";30;780;1654;2121
Algodón;2012/13;"ENTRE RIOS";30;850;1190;1400
Algodón;2013/14;"ENTRE RIOS";30;1050;1525;1452
Algodón;2014/15;"ENTRE RIOS";30;1100;1770;1609
Algodón;2015/16;"ENTRE RIOS";30;1300;810;900
Algodón;2016/17;"ENTRE RIOS";30;1400;2040;1457
Algodón;2017/18;"ENTRE RIOS";30;1600;1690;1300
Algodón;2018/19;"ENTRE RIOS";30;1100;1540;1400
Algodón;2019/20;"ENTRE RIOS";30;200;360;1800
Algodón;2020/21;"ENTRE RIOS";30;100;150;1500
Algodón;2021/22;"ENTRE RIOS";30;80;120;1500
Algodón;2010/11;FORMOSA;34;20000;24000;1200
Algodón;2011/12;FORMOSA;34;26500;30600;1200
Algodón;2012/13;FORMOSA;34;19000;22980;1229
Algodón;2013/14;FORMOSA;34;12500;11760;1040
Algodón;2014/15;FORMOSA;34;18000;18000;1500
Algodón;2015/16;FORMOSA;34;9960;13950;1500
Algodón;2016/17;FORMOSA;34;4500;6450;1500
Algodón;2017/18;FORMOSA;34;8500;12750;1500
Algodón;2018/19;FORMOSA;34;8000;10200;1500
Algodón;2019/20;FORMOSA;34;8000;11475;1500
Algodón;2020/21;FORMOSA;34;6500;11000;2000
Algodón;2021/22;FORMOSA;34;5052;3555;1435
Algodón;2022/23;FORMOSA;34;2850;2850;1000
Algodón;2023/24;FORMOSA;34;2443;3240;1326
Algodón;2024/25;FORMOSA;34;2365;2774;1173
Algodón;2010/11;SALTA;66;9280;23650;2548
Algodón;2011/12;SALTA;66;10336;27390;2650
Algodón;2012/13;SALTA;66;3000;9600;3200
Algodón;2013/14;SALTA;66;9000;27000;3000
Algodón;2014/15;SALTA;66;9800;30380;3100
Algodón;2015/16;SALTA;66;15340;37276;2430
Algodón;2016/17;SALTA;66;14930;23982;1606
Algodón;2017/18;SALTA;66;4150;13695;3300
Algodón;2018/19;SALTA;66;10492;28165;2684
Algodón;2019/20;SALTA;66;8408;24383;2900
Algodón;2020/21;SALTA;66;12396;37077;2991
Algodón;2021/22;SALTA;66;12800;35840;2800
Algodón;2022/23;SALTA;66;19520;52508;2690
Algodón;2023/24;SALTA;66;19406;44988;2318
Algodón;2024/25;SALTA;66;12550;32540;2593
Algodón;2010/11;"SAN LUIS";74;700;3010;4300
Algodón;2011/12;"SAN LUIS";74;3000;11700;3900
Algodón;2012/13;"SAN LUIS";74;2800;11200;4000
Algodón;2013/14;"SAN LUIS";74;2800;7840;2800
Algodón;2014/15;"SAN LUIS";74;2800;7560;2700
Algodón;2015/16;"SAN LUIS";74;2500;9500;3800
Algodón;2016/17;"SAN LUIS";74;4100;17630;4300
Algodón;2017/18;"SAN LUIS";74;5120;21504;4200
Algodón;2018/19;"SAN LUIS";74;6500;22750;3500
Algodón;2019/20;"SAN LUIS";74;6000;22200;3700
Algodón;2020/21;"SAN LUIS";74;4550;19110;4200
Algodón;2021/22;"SAN LUIS";74;4800;17760;3700
Algodón;2022/23;"SAN LUIS";74;4400;13480;3064
Algodón;2023/24;"SAN LUIS";74;4500;16390;3642
Algodón;2024/25;"SAN LUIS";74;4150;14810;3569
Algodón;2010/11;"SANTA FE";82;88300;180980;2155
Algodón;2011/12;"SANTA FE";82;143500;140380;1053
Algodón;2012/13;"SANTA FE";82;112000;163100;1726
Algodón;2013/14;"SANTA FE";82;113100;178080;2038
Algodón;2014/15;"SANTA FE";82;108300;112880;1567
Algodón;2015/16;"SANTA FE";82;53300;51710;1354
Algodón;2016/17;"SANTA FE";82;37500;95720;2927
Algodón;2017/18;"SANTA FE";82;53000;104900;2163
Algodón;2018/19;"SANTA FE";82;74200;29410;1662
Algodón;2019/20;"SANTA FE";82;44800;90440;2217
Algodón;2020/21;"SANTA FE";82;45900;119220;2597
Algodón;2021/22;"SANTA FE";82;53500;72550;1428
Algodón;2022/23;"SANTA FE";82;154500;256250;1703
Algodón;2023/24;"SANTA FE";82;188300;363588;2014
Algodón;2024/25;"SANTA FE";82;237300;410269;1796
Algodón;2010/11;"SANTIAGO DEL ESTERO";86;116745;280465;2450
Algodón;2011/12;"SANTIAGO DEL ESTERO";86;176500;224910;1687
Algodón;2012/13;"SANTIAGO DEL ESTERO";86;125275;142240;1394
Algodón;2013/14;"SANTIAGO DEL ESTERO";86;115625;306891;2654
Algodón;2014/15;"SANTIAGO DEL ESTERO";86;130500;326120;2626
Algodón;2015/16;"SANTIAGO DEL ESTERO";86;136700;292090;2252
Algodón;2016/17;"SANTIAGO DEL ESTERO";86;115300;330448;2896
Algodón;2017/18;"SANTIAGO DEL ESTERO";86;130080;394649;3078
Algodón;2018/19;"SANTIAGO DEL ESTERO";86;182004;551040;3286
Algodón;2019/20;"SANTIAGO DEL ESTERO";86;190650;555715;3001
Algodón;2020/21;"SANTIAGO DEL ESTERO";86;174250;500110;2951
Algodón;2021/22;"SANTIAGO DEL ESTERO";86;225800;642082;2873
Algodón;2022/23;"SANTIAGO DEL ESTERO";86;183750;339228;1933
Algodón;2023/24;"SANTIAGO DEL ESTERO";86;233900;595011;2556
Algodón;2024/25;"SANTIAGO DEL ESTERO";86;232900;440033;2021
Alpiste;2010/11;"BUENOS AIRES";6;15400;26022;1704
Alpiste;2011/12;"BUENOS AIRES";6;13900;22880;1662
Alpiste;2012/13;"BUENOS AIRES";6;13400;17660;1348
Alpiste;2013/14;"BUENOS AIRES";6;26420;51780;1960
Alpiste;2014/15;"BUENOS AIRES";6;25284;31129;1331
Alpiste;2015/16;"BUENOS AIRES";6;19184;29430;1543
Alpiste;2016/17;"BUENOS AIRES";6;31470;44123;1402
Alpiste;2017/18;"BUENOS AIRES";6;14175;22090;1569
Alpiste;2018/19;"BUENOS AIRES";6;25808;40097;1578
Alpiste;2019/20;"BUENOS AIRES";6;14629;20443;1397
Alpiste;2020/21;"BUENOS AIRES";6;29707;43947;1479
Alpiste;2021/22;"BUENOS AIRES";6;27141;35540;1309
Alpiste;2022/23;"BUENOS AIRES";6;35940;40068;1120
Alpiste;2023/24;"BUENOS AIRES";6;38769;56633;1461
Alpiste;2024/25;"BUENOS AIRES";6;30296;39135;1292
Alpiste;2010/11;CORDOBA;14;50;45;900
Alpiste;2020/21;CORDOBA;14;300;240;800
Alpiste;2021/22;CORDOBA;14;300;540;1800
Alpiste;2023/24;CORDOBA;14;30;30;1000
Alpiste;2010/11;"ENTRE RIOS";30;1500;1300;1000
Alpiste;2011/12;"ENTRE RIOS";30;500;400;800
Alpiste;2012/13;"ENTRE RIOS";30;840;544;648
Alpiste;2013/14;"ENTRE RIOS";30;1850;1190;643
Alpiste;2014/15;"ENTRE RIOS";30;845;528;625
Alpiste;2015/16;"ENTRE RIOS";30;70;49;700
Alpiste;2016/17;"ENTRE RIOS";30;270;231;856
Alpiste;2017/18;"ENTRE RIOS";30;420;188;448
Alpiste;2018/19;"ENTRE RIOS";30;1300;1040;800
Alpiste;2019/20;"ENTRE RIOS";30;125;101;808
Alpiste;2020/21;"ENTRE RIOS";30;215;111;516
Alpiste;2021/22;"ENTRE RIOS";30;40;21;525
Alpiste;2022/23;"ENTRE RIOS";30;60;120;2000
Alpiste;2023/24;"ENTRE RIOS";30;499;756;1515
Alpiste;2024/25;"ENTRE RIOS";30;400;560;1400
Alpiste;2010/11;"LA PAMPA";42;60;54;900
Alpiste;2015/16;"LA PAMPA";42;60;0;0
Alpiste;2022/23;"LA PAMPA";42;500;240;1000
Alpiste;2023/24;"LA PAMPA";42;1110;610;1000
Alpiste;2024/25;"LA PAMPA";42;1510;690;1000
Alpiste;2020/21;SALTA;66;50;30;600
Alpiste;2021/22;SALTA;66;25;13;520
Alpiste;2022/23;SALTA;66;375;150;400
Alpiste;2023/24;SALTA;66;120;60;500
Alpiste;2024/25;SALTA;66;85;68;800
Alpiste;2022/23;"SANTA FE";82;230;115;500
Alpiste;2023/24;"SANTA FE";82;704;352;500
Alpiste;2024/25;"SANTA FE";82;250;375;1500
Arroz;2010/11;CHACO;22;7200;44640;6200
Arroz;2011/12;CHACO;22;7400;48840;6600
Arroz;2012/13;CHACO;22;7000;49000;7000
Arroz;2013/14;CHACO;22;6500;41600;6400
Arroz;2014/15;CHACO;22;6000;37200;6200
Arroz;2015/16;CHACO;22;6000;34800;5800
Arroz;2016/17;CHACO;22;4000;24800;6200
Arroz;2017/18;CHACO;22;5000;30500;6100
Arroz;2018/19;CHACO;22;4000;25200;6300
Arroz;2019/20;CHACO;22;4000;24800;6200
Arroz;2020/21;CHACO;22;5700;30780;5400
Arroz;2021/22;CHACO;22;6900;35880;5200
Arroz;2022/23;CHACO;22;4500;24750;5500
Arroz;2023/24;CHACO;22;5900;31860;5400
Arroz;2024/25;CHACO;22;7500;30750;4100
Arroz;2010/11;CORRIENTES;18;104247;695916;6701
Arroz;2011/12;CORRIENTES;18;97152;645351;6760
Arroz;2012/13;CORRIENTES;18;102000;756000;7412
Arroz;2013/14;CORRIENTES;18;105200;679310;6457
Arroz;2014/15;CORRIENTES;18;100000;683200;7230
Arroz;2015/16;CORRIENTES;18;88200;635900;7377
Arroz;2016/17;CORRIENTES;18;91500;569210;6339
Arroz;2017/18;CORRIENTES;18;94700;608868;6705
Arroz;2018/19;CORRIENTES;18;91400;556072;6589
Arroz;2019/20;CORRIENTES;18;91500;602690;6587
Arroz;2020/21;CORRIENTES;18;91500;707400;7731
Arroz;2021/22;CORRIENTES;18;91500;470210;6459
Arroz;2022/23;CORRIENTES;18;91500;470628;6582
Arroz;2023/24;CORRIENTES;18;94300;511855;6327
Arroz;2024/25;CORRIENTES;18;110600;785100;7099
Arroz;2010/11;"ENTRE RIOS";30;101900;744100;7302
Arroz;2011/12;"ENTRE RIOS";30;79500;570820;7180
Arroz;2012/13;"ENTRE RIOS";30;69900;494490;7074
Arroz;2013/14;"ENTRE RIOS";30;75000;568520;7580
Arroz;2014/15;"ENTRE RIOS";30;78800;578470;7341
Arroz;2015/16;"ENTRE RIOS";30;72500;500000;7205
Arroz;2016/17;"ENTRE RIOS";30;71300;520950;7306
Arroz;2017/18;"ENTRE RIOS";30;65000;493450;7592
Arroz;2018/19;"ENTRE RIOS";30;61000;422590;6973
Arroz;2019/20;"ENTRE RIOS";30;54600;399920;7325
Arroz;2020/21;"ENTRE RIOS";30;62995;474309;7529
Arroz;2021/22;"ENTRE RIOS";30;64500;486115;7537
Arroz;2022/23;"ENTRE RIOS";30;55490;419105;7660
Arroz;2023/24;"ENTRE RIOS";30;62570;455229;7276
Arroz;2024/25;"ENTRE RIOS";30;67420;524948;7786
Arroz;2010/11;FORMOSA;34;8100;50220;6200
Arroz;2011/12;FORMOSA;34;8100;52650;6500
Arroz;2012/13;FORMOSA;34;8000;54400;6800
Arroz;2013/14;FORMOSA;34;8000;54400;6800
Arroz;2014/15;FORMOSA;34;8240;41200;5000
Arroz;2015/16;FORMOSA;34;6520;31700;5000
Arroz;2016/17;FORMOSA;34;7500;34000;5000
Arroz;2017/18;FORMOSA;34;7160;35800;5000
Arroz;2018/19;FORMOSA;34;8635;44039;5100
Arroz;2019/20;FORMOSA;34;9000;45900;5100
Arroz;2020/21;FORMOSA;34;10898;56668;5200
Arroz;2021/22;FORMOSA;34;11500;68326;5957
Arroz;2022/23;FORMOSA;34;18060;90300;5000
Arroz;2023/24;FORMOSA;34;12380;70566;5700
Arroz;2024/25;FORMOSA;34;15800;64780;4100
Arroz;2010/11;"SANTA FE";82;36400;213200;5857
Arroz;2011/12;"SANTA FE";82;44900;250310;5575
Arroz;2012/13;"SANTA FE";82;45800;209560;4576
Arroz;2013/14;"SANTA FE";82;48500;237980;4907
Arroz;2014/15;"SANTA FE";82;46050;218030;4840
Arroz;2015/16;"SANTA FE";82;41350;202580;5090
Arroz;2016/17;"SANTA FE";82;32200;179380;5571
Arroz;2017/18;"SANTA FE";82;30200;199350;6601
Arroz;2018/19;"SANTA FE";82;29800;141965;5535
Arroz;2019/20;"SANTA FE";82;26200;149600;5710
Arroz;2020/21;"SANTA FE";82;28900;184030;6368
Arroz;2021/22;"SANTA FE";82;31200;161895;5325
Arroz;2022/23;"SANTA FE";82;24230;158426;6538
Arroz;2023/24;"SANTA FE";82;29200;195260;6687
Arroz;2024/25;"SANTA FE";82;32400;220720;6812
Arveja;2018/19;"BUENOS AIRES";6;31986;99063;3112
Arveja;2019/20;"BUENOS AIRES";6;51017;140591;2815
Arveja;2020/21;"BUENOS AIRES";6;56052;152754;2745
Arveja;2021/22;"BUENOS AIRES";6;76404;212429;2780
Arveja;2022/23;"BUENOS AIRES";6;66240;30859;957
Arveja;2023/24;"BUENOS AIRES";6;65062;166258;2603
Arveja;2024/25;"BUENOS AIRES";6;72250;199489;2762
Arveja;2018/19;CORDOBA;14;650;1220;1877
Arveja;2019/20;CORDOBA;14;1118;2526;2259
Arveja;2020/21;CORDOBA;14;875;1073;1385
Arveja;2021/22;CORDOBA;14;2223;4831;2388
Arveja;2022/23;CORDOBA;14;2198;3404;1549
Arveja;2023/24;CORDOBA;14;1374;2473;1833
Arveja;2024/25;CORDOBA;14;1125;1872;1664
Arveja;2018/19;"ENTRE RIOS";30;5000;13100;2620
Arveja;2019/20;"ENTRE RIOS";30;5000;11315;2263
Arveja;2020/21;"ENTRE RIOS";30;4800;7080;1475
Arveja;2021/22;"ENTRE RIOS";30;9950;22740;2285
Arveja;2022/23;"ENTRE RIOS";30;10750;20490;1906
Arveja;2023/24;"ENTRE RIOS";30;17300;20994;1937
Arveja;2024/25;"ENTRE RIOS";30;12900;11970;1900
Arveja;2019/20;SALTA;66;340;714;2100
Arveja;2022/23;SALTA;66;120;60;500
Arveja;2023/24;SALTA;66;180;120;667
Arveja;2021/22;"SAN LUIS";74;170;187;1100
Arveja;2018/19;"SANTA FE";82;24700;22860;1083
Arveja;2019/20;"SANTA FE";82;22400;40530;1809
Arveja;2020/21;"SANTA FE";82;25473;33092;1299
Arveja;2021/22;"SANTA FE";82;23899;56770;2375
Arveja;2022/23;"SANTA FE";82;11500;5000;562
Arveja;2023/24;"SANTA FE";82;14877;25464;1712
Arveja;2024/25;"SANTA FE";82;20877;44554;2134
Avena;2010/11;"BUENOS AIRES";6;660890;553340;2537
Avena;2011/12;"BUENOS AIRES";6;581740;285170;2303
Avena;2012/13;"BUENOS AIRES";6;711050;361970;1994
Avena;2013/14;"BUENOS AIRES";6;779695;366300;2211
Avena;2014/15;"BUENOS AIRES";6;747810;351483;2226
Avena;2015/16;"BUENOS AIRES";6;752020;414817;2688
Avena;2016/17;"BUENOS AIRES";6;807764;635196;2716
Avena;2017/18;"BUENOS AIRES";6;598996;348629;2583
Avena;2018/19;"BUENOS AIRES";6;793043;385118;2751
Avena;2019/20;"BUENOS AIRES";6;878462;387396;1918
Avena;2020/21;"BUENOS AIRES";6;858491;405372;2356
Avena;2021/22;"BUENOS AIRES";6;855255;571186;2157
Avena;2022/23;"BUENOS AIRES";6;928283;335928;1777
Avena;2023/24;"BUENOS AIRES";6;912829;448260;2325
Avena;2024/25;"BUENOS AIRES";6;912681;429810;2092
Avena;2010/11;CORDOBA;14;108720;5880;2513
Avena;2011/12;CORDOBA;14;86420;15870;1959
Avena;2012/13;CORDOBA;14;100220;20370;1955
Avena;2013/14;CORDOBA;14;265650;23210;1195
Avena;2014/15;CORDOBA;14;177370;24840;2141
Avena;2015/16;CORDOBA;14;158060;31998;1956
Avena;2016/17;CORDOBA;14;156560;51276;2518
Avena;2017/18;CORDOBA;14;136350;43175;2637
Avena;2018/19;CORDOBA;14;121494;33337;1934
Avena;2019/20;CORDOBA;14;189114;144624;2282
Avena;2020/21;CORDOBA;14;153284;41982;1666
Avena;2021/22;CORDOBA;14;162562;47124;2160
Avena;2022/23;CORDOBA;14;153195;34082;1598
Avena;2023/24;CORDOBA;14;184820;42018;1745
Avena;2024/25;CORDOBA;14;176919;47576;1731
Avena;2022/23;CORRIENTES;18;250;0;0
Avena;2023/24;CORRIENTES;18;400;0;0
Avena;2024/25;CORRIENTES;18;2600;0;0
Avena;2010/11;"ENTRE RIOS";30;59200;13050;1788
Avena;2011/12;"ENTRE RIOS";30;60900;12400;1797
Avena;2012/13;"ENTRE RIOS";30;70000;16110;1687
Avena;2013/14;"ENTRE RIOS";30;82720;9860;1816
Avena;2014/15;"ENTRE RIOS";30;86700;15913;1675
Avena;2015/16;"ENTRE RIOS";30;100500;18810;1536
Avena;2016/17;"ENTRE RIOS";30;88400;18500;1535
Avena;2017/18;"ENTRE RIOS";30;79500;18075;1488
Avena;2018/19;"ENTRE RIOS";30;69500;44050;2203
Avena;2019/20;"ENTRE RIOS";30;69500;5290;1679
Avena;2020/21;"ENTRE RIOS";30;64500;5811;1709
Avena;2021/22;"ENTRE RIOS";30;71500;8625;2156
Avena;2022/23;"ENTRE RIOS";30;75500;12880;1814
Avena;2023/24;"ENTRE RIOS";30;58000;8365;2173
Avena;2024/25;"ENTRE RIOS";30;56300;8380;2054
Avena;2024/25;JUJUY;38;810;1134;1400
Avena;2010/11;"LA PAMPA";42;206800;82010;1519
Avena;2011/12;"LA PAMPA";42;208600;97720;1758
Avena;2012/13;"LA PAMPA";42;210600;88300;1650
Avena;2013/14;"LA PAMPA";42;160000;41630;1293
Avena;2014/15;"LA PAMPA";42;207500;112950;1999
Avena;2015/16;"LA PAMPA";42;187000;70100;1445
Avena;2016/17;"LA PAMPA";42;204100;66820;1366
Avena;2017/18;"LA PAMPA";42;183100;64820;1373
Avena;2018/19;"LA PAMPA";42;213900;71910;1527
Avena;2019/20;"LA PAMPA";42;194600;22110;720
Avena;2020/21;"LA PAMPA";42;177400;41890;1262
Avena;2021/22;"LA PAMPA";42;226600;66865;1568
Avena;2022/23;"LA PAMPA";42;178120;40056;1144
Avena;2023/24;"LA PAMPA";42;199300;53870;1134
Avena;2024/25;"LA PAMPA";42;172700;51470;1097
Avena;2020/21;SALTA;66;1050;743;708
Avena;2021/22;SALTA;66;965;693;718
Avena;2022/23;SALTA;66;875;545;623
Avena;2023/24;SALTA;66;934;661;708
Avena;2024/25;SALTA;66;911;898;986
Avena;2010/11;"SAN LUIS";74;12540;1880;1567
Avena;2011/12;"SAN LUIS";74;13570;0;0
Avena;2012/13;"SAN LUIS";74;15100;2130;1775
Avena;2013/14;"SAN LUIS";74;16250;1280;1422
Avena;2014/15;"SAN LUIS";74;19000;5830;1666
Avena;2015/16;"SAN LUIS";74;17550;6320;2873
Avena;2017/18;"SAN LUIS";74;19480;4105;2243
Avena;2018/19;"SAN LUIS";74;15400;2560;1219
Avena;2019/20;"SAN LUIS";74;16160;1520;2027
Avena;2020/21;"SAN LUIS";74;14200;1220;841
Avena;2021/22;"SAN LUIS";74;15400;2310;1848
Avena;2022/23;"SAN LUIS";74;16300;1215;1519
Avena;2023/24;"SAN LUIS";74;16000;2880;1340
Avena;2024/25;"SAN LUIS";74;16500;2100;1355
Avena;2010/11;"SANTA FE";82;83150;4040;2525
Avena;2011/12;"SANTA FE";82;90950;3830;2253
Avena;2012/13;"SANTA FE";82;100300;4980;2371
Avena;2013/14;"SANTA FE";82;158020;2540;1024
Avena;2014/15;"SANTA FE";82;99500;12980;2649
Avena;2015/16;"SANTA FE";82;107000;8100;2455
Avena;2016/17;"SANTA FE";82;94000;10710;2895
Avena;2017/18;"SANTA FE";82;122670;11000;2750
Avena;2018/19;"SANTA FE";82;140283;33400;3181
Avena;2019/20;"SANTA FE";82;126080;36545;1804
Avena;2020/21;"SANTA FE";82;124500;8580;2319
Avena;2021/22;"SANTA FE";82;133837;22741;2212
Avena;2022/23;"SANTA FE";82;105532;2400;1714
Avena;2023/24;"SANTA FE";82;92812;3942;2063
Avena;2024/25;"SANTA FE";82;76361;12062;1848
Avena;2010/11;"SANTIAGO DEL ESTERO";86;2000;0;0
Avena;2011/12;"SANTIAGO DEL ESTERO";86;14500;0;0
Avena;2012/13;"SANTIAGO DEL ESTERO";86;16500;2080;1095
Avena;2013/14;"SANTIAGO DEL ESTERO";86;2000;0;0
Avena;2014/15;"SANTIAGO DEL ESTERO";86;6500;720;1200
Avena;2015/16;"SANTIAGO DEL ESTERO";86;4600;400;1000
Avena;2017/18;"SANTIAGO DEL ESTERO";86;8700;0;0
Avena;2018/19;"SANTIAGO DEL ESTERO";86;9300;200;1000
Avena;2019/20;"SANTIAGO DEL ESTERO";86;9700;1435;1479
Avena;2020/21;"SANTIAGO DEL ESTERO";86;10850;485;495
Avena;2021/22;"SANTIAGO DEL ESTERO";86;15670;2710;1322
Avena;2022/23;"SANTIAGO DEL ESTERO";86;16000;850;1700
Avena;2023/24;"SANTIAGO DEL ESTERO";86;15500;3320;1118
Avena;2024/25;"SANTIAGO DEL ESTERO";86;15460;1305;791
Avena;2015/16;TUCUMAN;90;2300;2890;1257
Avena;2016/17;TUCUMAN;90;2250;2479;1164
Avena;2017/18;TUCUMAN;90;2100;1909;1013
Avena;2018/19;TUCUMAN;90;1600;1055;1000
Avena;2019/20;TUCUMAN;90;1350;1185;1077
Avena;2020/21;TUCUMAN;90;1260;635;747
Avena;2021/22;TUCUMAN;90;1105;900;858
Avena;2022/23;TUCUMAN;90;1390;928;719
Avena;2023/24;TUCUMAN;90;1390;1593;1211
Avena;2024/25;TUCUMAN;90;1390;1319;1030
Cártamo;2010/11;"BUENOS AIRES";6;24700;4973;327
Cártamo;2011/12;"BUENOS AIRES";6;24400;4850;323
Cártamo;2012/13;"BUENOS AIRES";6;400;200;606
Cártamo;2013/14;"BUENOS AIRES";6;200;80;615
Cártamo;2010/11;CHACO;22;16050;21158;1329
Cártamo;2011/12;CHACO;22;58800;42270;720
Cártamo;2012/13;CHACO;22;15020;7210;538
Cártamo;2013/14;CHACO;22;4900;740;446
Cártamo;2014/15;CHACO;22;500;450;900
Cártamo;2022/23;CHACO;22;365;201;550
Cártamo;2024/25;CHACO;22;240;264;1100
Cártamo;2016/17;CORDOBA;14;100;250;2500
Cártamo;2022/23;CORDOBA;14;237;284;1200
Cártamo;2024/25;FORMOSA;34;1019;1223;1200
Cártamo;2015/16;JUJUY;38;150;90;600
Cártamo;2022/23;JUJUY;38;158;79;500
Cártamo;2024/25;JUJUY;38;60;48;800
Cártamo;2014/15;"LA PAMPA";42;2500;3500;1400
Cártamo;2010/11;SALTA;66;51700;29955;622
Cártamo;2011/12;SALTA;66;81550;52850;648
Cártamo;2012/13;SALTA;66;70250;39300;572
Cártamo;2013/14;SALTA;66;4100;2270;577
Cártamo;2014/15;SALTA;66;41280;24730;599
Cártamo;2015/16;SALTA;66;79806;51460;645
Cártamo;2016/17;SALTA;66;26034;17334;666
Cártamo;2017/18;SALTA;66;34799;27839;800
Cártamo;2018/19;SALTA;66;27346;21877;800
Cártamo;2019/20;SALTA;66;27349;22565;825
Cártamo;2020/21;SALTA;66;6000;4344;724
Cártamo;2021/22;SALTA;66;5153;2793;614
Cártamo;2022/23;SALTA;66;8985;4837;554
Cártamo;2023/24;SALTA;66;12740;9184;721
Cártamo;2024/25;SALTA;66;15827;16379;1035
Cártamo;2011/12;"SANTA FE";82;192;110;582
Cártamo;2012/13;"SANTA FE";82;200;140;1000
Cártamo;2011/12;"SANTIAGO DEL ESTERO";86;6000;8170;1362
Cártamo;2012/13;"SANTIAGO DEL ESTERO";86;33000;2920;591
Cártamo;2018/19;"SANTIAGO DEL ESTERO";86;1300;2450;1885
Cártamo;2024/25;"SANTIAGO DEL ESTERO";86;1086;1195;1100
"Cebada cervecera";2010/11;"BUENOS AIRES";6;738970;2909665;3984
"Cebada cervecera";2011/12;"BUENOS AIRES";6;1118997;3948822;3690
"Cebada cervecera";2012/13;"BUENOS AIRES";6;1602590;4749650;3139
"Cebada cervecera";2013/14;"BUENOS AIRES";6;1148051;4505280;4088
"Cebada cervecera";2014/15;"BUENOS AIRES";6;875368;2575425;3333
"Cebada cervecera";2015/16;"BUENOS AIRES";6;1272466;4614986;4132
"Cebada cervecera";2010/11;CORDOBA;14;1000;2030;3274
"Cebada cervecera";2011/12;CORDOBA;14;6100;14390;2494
"Cebada cervecera";2012/13;CORDOBA;14;39870;75180;2236
"Cebada cervecera";2013/14;CORDOBA;14;36320;40250;1547
"Cebada cervecera";2014/15;CORDOBA;14;28500;52280;2490
"Cebada cervecera";2015/16;CORDOBA;14;56590;34530;2425
"Cebada cervecera";2010/11;"ENTRE RIOS";30;550;1560;2836
"Cebada cervecera";2011/12;"ENTRE RIOS";30;13120;32740;2511
"Cebada cervecera";2012/13;"ENTRE RIOS";30;28000;31540;2131
"Cebada cervecera";2013/14;"ENTRE RIOS";30;11500;28070;2731
"Cebada cervecera";2014/15;"ENTRE RIOS";30;5100;16100;3157
"Cebada cervecera";2015/16;"ENTRE RIOS";30;4800;12680;3337
"Cebada cervecera";2010/11;"LA PAMPA";42;9100;23310;2562
"Cebada cervecera";2011/12;"LA PAMPA";42;23600;55740;2434
"Cebada cervecera";2012/13;"LA PAMPA";42;39800;96860;2484
"Cebada cervecera";2013/14;"LA PAMPA";42;29600;49480;1772
"Cebada cervecera";2014/15;"LA PAMPA";42;65650;162420;2751
"Cebada cervecera";2015/16;"LA PAMPA";42;103980;201282;2272
"Cebada cervecera";2010/11;"SAN LUIS";74;300;810;2700
"Cebada cervecera";2011/12;"SAN LUIS";74;120;320;2667
"Cebada cervecera";2010/11;"SANTA FE";82;5500;26700;4855
"Cebada cervecera";2011/12;"SANTA FE";82;9300;33760;3630
"Cebada cervecera";2012/13;"SANTA FE";82;90275;198350;2244
"Cebada cervecera";2013/14;"SANTA FE";82;37555;82080;2215
"Cebada cervecera";2014/15;"SANTA FE";82;31500;95270;3073
"Cebada cervecera";2015/16;"SANTA FE";82;29585;75245;3233
"Cebada cervecera";2012/13;"SANTIAGO DEL ESTERO";86;10700;6610;972
"Cebada forrajera";2010/11;"BUENOS AIRES";6;41900;17190;3265
"Cebada forrajera";2011/12;"BUENOS AIRES";6;47680;15180;1524
"Cebada forrajera";2012/13;"BUENOS AIRES";6;44900;2720;2076
"Cebada forrajera";2013/14;"BUENOS AIRES";6;46600;15600;2457
"Cebada forrajera";2014/15;"BUENOS AIRES";6;50400;15331;2219
"Cebada forrajera";2015/16;"BUENOS AIRES";6;42300;14510;2804
"Cebada forrajera";2010/11;CORDOBA;14;2190;60;1200
"Cebada forrajera";2011/12;CORDOBA;14;3140;0;0
"Cebada forrajera";2012/13;CORDOBA;14;8000;5580;1744
"Cebada forrajera";2013/14;CORDOBA;14;11000;3740;1243
"Cebada forrajera";2014/15;CORDOBA;14;9840;3957;1807
"Cebada forrajera";2015/16;CORDOBA;14;4540;0;0
"Cebada forrajera";2013/14;"ENTRE RIOS";30;2200;0;0
"Cebada forrajera";2010/11;"LA PAMPA";42;4940;1728;1108
"Cebada forrajera";2011/12;"LA PAMPA";42;6400;704;1437
"Cebada forrajera";2012/13;"LA PAMPA";42;12100;6300;1750
"Cebada forrajera";2013/14;"LA PAMPA";42;12800;3050;1452
"Cebada forrajera";2014/15;"LA PAMPA";42;11100;4020;1608
"Cebada forrajera";2011/12;"SAN LUIS";74;1150;575;1643
"Cebada forrajera";2012/13;"SAN LUIS";74;1000;150;1500
"Cebada forrajera";2013/14;"SAN LUIS";74;1300;0;0
"Cebada forrajera";2014/15;"SAN LUIS";74;600;0;0
"Cebada forrajera";2013/14;"SANTA FE";82;5200;2400;1600
"Cebada forrajera";2014/15;"SANTA FE";82;4000;0;0
"Cebada total";2016/17;"BUENOS AIRES";6;830759;2962486;3899
"Cebada total";2017/18;"BUENOS AIRES";6;896930;3519975;4140
"Cebada total";2018/19;"BUENOS AIRES";6;1189038;4330228;4281
"Cebada total";2019/20;"BUENOS AIRES";6;1109570;3392293;3485
"Cebada total";2020/21;"BUENOS AIRES";6;1045422;3782977;4241
"Cebada total";2021/22;"BUENOS AIRES";6;1386141;4827196;4116
"Cebada total";2022/23;"BUENOS AIRES";6;1593304;4460601;3025
"Cebada total";2023/24;"BUENOS AIRES";6;1310390;4831378;4064
"Cebada total";2024/25;"BUENOS AIRES";6;1502660;4590520;3819
"Cebada total";2016/17;CORDOBA;14;51772;94761;2780
"Cebada total";2017/18;CORDOBA;14;40280;47597;2063
"Cebada total";2018/19;CORDOBA;14;30210;35915;2473
"Cebada total";2019/20;CORDOBA;14;35150;40617;2784
"Cebada total";2020/21;CORDOBA;14;32716;31110;1683
"Cebada total";2021/22;CORDOBA;14;29376;62850;2633
"Cebada total";2022/23;CORDOBA;14;29677;40985;1860
"Cebada total";2023/24;CORDOBA;14;23573;35324;2079
"Cebada total";2024/25;CORDOBA;14;26364;38940;2269
"Cebada total";2016/17;"ENTRE RIOS";30;4000;13500;3375
"Cebada total";2017/18;"ENTRE RIOS";30;3510;11775;3453
"Cebada total";2018/19;"ENTRE RIOS";30;3000;10450;3483
"Cebada total";2019/20;"ENTRE RIOS";30;4300;14470;3365
"Cebada total";2020/21;"ENTRE RIOS";30;8100;13670;2691
"Cebada total";2021/22;"ENTRE RIOS";30;6550;19767;3267
"Cebada total";2022/23;"ENTRE RIOS";30;6700;15922;2445
"Cebada total";2023/24;"ENTRE RIOS";30;12110;36885;3734
"Cebada total";2024/25;"ENTRE RIOS";30;8500;24130;3351
"Cebada total";2016/17;"LA PAMPA";42;59015;160724;3044
"Cebada total";2017/18;"LA PAMPA";42;48970;111354;2628
"Cebada total";2018/19;"LA PAMPA";42;99900;212640;2858
"Cebada total";2019/20;"LA PAMPA";42;96390;91269;1519
"Cebada total";2020/21;"LA PAMPA";42;112300;156200;2487
"Cebada total";2021/22;"LA PAMPA";42;166700;246094;2719
"Cebada total";2022/23;"LA PAMPA";42;127530;129072;2508
"Cebada total";2023/24;"LA PAMPA";42;100800;135060;2756
"Cebada total";2024/25;"LA PAMPA";42;108400;106389;2238
"Cebada total";2024/25;SALTA;66;50;50;1000
"Cebada total";2021/22;"SAN LUIS";74;900;2400;2667
"Cebada total";2022/23;"SAN LUIS";74;150;210;1400
"Cebada total";2016/17;"SANTA FE";82;27412;76913;3939
"Cebada total";2017/18;"SANTA FE";82;15730;39888;3717
"Cebada total";2018/19;"SANTA FE";82;18080;32424;2684
"Cebada total";2019/20;"SANTA FE";82;19435;50265;3556
"Cebada total";2020/21;"SANTA FE";82;23265;32138;2276
"Cebada total";2021/22;"SANTA FE";82;25316;89017;3945
"Cebada total";2022/23;"SANTA FE";82;23882;29538;1680
"Cebada total";2023/24;"SANTA FE";82;16210;31245;2498
"Cebada total";2024/25;"SANTA FE";82;23094;48143;2315
"Cebada total";2016/17;"SANTIAGO DEL ESTERO";86;6166;0;0
"Cebada total";2017/18;"SANTIAGO DEL ESTERO";86;13370;10569;1609
"Cebada total";2018/19;"SANTIAGO DEL ESTERO";86;12900;15300;1800
"Cebada total";2019/20;"SANTIAGO DEL ESTERO";86;12200;23890;1958
"Cebada total";2020/21;"SANTIAGO DEL ESTERO";86;15220;20035;1433
"Cebada total";2021/22;"SANTIAGO DEL ESTERO";86;20640;32284;1715
"Cebada total";2022/23;"SANTIAGO DEL ESTERO";86;20700;19586;1117
"Cebada total";2023/24;"SANTIAGO DEL ESTERO";86;21390;27448;1412
"Cebada total";2024/25;"SANTIAGO DEL ESTERO";86;21390;15334;786
"Cebada total";2016/17;TUCUMAN;90;919;0;0
"Cebada total";2017/18;TUCUMAN;90;920;0;0
Centeno;2010/11;"BUENOS AIRES";6;56700;20670;2368
Centeno;2011/12;"BUENOS AIRES";6;53720;13580;2065
Centeno;2012/13;"BUENOS AIRES";6;60600;10030;1996
Centeno;2013/14;"BUENOS AIRES";6;87700;23310;1980
Centeno;2014/15;"BUENOS AIRES";6;79200;38010;2088
Centeno;2015/16;"BUENOS AIRES";6;61390;18811;1951
Centeno;2016/17;"BUENOS AIRES";6;62320;32285;2161
Centeno;2017/18;"BUENOS AIRES";6;49560;30128;2218
Centeno;2018/19;"BUENOS AIRES";6;56542;22688;2331
Centeno;2019/20;"BUENOS AIRES";6;75427;19863;1708
Centeno;2020/21;"BUENOS AIRES";6;74142;22314;2177
Centeno;2021/22;"BUENOS AIRES";6;99602;45985;2318
Centeno;2022/23;"BUENOS AIRES";6;118948;71322;2029
Centeno;2023/24;"BUENOS AIRES";6;122732;138691;2472
Centeno;2024/25;"BUENOS AIRES";6;131551;116569;2314
Centeno;2020/21;CATAMARCA;10;250;158;700
Centeno;2021/22;CATAMARCA;10;200;150;798
Centeno;2022/23;CATAMARCA;10;300;220;800
Centeno;2023/24;CATAMARCA;10;300;360;1200
Centeno;2024/25;CATAMARCA;10;300;336;1200
Centeno;2010/11;CORDOBA;14;17450;260;1733
Centeno;2011/12;CORDOBA;14;15100;450;1500
Centeno;2012/13;CORDOBA;14;13600;980;1633
Centeno;2013/14;CORDOBA;14;142460;15470;1433
Centeno;2014/15;CORDOBA;14;108970;9588;2035
Centeno;2015/16;CORDOBA;14;111800;8555;2037
Centeno;2016/17;CORDOBA;14;136000;18245;2552
Centeno;2017/18;CORDOBA;14;110700;20960;2525
Centeno;2018/19;CORDOBA;14;112575;24648;2039
Centeno;2019/20;CORDOBA;14;346301;183144;2366
Centeno;2020/21;CORDOBA;14;347242;72926;1728
Centeno;2021/22;CORDOBA;14;561108;105763;2112
Centeno;2022/23;CORDOBA;14;495184;65514;1729
Centeno;2023/24;CORDOBA;14;506151;28467;1466
Centeno;2024/25;CORDOBA;14;454730;58098;1746
Centeno;2022/23;CORRIENTES;18;490;0;0
Centeno;2023/24;CORRIENTES;18;660;0;0
Centeno;2020/21;"ENTRE RIOS";30;979;0;0
Centeno;2021/22;"ENTRE RIOS";30;655;0;0
Centeno;2022/23;"ENTRE RIOS";30;2840;0;0
Centeno;2023/24;"ENTRE RIOS";30;1140;319;2798
Centeno;2010/11;"LA PAMPA";42;59900;22050;1596
Centeno;2011/12;"LA PAMPA";42;61900;28730;1765
Centeno;2012/13;"LA PAMPA";42;62200;26650;1731
Centeno;2013/14;"LA PAMPA";42;50700;10620;1517
Centeno;2014/15;"LA PAMPA";42;98800;45500;1880
Centeno;2015/16;"LA PAMPA";42;92100;26140;1538
Centeno;2016/17;"LA PAMPA";42;109200;28280;1504
Centeno;2017/18;"LA PAMPA";42;91000;28290;1458
Centeno;2018/19;"LA PAMPA";42;98200;28140;1481
Centeno;2019/20;"LA PAMPA";42;152700;5630;604
Centeno;2020/21;"LA PAMPA";42;151500;27580;1179
Centeno;2021/22;"LA PAMPA";42;158450;49057;1709
Centeno;2022/23;"LA PAMPA";42;130490;35050;1246
Centeno;2023/24;"LA PAMPA";42;185650;34862;1223
Centeno;2024/25;"LA PAMPA";42;177150;27606;1014
Centeno;2020/21;SALTA;66;630;930;1476
Centeno;2021/22;SALTA;66;772;541;701
Centeno;2022/23;SALTA;66;830;662;798
Centeno;2023/24;SALTA;66;4245;3667;864
Centeno;2024/25;SALTA;66;2420;2262;935
Centeno;2010/11;"SAN LUIS";74;24550;1480;1057
Centeno;2011/12;"SAN LUIS";74;25320;350;1400
Centeno;2012/13;"SAN LUIS";74;26450;2040;1200
Centeno;2013/14;"SAN LUIS";74;29420;2730;1138
Centeno;2014/15;"SAN LUIS";74;32200;4300;1075
Centeno;2015/16;"SAN LUIS";74;66400;7170;2020
Centeno;2017/18;"SAN LUIS";74;70750;6720;1792
Centeno;2018/19;"SAN LUIS";74;74600;11090;1305
Centeno;2019/20;"SAN LUIS";74;135300;12065;1213
Centeno;2020/21;"SAN LUIS";74;69400;2995;868
Centeno;2021/22;"SAN LUIS";74;59700;14225;1287
Centeno;2022/23;"SAN LUIS";74;95800;1502;1104
Centeno;2023/24;"SAN LUIS";74;110500;3350;817
Centeno;2024/25;"SAN LUIS";74;150100;5070;780
Centeno;2018/19;"SANTA FE";82;891;0;0
Centeno;2019/20;"SANTA FE";82;2251;499;2198
Centeno;2020/21;"SANTA FE";82;446;0;0
Centeno;2021/22;"SANTA FE";82;2570;0;0
Centeno;2022/23;"SANTA FE";82;11445;624;1686
Centeno;2023/24;"SANTA FE";82;7942;115;2300
Centeno;2024/25;"SANTA FE";82;5844;340;523
Centeno;2017/18;"SANTIAGO DEL ESTERO";86;700;0;0
Centeno;2018/19;"SANTIAGO DEL ESTERO";86;1900;0;0
Centeno;2019/20;"SANTIAGO DEL ESTERO";86;14400;0;0
Centeno;2020/21;"SANTIAGO DEL ESTERO";86;22370;8505;1684
Centeno;2021/22;"SANTIAGO DEL ESTERO";86;35910;9270;1800
Centeno;2022/23;"SANTIAGO DEL ESTERO";86;29600;3740;1336
Centeno;2023/24;"SANTIAGO DEL ESTERO";86;30000;6830;1615
Centeno;2024/25;"SANTIAGO DEL ESTERO";86;34230;4079;784
Centeno;2020/21;TUCUMAN;90;850;537;680
Centeno;2021/22;TUCUMAN;90;770;519;711
Centeno;2022/23;TUCUMAN;90;1040;794;810
Centeno;2023/24;TUCUMAN;90;940;1038;1104
Centeno;2024/25;TUCUMAN;90;890;1008;1133
Colza;2010/11;"BUENOS AIRES";6;9390;17837;1900
Colza;2011/12;"BUENOS AIRES";6;12900;24900;1963
Colza;2012/13;"BUENOS AIRES";6;26840;48780;1872
Colza;2013/14;"BUENOS AIRES";6;31430;67520;2148
Colza;2014/15;"BUENOS AIRES";6;28430;55412;2036
Colza;2015/16;"BUENOS AIRES";6;17655;33534;2034
Colza;2016/17;"BUENOS AIRES";6;13700;29487;2170
Colza;2017/18;"BUENOS AIRES";6;10990;22954;2092
Colza;2018/19;"BUENOS AIRES";6;12075;26837;2249
Colza;2019/20;"BUENOS AIRES";6;11343;24453;2160
Colza;2020/21;"BUENOS AIRES";6;9988;9940;995
Colza;2021/22;"BUENOS AIRES";6;13186;29911;2268
Colza;2022/23;"BUENOS AIRES";6;10558;12338;1362
Colza;2023/24;"BUENOS AIRES";6;11122;21511;1939
Colza;2024/25;"BUENOS AIRES";6;10212;22573;2217
Colza;2024/25;CATAMARCA;10;250;259;1100
Colza;2024/25;CHACO;22;66;73;1100
Colza;2010/11;CORDOBA;14;700;1284;1874
Colza;2011/12;CORDOBA;14;2760;3650;1357
Colza;2012/13;CORDOBA;14;6400;10450;1742
Colza;2013/14;CORDOBA;14;5600;3250;823
Colza;2014/15;CORDOBA;14;1500;2202;1483
Colza;2015/16;CORDOBA;14;3120;5314;1771
Colza;2016/17;CORDOBA;14;1960;3543;1808
Colza;2017/18;CORDOBA;14;200;400;2000
Colza;2018/19;CORDOBA;14;439;710;1617
Colza;2019/20;CORDOBA;14;239;430;1800
Colza;2020/21;CORDOBA;14;318;315;990
Colza;2021/22;CORDOBA;14;1304;2231;1711
Colza;2022/23;CORDOBA;14;1254;1811;1444
Colza;2023/24;CORDOBA;14;371;510;1375
Colza;2024/25;CORDOBA;14;2517;3061;1321
Colza;2010/11;"ENTRE RIOS";30;2330;3675;1810
Colza;2011/12;"ENTRE RIOS";30;13800;20970;1565
Colza;2012/13;"ENTRE RIOS";30;42000;40930;1067
Colza;2013/14;"ENTRE RIOS";30;26500;29850;1157
Colza;2014/15;"ENTRE RIOS";30;15700;22235;1416
Colza;2015/16;"ENTRE RIOS";30;10100;15265;1610
Colza;2016/17;"ENTRE RIOS";30;5380;9450;1757
Colza;2017/18;"ENTRE RIOS";30;5850;9755;1697
Colza;2018/19;"ENTRE RIOS";30;4900;9282;1894
Colza;2019/20;"ENTRE RIOS";30;5000;7630;1526
Colza;2020/21;"ENTRE RIOS";30;8160;6998;998
Colza;2021/22;"ENTRE RIOS";30;10920;19680;1802
Colza;2022/23;"ENTRE RIOS";30;12550;24850;1980
Colza;2023/24;"ENTRE RIOS";30;18890;20728;1097
Colza;2024/25;"ENTRE RIOS";30;15100;24010;1590
Colza;2011/12;"LA PAMPA";42;480;860;1792
Colza;2012/13;"LA PAMPA";42;3900;8040;2062
Colza;2013/14;"LA PAMPA";42;3300;4720;1430
Colza;2023/24;SALTA;66;430;387;900
Colza;2024/25;SALTA;66;635;609;959
Colza;2011/12;"SAN LUIS";74;60;90;1500
Colza;2012/13;"SAN LUIS";74;550;750;1364
Colza;2013/14;"SAN LUIS";74;375;450;1200
Colza;2014/15;"SAN LUIS";74;205;240;1171
Colza;2015/16;"SAN LUIS";74;80;130;1625
Colza;2010/11;"SANTA FE";82;300;540;1800
Colza;2011/12;"SANTA FE";82;200;150;1000
Colza;2012/13;"SANTA FE";82;13000;19370;1525
Colza;2013/14;"SANTA FE";82;4450;6110;1373
Colza;2014/15;"SANTA FE";82;10000;24760;2476
Colza;2015/16;"SANTA FE";82;6360;13138;2066
Colza;2016/17;"SANTA FE";82;4000;7360;1840
Colza;2017/18;"SANTA FE";82;1300;2340;1800
Colza;2018/19;"SANTA FE";82;1300;2860;2200
Colza;2020/21;"SANTA FE";82;620;615;992
Colza;2021/22;"SANTA FE";82;425;1093;2572
Colza;2023/24;"SANTA FE";82;664;976;1470
Colza;2024/25;"SANTA FE";82;4647;6354;1367
Colza;2023/24;"SANTIAGO DEL ESTERO";86;1500;1050;1050
Colza;2024/25;"SANTIAGO DEL ESTERO";86;1500;1199;832
Colza;2024/25;TUCUMAN;90;220;242;1100
Garbanzo;2018/19;"BUENOS AIRES";6;509;1619;3181
Garbanzo;2019/20;"BUENOS AIRES";6;400;1040;2600
Garbanzo;2020/21;"BUENOS AIRES";6;723;1823;2521
Garbanzo;2021/22;"BUENOS AIRES";6;592;1630;2753
Garbanzo;2022/23;"BUENOS AIRES";6;320;103;572
Garbanzo;2023/24;"BUENOS AIRES";6;414;758;1831
Garbanzo;2024/25;"BUENOS AIRES";6;578;1043;1886
Garbanzo;2018/19;CATAMARCA;10;1800;560;700
Garbanzo;2019/20;CATAMARCA;10;2500;2519;1100
Garbanzo;2020/21;CATAMARCA;10;2100;1400;800
Garbanzo;2021/22;CATAMARCA;10;1800;1280;800
Garbanzo;2022/23;CATAMARCA;10;2350;2079;900
Garbanzo;2023/24;CATAMARCA;10;1900;2002;1100
Garbanzo;2024/25;CATAMARCA;10;3070;2958;1000
Garbanzo;2018/19;CHACO;22;3000;4200;1400
Garbanzo;2019/20;CHACO;22;2500;3220;1288
Garbanzo;2020/21;CHACO;22;1100;629;599
Garbanzo;2021/22;CHACO;22;750;680;907
Garbanzo;2022/23;CHACO;22;2030;1580;778
Garbanzo;2023/24;CHACO;22;540;393;833
Garbanzo;2024/25;CHACO;22;720;1006;1397
Garbanzo;2018/19;CORDOBA;14;93020;148710;1599
Garbanzo;2019/20;CORDOBA;14;38894;75980;1954
Garbanzo;2020/21;CORDOBA;14;20118;29006;1451
Garbanzo;2021/22;CORDOBA;14;23432;46306;1992
Garbanzo;2022/23;CORDOBA;14;10250;15725;2017
Garbanzo;2023/24;CORDOBA;14;20285;23780;1209
Garbanzo;2024/25;CORDOBA;14;46803;85235;1821
Garbanzo;2019/20;"ENTRE RIOS";30;410;684;1668
Garbanzo;2024/25;FORMOSA;34;150;180;1200
Garbanzo;2024/25;JUJUY;38;120;120;1000
Garbanzo;2018/19;SALTA;66;30445;19011;710
Garbanzo;2019/20;SALTA;66;30445;35414;1163
Garbanzo;2020/21;SALTA;66;36195;31173;861
Garbanzo;2021/22;SALTA;66;29466;16237;589
Garbanzo;2022/23;SALTA;66;30117;20709;688
Garbanzo;2023/24;SALTA;66;56659;40603;719
Garbanzo;2024/25;SALTA;66;59675;65697;1101
Garbanzo;2018/19;"SAN LUIS";74;100;300;3000
Garbanzo;2019/20;"SAN LUIS";74;670;1709;2550
Garbanzo;2020/21;"SAN LUIS";74;450;630;1400
Garbanzo;2021/22;"SAN LUIS";74;2500;3500;1400
Garbanzo;2022/23;"SAN LUIS";74;400;560;1400
Garbanzo;2024/25;"SAN LUIS";74;400;640;1600
Garbanzo;2024/25;"SANTA FE";82;1000;1300;1300
Garbanzo;2018/19;"SANTIAGO DEL ESTERO";86;6000;10500;1750
Garbanzo;2019/20;"SANTIAGO DEL ESTERO";86;21680;39688;1831
Garbanzo;2020/21;"SANTIAGO DEL ESTERO";86;7650;12615;1752
Garbanzo;2021/22;"SANTIAGO DEL ESTERO";86;14850;24766;1745
Garbanzo;2022/23;"SANTIAGO DEL ESTERO";86;15800;15760;1246
Garbanzo;2023/24;"SANTIAGO DEL ESTERO";86;19200;34720;1808
Garbanzo;2024/25;"SANTIAGO DEL ESTERO";86;23230;19326;938
Garbanzo;2018/19;TUCUMAN;90;16700;4960;670
Garbanzo;2019/20;TUCUMAN;90;15600;16807;1101
Garbanzo;2020/21;TUCUMAN;90;12900;7433;670
Garbanzo;2021/22;TUCUMAN;90;12300;7700;701
Garbanzo;2022/23;TUCUMAN;90;12350;9418;842
Garbanzo;2023/24;TUCUMAN;90;13400;14728;1134
Garbanzo;2024/25;TUCUMAN;90;15750;16132;1053
Girasol;2010/11;"BUENOS AIRES";6;954150;2220315;2332
Girasol;2011/12;"BUENOS AIRES";6;958770;1798510;1893
Girasol;2012/13;"BUENOS AIRES";6;692881;1548130;2277
Girasol;2013/14;"BUENOS AIRES";6;652390;1162710;1874
Girasol;2014/15;"BUENOS AIRES";6;835150;1967665;2367
Girasol;2015/16;"BUENOS AIRES";6;745541;1729277;2347
Girasol;2016/17;"BUENOS AIRES";6;868960;1885178;2206
Girasol;2017/18;"BUENOS AIRES";6;824048;1814350;2247
Girasol;2018/19;"BUENOS AIRES";6;813310;1698696;2139
Girasol;2019/20;"BUENOS AIRES";6;704915;1467058;2128
Girasol;2020/21;"BUENOS AIRES";6;990804;2071374;2093
Girasol;2021/22;"BUENOS AIRES";6;1131896;2308979;2044
Girasol;2022/23;"BUENOS AIRES";6;1266672;2914958;2304
Girasol;2023/24;"BUENOS AIRES";6;1050314;2353308;2245
Girasol;2024/25;"BUENOS AIRES";6;1173852;2774332;2385
Girasol;2020/21;CATAMARCA;10;30;96;3200
Girasol;2021/22;CATAMARCA;10;50;160;3200
Girasol;2022/23;CATAMARCA;10;50;100;2000
Girasol;2023/24;CATAMARCA;10;50;105;2100
Girasol;2024/25;CATAMARCA;10;100;250;2500
Girasol;2010/11;CHACO;22;181200;366010;2033
Girasol;2011/12;CHACO;22;238200;414450;1865
Girasol;2012/13;CHACO;22;381100;549360;1495
Girasol;2013/14;CHACO;22;156980;157910;1040
Girasol;2014/15;CHACO;22;152725;272545;1836
Girasol;2015/16;CHACO;22;304087;504086;1697
Girasol;2016/17;CHACO;22;491800;711027;1488
Girasol;2017/18;CHACO;22;408848;688609;1709
Girasol;2018/19;CHACO;22;434254;706258;1705
Girasol;2019/20;CHACO;22;249741;452410;1824
Girasol;2020/21;CHACO;22;98597;120774;1278
Girasol;2021/22;CHACO;22;178500;311393;1775
Girasol;2022/23;CHACO;22;194025;306690;1628
Girasol;2023/24;CHACO;22;150270;221561;1542
Girasol;2024/25;CHACO;22;148150;316576;2153
Girasol;2010/11;CORDOBA;14;43200;85180;1972
Girasol;2011/12;CORDOBA;14;41300;79270;1938
Girasol;2012/13;CORDOBA;14;40700;82880;2073
Girasol;2013/14;CORDOBA;14;25750;44750;1799
Girasol;2014/15;CORDOBA;14;30800;60335;2178
Girasol;2015/16;CORDOBA;14;20070;36944;1979
Girasol;2016/17;CORDOBA;14;18470;45756;2696
Girasol;2017/18;CORDOBA;14;12700;26740;2139
Girasol;2018/19;CORDOBA;14;37247;76471;2194
Girasol;2019/20;CORDOBA;14;35131;78583;2323
Girasol;2020/21;CORDOBA;14;63744;141625;2240
Girasol;2021/22;CORDOBA;14;95937;202500;2131
Girasol;2022/23;CORDOBA;14;152179;301992;1995
Girasol;2023/24;CORDOBA;14;130430;314106;2425
Girasol;2024/25;CORDOBA;14;277203;693727;2504
Girasol;2010/11;CORRIENTES;18;1620;2583;1656
Girasol;2020/21;CORRIENTES;18;400;440;1100
Girasol;2021/22;CORRIENTES;18;400;440;1100
Girasol;2022/23;CORRIENTES;18;700;980;1400
Girasol;2023/24;CORRIENTES;18;700;2100;3000
Girasol;2024/25;CORRIENTES;18;1820;3458;1900
Girasol;2010/11;"ENTRE RIOS";30;17500;33505;1915
Girasol;2011/12;"ENTRE RIOS";30;8600;16330;1899
Girasol;2012/13;"ENTRE RIOS";30;8000;11270;1409
Girasol;2013/14;"ENTRE RIOS";30;6950;9510;1452
Girasol;2014/15;"ENTRE RIOS";30;3560;6778;1904
Girasol;2015/16;"ENTRE RIOS";30;2800;6100;2179
Girasol;2016/17;"ENTRE RIOS";30;4515;9431;2124
Girasol;2017/18;"ENTRE RIOS";30;7900;15580;1972
Girasol;2018/19;"ENTRE RIOS";30;7800;16835;2158
Girasol;2019/20;"ENTRE RIOS";30;2950;6366;2218
Girasol;2020/21;"ENTRE RIOS";30;8325;16474;1979
Girasol;2021/22;"ENTRE RIOS";30;13600;24793;1847
Girasol;2022/23;"ENTRE RIOS";30;20090;29033;1478
Girasol;2023/24;"ENTRE RIOS";30;9850;18075;1835
Girasol;2024/25;"ENTRE RIOS";30;27320;60392;2211
Girasol;2010/11;FORMOSA;34;3500;3600;1029
Girasol;2014/15;FORMOSA;34;7620;12032;1600
Girasol;2016/17;FORMOSA;34;6500;11700;1800
Girasol;2017/18;FORMOSA;34;10000;15300;1800
Girasol;2019/20;FORMOSA;34;3000;5400;1800
Girasol;2020/21;FORMOSA;34;900;1458;1620
Girasol;2021/22;FORMOSA;34;1050;1890;1800
Girasol;2022/23;FORMOSA;34;1500;2250;1500
Girasol;2023/24;FORMOSA;34;2020;3062;1516
Girasol;2024/25;FORMOSA;34;2860;6578;2300
Girasol;2010/11;"LA PAMPA";42;318600;558130;1805
Girasol;2011/12;"LA PAMPA";42;360100;627810;1758
Girasol;2012/13;"LA PAMPA";42;286600;531090;1877
Girasol;2013/14;"LA PAMPA";42;279400;390570;1463
Girasol;2014/15;"LA PAMPA";42;256600;551050;2185
Girasol;2015/16;"LA PAMPA";42;230000;471240;2085
Girasol;2016/17;"LA PAMPA";42;212300;447340;2135
Girasol;2017/18;"LA PAMPA";42;177900;439230;2501
Girasol;2018/19;"LA PAMPA";42;157500;354230;2275
Girasol;2019/20;"LA PAMPA";42;113450;240730;2145
Girasol;2020/21;"LA PAMPA";42;154080;340529;2247
Girasol;2021/22;"LA PAMPA";42;208914;494445;2413
Girasol;2022/23;"LA PAMPA";42;281900;623790;2238
Girasol;2023/24;"LA PAMPA";42;226500;508890;2290
Girasol;2024/25;"LA PAMPA";42;290900;711187;2475
Girasol;2019/20;SALTA;66;625;1327;2123
Girasol;2020/21;SALTA;66;1365;2208;1618
Girasol;2021/22;SALTA;66;1690;2060;1219
Girasol;2022/23;SALTA;66;1470;1813;1233
Girasol;2023/24;SALTA;66;709;959;1353
Girasol;2024/25;SALTA;66;459;494;1075
Girasol;2010/11;"SAN LUIS";74;30900;53160;1720
Girasol;2011/12;"SAN LUIS";74;32550;54970;1689
Girasol;2012/13;"SAN LUIS";74;29290;49750;1699
Girasol;2013/14;"SAN LUIS";74;25600;45680;1784
Girasol;2014/15;"SAN LUIS";74;14300;32550;2276
Girasol;2015/16;"SAN LUIS";74;10000;24950;2495
Girasol;2016/17;"SAN LUIS";74;8450;18515;2191
Girasol;2017/18;"SAN LUIS";74;7900;16110;2039
Girasol;2018/19;"SAN LUIS";74;11400;22790;1999
Girasol;2019/20;"SAN LUIS";74;15700;27750;1862
Girasol;2020/21;"SAN LUIS";74;47600;79710;1691
Girasol;2021/22;"SAN LUIS";74;83700;153625;1835
Girasol;2022/23;"SAN LUIS";74;97100;165110;1708
Girasol;2023/24;"SAN LUIS";74;64350;115140;1789
Girasol;2024/25;"SAN LUIS";74;111000;200290;1804
Girasol;2010/11;"SANTA FE";82;173875;293815;1719
Girasol;2011/12;"SANTA FE";82;182000;301570;1657
Girasol;2012/13;"SANTA FE";82;182500;294390;1660
Girasol;2013/14;"SANTA FE";82;158000;244820;1557
Girasol;2014/15;"SANTA FE";82;152100;237725;1650
Girasol;2015/16;"SANTA FE";82;116950;217470;1860
Girasol;2016/17;"SANTA FE";82;204800;346230;1775
Girasol;2017/18;"SANTA FE";82;229600;474156;2065
Girasol;2018/19;"SANTA FE";82;266884;432659;1765
Girasol;2019/20;"SANTA FE";82;210800;426328;2049
Girasol;2020/21;"SANTA FE";82;232400;417930;1798
Girasol;2021/22;"SANTA FE";82;226370;504746;2230
Girasol;2022/23;"SANTA FE";82;388015;601203;1549
Girasol;2023/24;"SANTA FE";82;210300;336140;1609
Girasol;2024/25;"SANTA FE";82;341647;751490;2203
Girasol;2010/11;"SANTIAGO DEL ESTERO";86;34000;55450;1631
Girasol;2011/12;"SANTIAGO DEL ESTERO";86;29700;47610;1603
Girasol;2012/13;"SANTIAGO DEL ESTERO";86;36000;37550;1064
Girasol;2013/14;"SANTIAGO DEL ESTERO";86;8125;7460;918
Girasol;2014/15;"SANTIAGO DEL ESTERO";86;12000;17610;1640
Girasol;2015/16;"SANTIAGO DEL ESTERO";86;5700;10300;1807
Girasol;2016/17;"SANTIAGO DEL ESTERO";86;45800;71530;1562
Girasol;2017/18;"SANTIAGO DEL ESTERO";86;25400;47470;1869
Girasol;2018/19;"SANTIAGO DEL ESTERO";86;97670;222218;2277
Girasol;2019/20;"SANTIAGO DEL ESTERO";86;68454;151461;2213
Girasol;2020/21;"SANTIAGO DEL ESTERO";86;38540;54443;1413
Girasol;2021/22;"SANTIAGO DEL ESTERO";86;26700;45026;1686
Girasol;2022/23;"SANTIAGO DEL ESTERO";86;61370;70695;1152
Girasol;2023/24;"SANTIAGO DEL ESTERO";86;12360;21457;1736
Girasol;2024/25;"SANTIAGO DEL ESTERO";86;37520;73052;1959
Girasol;2020/21;TUCUMAN;90;100;305;3050
Girasol;2021/22;TUCUMAN;90;100;305;3050
Girasol;2022/23;TUCUMAN;90;130;260;2000
Girasol;2023/24;TUCUMAN;90;110;253;2300
Girasol;2024/25;TUCUMAN;90;250;625;2500
Lenteja;2018/19;"BUENOS AIRES";6;1632;2252;1380
Lenteja;2019/20;"BUENOS AIRES";6;4743;5567;1174
Lenteja;2020/21;"BUENOS AIRES";6;3082;4200;1363
Lenteja;2021/22;"BUENOS AIRES";6;11796;16068;1362
Lenteja;2022/23;"BUENOS AIRES";6;4381;930;676
Lenteja;2023/24;"BUENOS AIRES";6;6520;5010;780
Lenteja;2024/25;"BUENOS AIRES";6;6084;8140;1338
Lenteja;2019/20;CORDOBA;14;200;220;1100
Lenteja;2020/21;CORDOBA;14;235;345;1468
Lenteja;2021/22;CORDOBA;14;270;425;1574
Lenteja;2022/23;CORDOBA;14;595;881;1480
Lenteja;2023/24;CORDOBA;14;595;634;1066
Lenteja;2024/25;CORDOBA;14;595;805;1353
Lenteja;2020/21;"ENTRE RIOS";30;170;204;1200
Lenteja;2021/22;"ENTRE RIOS";30;150;225;1500
Lenteja;2022/23;"ENTRE RIOS";30;250;375;1500
Lenteja;2023/24;"ENTRE RIOS";30;150;225;1500
Lenteja;2024/25;"ENTRE RIOS";30;150;180;1200
Lenteja;2019/20;SALTA;66;1350;2025;1500
Lenteja;2020/21;SALTA;66;1520;1038;683
Lenteja;2021/22;SALTA;66;795;485;610
Lenteja;2022/23;SALTA;66;325;228;700
Lenteja;2023/24;SALTA;66;445;326;733
Lenteja;2024/25;SALTA;66;698;456;653
Lenteja;2018/19;"SANTA FE";82;38300;17000;500
Lenteja;2019/20;"SANTA FE";82;26613;26664;1002
Lenteja;2020/21;"SANTA FE";82;27200;14420;622
Lenteja;2021/22;"SANTA FE";82;27445;55115;2008
Lenteja;2022/23;"SANTA FE";82;17230;3588;311
Lenteja;2023/24;"SANTA FE";82;8360;10088;1207
Lenteja;2024/25;"SANTA FE";82;24000;21240;885
Lenteja;2020/21;"SANTIAGO DEL ESTERO";86;70;0;0
Lenteja;2022/23;TUCUMAN;90;350;245;700
Lino;2019/20;"BUENOS AIRES";6;600;720;1200
Lino;2021/22;"BUENOS AIRES";6;283;557;1967
Lino;2022/23;"BUENOS AIRES";6;485;343;709
Lino;2023/24;"BUENOS AIRES";6;100;85;850
Lino;2024/25;"BUENOS AIRES";6;100;85;850
Lino;2018/19;CORDOBA;14;346;865;2500
Lino;2019/20;CORDOBA;14;346;865;2500
Lino;2020/21;CORDOBA;14;346;865;2500
Lino;2021/22;CORDOBA;14;200;360;1800
Lino;2022/23;CORDOBA;14;210;270;1286
Lino;2023/24;CORDOBA;14;285;402;1411
Lino;2024/25;CORDOBA;14;535;732;1368
Lino;2010/11;"ENTRE RIOS";30;25200;31790;1262
Lino;2011/12;"ENTRE RIOS";30;16600;21370;1287
Lino;2012/13;"ENTRE RIOS";30;14600;17070;1169
Lino;2013/14;"ENTRE RIOS";30;18200;20430;1141
Lino;2014/15;"ENTRE RIOS";30;15100;17255;1174
Lino;2015/16;"ENTRE RIOS";30;17000;20085;1181
Lino;2016/17;"ENTRE RIOS";30;13000;16610;1278
Lino;2017/18;"ENTRE RIOS";30;12400;13575;1095
Lino;2018/19;"ENTRE RIOS";30;13900;18650;1342
Lino;2019/20;"ENTRE RIOS";30;8100;8365;1033
Lino;2020/21;"ENTRE RIOS";30;13900;18650;1342
Lino;2021/22;"ENTRE RIOS";30;10550;11385;1079
Lino;2022/23;"ENTRE RIOS";30;16450;29885;1817
Lino;2023/24;"ENTRE RIOS";30;21980;24466;1113
Lino;2024/25;"ENTRE RIOS";30;8300;7960;959
Lino;2023/24;SALTA;66;90;45;500
Lino;2010/11;"SANTA FE";82;550;380;950
Lino;2011/12;"SANTA FE";82;30;20;667
Lino;2021/22;"SANTA FE";82;28;56;2000
Maíz;2010/11;"BUENOS AIRES";6;1428106;8514650;7058
Maíz;2011/12;"BUENOS AIRES";6;1588295;7629560;6337
Maíz;2012/13;"BUENOS AIRES";6;1606583;9790376;8010
Maíz;2013/14;"BUENOS AIRES";6;1476460;7191890;6954
Maíz;2014/15;"BUENOS AIRES";6;1561280;8893434;7983
Maíz;2015/16;"BUENOS AIRES";6;1787008;10147679;8271
Maíz;2016/17;"BUENOS AIRES";6;2308200;12955509;8397
Maíz;2017/18;"BUENOS AIRES";6;2452881;12770903;6619
Maíz;2018/19;"BUENOS AIRES";6;2418940;16770895;8756
Maíz;2019/20;"BUENOS AIRES";6;2472520;15595357;8109
Maíz;2020/21;"BUENOS AIRES";6;2713158;16045316;7449
Maíz;2021/22;"BUENOS AIRES";6;2950705;16161683;7082
Maíz;2022/23;"BUENOS AIRES";6;2928935;11954847;5477
Maíz;2023/24;"BUENOS AIRES";6;3090580;17859488;7384
Maíz;2024/25;"BUENOS AIRES";6;3130724;17196315;7162
Maíz;2010/11;CATAMARCA;10;10000;41410;5176
Maíz;2011/12;CATAMARCA;10;10000;40800;6000
Maíz;2012/13;CATAMARCA;10;2600;6085;4316
Maíz;2013/14;CATAMARCA;10;3600;18620;6974
Maíz;2014/15;CATAMARCA;10;8700;48960;6358
Maíz;2015/16;CATAMARCA;10;12400;93192;7740
Maíz;2016/17;CATAMARCA;10;9300;50050;6458
Maíz;2017/18;CATAMARCA;10;13350;84600;6709
Maíz;2018/19;CATAMARCA;10;20060;142670;7485
Maíz;2019/20;CATAMARCA;10;16200;91326;6109
Maíz;2020/21;CATAMARCA;10;18400;124880;7260
Maíz;2021/22;CATAMARCA;10;18800;103580;6015
Maíz;2022/23;CATAMARCA;10;18200;93933;5532
Maíz;2023/24;CATAMARCA;10;19400;29460;1979
Maíz;2024/25;CATAMARCA;10;8450;36988;4945
Maíz;2010/11;CHACO;22;132800;482560;4227
Maíz;2011/12;CHACO;22;135900;165160;2960
Maíz;2012/13;CHACO;22;149350;218650;2370
Maíz;2013/14;CHACO;22;213350;1079910;5571
Maíz;2014/15;CHACO;22;128890;577060;5331
Maíz;2015/16;CHACO;22;235710;1186959;5558
Maíz;2016/17;CHACO;22;325500;1999884;6513
Maíz;2017/18;CHACO;22;344980;1604355;5049
Maíz;2018/19;CHACO;22;281867;1188223;5250
Maíz;2019/20;CHACO;22;279602;1306732;5751
Maíz;2020/21;CHACO;22;228250;892515;4690
Maíz;2021/22;CHACO;22;306400;1200739;4601
Maíz;2022/23;CHACO;22;300510;794349;3261
Maíz;2023/24;CHACO;22;287400;244280;1798
Maíz;2024/25;CHACO;22;236600;226844;1890
Maíz;2010/11;CORDOBA;14;1142900;5925310;6163
Maíz;2011/12;CORDOBA;14;1272000;4794540;5536
Maíz;2012/13;CORDOBA;14;1907350;10789190;6814
Maíz;2013/14;CORDOBA;14;1917500;11839850;7060
Maíz;2014/15;CORDOBA;14;1879800;11667100;7502
Maíz;2015/16;CORDOBA;14;1935970;12255535;7657
Maíz;2016/17;CORDOBA;14;2614910;16170280;7649
Maíz;2017/18;CORDOBA;14;2804452;13277346;6203
Maíz;2018/19;CORDOBA;14;2827930;18996476;8024
Maíz;2019/20;CORDOBA;14;2924573;19196764;7781
Maíz;2020/21;CORDOBA;14;3008944;21690343;8288
Maíz;2021/22;CORDOBA;14;3147820;20459566;7505
Maíz;2022/23;CORDOBA;14;3064224;13521922;5359
Maíz;2023/24;CORDOBA;14;3188920;20613843;7294
Maíz;2024/25;CORDOBA;14;2563297;17971562;7963
Maíz;2010/11;CORRIENTES;18;12307;29540;2610
Maíz;2011/12;CORRIENTES;18;12000;36000;3000
Maíz;2012/13;CORRIENTES;18;12000;21000;3500
Maíz;2013/14;CORRIENTES;18;14455;43365;3000
Maíz;2014/15;CORRIENTES;18;13000;28000;4000
Maíz;2015/16;CORRIENTES;18;13000;50000;5000
Maíz;2016/17;CORRIENTES;18;14000;34020;4860
Maíz;2017/18;CORRIENTES;18;10000;40000;4000
Maíz;2018/19;CORRIENTES;18;10990;62313;6300
Maíz;2019/20;CORRIENTES;18;12099;69301;6300
Maíz;2020/21;CORRIENTES;18;11000;60500;5500
Maíz;2021/22;CORRIENTES;18;11000;49500;4500
Maíz;2022/23;CORRIENTES;18;11000;31275;4500
Maíz;2023/24;CORRIENTES;18;11000;44000;4000
Maíz;2024/25;CORRIENTES;18;9590;55380;6500
Maíz;2010/11;"ENTRE RIOS";30;191300;937640;5334
Maíz;2011/12;"ENTRE RIOS";30;217700;1169460;5841
Maíz;2012/13;"ENTRE RIOS";30;248500;1663060;7020
Maíz;2013/14;"ENTRE RIOS";30;268200;1403880;5466
Maíz;2014/15;"ENTRE RIOS";30;239200;1540300;7033
Maíz;2015/16;"ENTRE RIOS";30;257900;1562611;6799
Maíz;2016/17;"ENTRE RIOS";30;382500;2298225;6735
Maíz;2017/18;"ENTRE RIOS";30;415000;1723710;4780
Maíz;2018/19;"ENTRE RIOS";30;437000;2763953;7449
Maíz;2019/20;"ENTRE RIOS";30;488300;2872233;6816
Maíz;2020/21;"ENTRE RIOS";30;445700;2152710;5013
Maíz;2021/22;"ENTRE RIOS";30;517100;1865620;3762
Maíz;2022/23;"ENTRE RIOS";30;489280;818365;2482
Maíz;2023/24;"ENTRE RIOS";30;568200;2566155;5729
Maíz;2024/25;"ENTRE RIOS";30;359700;2254760;6603
Maíz;2010/11;FORMOSA;34;10000;41400;4140
Maíz;2011/12;FORMOSA;34;10000;30000;3000
Maíz;2012/13;FORMOSA;34;10000;17500;3500
Maíz;2013/14;FORMOSA;34;8000;24000;3000
Maíz;2014/15;FORMOSA;34;34000;76000;4000
Maíz;2015/16;FORMOSA;34;35000;135000;5000
Maíz;2016/17;FORMOSA;34;40000;153000;4500
Maíz;2017/18;FORMOSA;34;70000;298549;4300
Maíz;2018/19;FORMOSA;34;69000;119475;4500
Maíz;2019/20;FORMOSA;34;45000;61650;4500
Maíz;2020/21;FORMOSA;34;38000;66000;5000
Maíz;2021/22;FORMOSA;34;40444;39523;3607
Maíz;2022/23;FORMOSA;34;44100;60143;3700
Maíz;2023/24;FORMOSA;34;46062;45785;2460
Maíz;2024/25;FORMOSA;34;37060;45674;3800
Maíz;2010/11;JUJUY;38;5010;23150;5133
Maíz;2011/12;JUJUY;38;5010;26200;5230
Maíz;2012/13;JUJUY;38;5010;8740;1745
Maíz;2013/14;JUJUY;38;7850;42300;5739
Maíz;2014/15;JUJUY;38;6630;36190;5904
Maíz;2015/16;JUJUY;38;6630;27864;4300
Maíz;2016/17;JUJUY;38;5244;15012;3000
Maíz;2017/18;JUJUY;38;5240;18680;4000
Maíz;2018/19;JUJUY;38;5244;18720;5000
Maíz;2019/20;JUJUY;38;5244;28464;6000
Maíz;2020/21;JUJUY;38;7551;39265;6500
Maíz;2021/22;JUJUY;38;9612;25487;3788
Maíz;2022/23;JUJUY;38;11010;35230;4000
Maíz;2023/24;JUJUY;38;13388;50160;4300
Maíz;2024/25;JUJUY;38;7598;26412;4000
Maíz;2010/11;"LA PAMPA";42;374700;520710;4379
Maíz;2011/12;"LA PAMPA";42;309500;461120;4266
Maíz;2012/13;"LA PAMPA";42;271500;473700;4159
Maíz;2013/14;"LA PAMPA";42;423000;795830;5660
Maíz;2014/15;"LA PAMPA";42;370400;862700;6516
Maíz;2015/16;"LA PAMPA";42;614900;2148470;7199
Maíz;2016/17;"LA PAMPA";42;479000;1096620;6455
Maíz;2017/18;"LA PAMPA";42;458400;1331562;5925
Maíz;2018/19;"LA PAMPA";42;487250;1978798;7956
Maíz;2019/20;"LA PAMPA";42;529500;2364777;8131
Maíz;2020/21;"LA PAMPA";42;588900;2537318;6762
Maíz;2021/22;"LA PAMPA";42;718500;3698601;7150
Maíz;2022/23;"LA PAMPA";42;680400;3088464;6513
Maíz;2023/24;"LA PAMPA";42;779100;3760630;6724
Maíz;2024/25;"LA PAMPA";42;706000;2831135;6247
Maíz;2010/11;MISIONES;54;34440;76260;2294
Maíz;2011/12;MISIONES;54;35200;10047;699
Maíz;2012/13;MISIONES;54;35200;78170;2274
Maíz;2013/14;MISIONES;54;30820;88830;2982
Maíz;2014/15;MISIONES;54;30820;86390;2999
Maíz;2015/16;MISIONES;54;23520;65799;2965
Maíz;2016/17;MISIONES;54;27040;78724;3035
Maíz;2017/18;MISIONES;54;28060;87016;3242
Maíz;2018/19;MISIONES;54;31400;151809;4997
Maíz;2019/20;MISIONES;54;31150;149809;4972
Maíz;2020/21;MISIONES;54;31150;33676;4210
Maíz;2021/22;MISIONES;54;29191;52640;3500
Maíz;2022/23;MISIONES;54;34304;115186;4000
Maíz;2023/24;MISIONES;54;36500;96884;3160
Maíz;2024/25;MISIONES;54;31510;133317;5000
Maíz;2010/11;SALTA;66;148185;754520;5540
Maíz;2011/12;SALTA;66;156025;788310;5052
Maíz;2012/13;SALTA;66;161955;144650;1675
Maíz;2013/14;SALTA;66;188020;957210;5694
Maíz;2014/15;SALTA;66;252910;1337020;5991
Maíz;2015/16;SALTA;66;313750;1655739;5662
Maíz;2016/17;SALTA;66;262150;1521555;6519
Maíz;2017/18;SALTA;66;273200;1508597;5984
Maíz;2018/19;SALTA;66;287333;1827097;6863
Maíz;2019/20;SALTA;66;303655;1878683;6691
Maíz;2020/21;SALTA;66;309437;1929840;6807
Maíz;2021/22;SALTA;66;322160;1886963;6339
Maíz;2022/23;SALTA;66;378550;2028790;5731
Maíz;2023/24;SALTA;66;409000;1614972;4347
Maíz;2024/25;SALTA;66;284391;1570901;6137
Maíz;2010/11;"SAN LUIS";74;140000;618610;5321
Maíz;2011/12;"SAN LUIS";74;155000;485590;4114
Maíz;2012/13;"SAN LUIS";74;348480;1437600;4439
Maíz;2013/14;"SAN LUIS";74;209950;848760;5550
Maíz;2014/15;"SAN LUIS";74;281000;1600020;6135
Maíz;2015/16;"SAN LUIS";74;300300;1812937;6634
Maíz;2016/17;"SAN LUIS";74;377800;2500970;7102
Maíz;2017/18;"SAN LUIS";74;378050;1382626;4150
Maíz;2018/19;"SAN LUIS";74;399800;1879100;5392
Maíz;2019/20;"SAN LUIS";74;375500;1327270;4039
Maíz;2020/21;"SAN LUIS";74;405900;2254390;6195
Maíz;2021/22;"SAN LUIS";74;440100;1877200;4890
Maíz;2022/23;"SAN LUIS";74;400700;1153995;3540
Maíz;2023/24;"SAN LUIS";74;497800;2024685;4538
Maíz;2024/25;"SAN LUIS";74;463850;2243830;5271
Maíz;2010/11;"SANTA FE";82;567423;3656820;7491
Maíz;2011/12;"SANTA FE";82;648400;3830970;6926
Maíz;2012/13;"SANTA FE";82;699200;5463970;8735
Maíz;2013/14;"SANTA FE";82;541900;3708460;7740
Maíz;2014/15;"SANTA FE";82;685850;4370455;8428
Maíz;2015/16;"SANTA FE";82;629170;3942387;8275
Maíz;2016/17;"SANTA FE";82;890800;5802581;8142
Maíz;2017/18;"SANTA FE";82;1074413;5179679;6850
Maíz;2018/19;"SANTA FE";82;923800;5910470;9078
Maíz;2019/20;"SANTA FE";82;1120960;7370856;8452
Maíz;2020/21;"SANTA FE";82;1097830;7122440;7878
Maíz;2021/22;"SANTA FE";82;1289094;5774668;6179
Maíz;2022/23;"SANTA FE";82;1261512;2777749;3572
Maíz;2023/24;"SANTA FE";82;1239380;6755795;7938
Maíz;2024/25;"SANTA FE";82;781643;5219638;8192
Maíz;2010/11;"SANTIAGO DEL ESTERO";86;303000;1747630;5768
Maíz;2011/12;"SANTIAGO DEL ESTERO";86;395000;1561380;4586
Maíz;2012/13;"SANTIAGO DEL ESTERO";86;616500;1699670;3592
Maíz;2013/14;"SANTIAGO DEL ESTERO";86;728430;4634110;7622
Maíz;2014/15;"SANTIAGO DEL ESTERO";86;490200;2407550;6371
Maíz;2015/16;"SANTIAGO DEL ESTERO";86;672320;4262476;7177
Maíz;2016/17;"SANTIAGO DEL ESTERO";86;684500;4483905;7147
Maíz;2017/18;"SANTIAGO DEL ESTERO";86;731890;3661765;5854
Maíz;2018/19;"SANTIAGO DEL ESTERO";86;747900;4405979;6668
Maíz;2019/20;"SANTIAGO DEL ESTERO";86;811060;5653025;7431
Maíz;2020/21;"SANTIAGO DEL ESTERO";86;744900;5138847;7463
Maíz;2021/22;"SANTIAGO DEL ESTERO";86;777100;5386950;7420
Maíz;2022/23;"SANTIAGO DEL ESTERO";86;822100;4549312;6196
Maíz;2023/24;"SANTIAGO DEL ESTERO";86;827700;1551073;3028
Maíz;2024/25;"SANTIAGO DEL ESTERO";86;550700;1612241;3894
Maíz;2010/11;TUCUMAN;90;60930;429620;7116
Maíz;2011/12;TUCUMAN;90;50300;167500;3624
Maíz;2012/13;TUCUMAN;90;59150;233390;4301
Maíz;2013/14;TUCUMAN;90;67350;410150;6458
Maíz;2014/15;TUCUMAN;90;51800;286270;5869
Maíz;2015/16;TUCUMAN;90;66960;446206;7031
Maíz;2016/17;TUCUMAN;90;65750;329991;5848
Maíz;2017/18;TUCUMAN;90;79850;492935;6556
Maíz;2018/19;TUCUMAN;90;91080;644726;7345
Maíz;2019/20;TUCUMAN;90;89110;429564;5116
Maíz;2020/21;TUCUMAN;90;93110;437765;5150
Maíz;2021/22;TUCUMAN;90;92100;454459;5473
Maíz;2022/23;TUCUMAN;90;88370;385888;4741
Maíz;2023/24;TUCUMAN;90;88820;237290;2927
Maíz;2024/25;TUCUMAN;90;62930;265954;4780
Maní;2012/13;"BUENOS AIRES";6;1500;3600;2400
Maní;2013/14;"BUENOS AIRES";6;1500;3600;2400
Maní;2014/15;"BUENOS AIRES";6;3980;9252;2325
Maní;2015/16;"BUENOS AIRES";6;1500;3000;2000
Maní;2016/17;"BUENOS AIRES";6;790;1874;2372
Maní;2017/18;"BUENOS AIRES";6;8410;29272;3481
Maní;2018/19;"BUENOS AIRES";6;13450;46200;3458
Maní;2019/20;"BUENOS AIRES";6;20510;77456;3796
Maní;2020/21;"BUENOS AIRES";6;39009;111171;2850
Maní;2021/22;"BUENOS AIRES";6;38884;135926;3498
Maní;2022/23;"BUENOS AIRES";6;51846;157409;3036
Maní;2023/24;"BUENOS AIRES";6;50961;175198;3438
Maní;2024/25;"BUENOS AIRES";6;84979;315761;3724
Maní;2019/20;CATAMARCA;10;2200;2090;1000
Maní;2020/21;CATAMARCA;10;1100;2090;1900
Maní;2021/22;CATAMARCA;10;1100;2530;2300
Maní;2022/23;CATAMARCA;10;1100;936;900
Maní;2023/24;CATAMARCA;10;800;1280;1600
Maní;2024/25;CATAMARCA;10;1200;2280;1900
Maní;2010/11;CORDOBA;14;207100;576870;2785
Maní;2011/12;CORDOBA;14;278000;626470;2253
Maní;2012/13;CORDOBA;14;371300;935180;2571
Maní;2013/14;CORDOBA;14;374850;1075195;2872
Maní;2014/15;CORDOBA;14;392130;931644;2382
Maní;2015/16;CORDOBA;14;333770;902294;2914
Maní;2016/17;CORDOBA;14;316042;955513;3265
Maní;2017/18;CORDOBA;14;394140;778430;2017
Maní;2018/19;CORDOBA;14;335026;1160089;3483
Maní;2019/20;CORDOBA;14;306528;1096907;3587
Maní;2020/21;CORDOBA;14;318284;1021036;3249
Maní;2021/22;CORDOBA;14;323774;1054293;3364
Maní;2022/23;CORDOBA;14;273864;692698;2533
Maní;2023/24;CORDOBA;14;324444;1130118;3483
Maní;2024/25;CORDOBA;14;374483;1268363;3392
Maní;2010/11;JUJUY;38;588;666;1133
Maní;2011/12;JUJUY;38;588;745;1267
Maní;2012/13;JUJUY;38;588;428;767
Maní;2013/14;JUJUY;38;588;705;1199
Maní;2014/15;JUJUY;38;588;882;1500
Maní;2015/16;JUJUY;38;588;705;1199
Maní;2016/17;JUJUY;38;588;588;1000
Maní;2017/18;JUJUY;38;588;570;1000
Maní;2018/19;JUJUY;38;588;588;1000
Maní;2019/20;JUJUY;38;588;588;1000
Maní;2020/21;JUJUY;38;200;240;1200
Maní;2021/22;JUJUY;38;200;160;800
Maní;2022/23;JUJUY;38;200;200;1000
Maní;2023/24;JUJUY;38;400;600;1500
Maní;2024/25;JUJUY;38;400;520;1300
Maní;2010/11;"LA PAMPA";42;44400;94040;2118
Maní;2011/12;"LA PAMPA";42;8800;30400;3455
Maní;2012/13;"LA PAMPA";42;15860;36020;2271
Maní;2013/14;"LA PAMPA";42;13600;36725;2700
Maní;2014/15;"LA PAMPA";42;8800;22220;2525
Maní;2015/16;"LA PAMPA";42;14100;45650;3869
Maní;2016/17;"LA PAMPA";42;14350;35070;3174
Maní;2017/18;"LA PAMPA";42;11400;31098;2752
Maní;2018/19;"LA PAMPA";42;12900;50000;3876
Maní;2019/20;"LA PAMPA";42;15850;56105;3608
Maní;2020/21;"LA PAMPA";42;21372;58706;2773
Maní;2021/22;"LA PAMPA";42;18692;60602;3295
Maní;2022/23;"LA PAMPA";42;16777;44548;2655
Maní;2023/24;"LA PAMPA";42;18918;71822;3858
Maní;2024/25;"LA PAMPA";42;37100;127986;3500
Maní;2010/11;SALTA;66;6650;7920;1191
Maní;2011/12;SALTA;66;6650;5157;784
Maní;2012/13;SALTA;66;9050;4292;600
Maní;2013/14;SALTA;66;9050;8099;1132
Maní;2014/15;SALTA;66;8130;11079;1363
Maní;2015/16;SALTA;66;8130;6749;830
Maní;2016/17;SALTA;66;8130;5567;879
Maní;2017/18;SALTA;66;8130;7582;933
Maní;2018/19;SALTA;66;8130;10324;1270
Maní;2019/20;SALTA;66;5875;4922;838
Maní;2020/21;SALTA;66;4101;3819;931
Maní;2021/22;SALTA;66;4670;4282;917
Maní;2022/23;SALTA;66;3750;3079;821
Maní;2023/24;SALTA;66;3414;4354;1275
Maní;2024/25;SALTA;66;2584;2593;1003
Maní;2010/11;"SAN LUIS";74;5700;21740;3814
Maní;2011/12;"SAN LUIS";74;13000;22350;1719
Maní;2012/13;"SAN LUIS";74;19465;45437;3039
Maní;2013/14;"SAN LUIS";74;11800;40850;3462
Maní;2014/15;"SAN LUIS";74;10900;33180;3044
Maní;2015/16;"SAN LUIS";74;9950;42075;4229
Maní;2016/17;"SAN LUIS";74;18650;72150;3869
Maní;2017/18;"SAN LUIS";74;28250;70679;2502
Maní;2018/19;"SAN LUIS";74;12960;46028;3552
Maní;2019/20;"SAN LUIS";74;10450;26413;2528
Maní;2020/21;"SAN LUIS";74;12900;43720;3389
Maní;2021/22;"SAN LUIS";74;19685;57145;2903
Maní;2022/23;"SAN LUIS";74;17500;45650;2889
Maní;2023/24;"SAN LUIS";74;15500;48630;3137
Maní;2024/25;"SAN LUIS";74;11720;36338;3101
Maní;2010/11;"SANTA FE";82;130;299;2300
Maní;2011/12;"SANTA FE";82;200;600;3000
Maní;2012/13;"SANTA FE";82;300;900;3000
Maní;2013/14;"SANTA FE";82;300;750;2500
Maní;2014/15;"SANTA FE";82;1100;2520;2291
Maní;2015/16;"SANTA FE";82;400;640;3200
Maní;2016/17;"SANTA FE";82;5641;10270;2600
Maní;2017/18;"SANTA FE";82;1200;3600;3000
Maní;2018/19;"SANTA FE";82;6000;24000;4000
Maní;2019/20;"SANTA FE";82;6500;20800;3200
Maní;2020/21;"SANTA FE";82;8500;25500;3000
Maní;2021/22;"SANTA FE";82;9200;29440;3200
Maní;2022/23;"SANTA FE";82;8000;17600;2200
Maní;2023/24;"SANTA FE";82;17309;47127;3000
Maní;2024/25;"SANTA FE";82;18275;51170;2800
Maní;2023/24;"SANTIAGO DEL ESTERO";86;300;738;2500
Maní;2024/25;"SANTIAGO DEL ESTERO";86;300;627;2200
Maní;2019/20;TUCUMAN;90;150;150;1000
Maní;2020/21;TUCUMAN;90;560;960;1714
Maní;2021/22;TUCUMAN;90;940;1788;1911
Maní;2022/23;TUCUMAN;90;810;554;719
Maní;2023/24;TUCUMAN;90;1850;2960;1600
Maní;2024/25;TUCUMAN;90;2050;3899;1902
Mijo;2010/11;"BUENOS AIRES";6;13200;3950;2324
Mijo;2011/12;"BUENOS AIRES";6;17300;10014;1858
Mijo;2012/13;"BUENOS AIRES";6;15050;3282;2026
Mijo;2013/14;"BUENOS AIRES";6;6000;1330;1330
Mijo;2014/15;"BUENOS AIRES";6;7720;3645;2367
Mijo;2015/16;"BUENOS AIRES";6;5580;4107;1697
Mijo;2016/17;"BUENOS AIRES";6;3540;4278;1927
Mijo;2017/18;"BUENOS AIRES";6;3580;2254;1252
Mijo;2018/19;"BUENOS AIRES";6;1880;1304;1694
Mijo;2019/20;"BUENOS AIRES";6;4280;1516;936
Mijo;2020/21;"BUENOS AIRES";6;5760;4118;1590
Mijo;2021/22;"BUENOS AIRES";6;7971;5810;1763
Mijo;2022/23;"BUENOS AIRES";6;14586;6638;1438
Mijo;2023/24;"BUENOS AIRES";6;8712;2733;1294
Mijo;2024/25;"BUENOS AIRES";6;8099;3369;1340
Mijo;2021/22;CHACO;22;192;149;776
Mijo;2010/11;CORDOBA;14;2400;3300;1500
Mijo;2011/12;CORDOBA;14;3500;6500;1857
Mijo;2012/13;CORDOBA;14;3500;7000;2000
Mijo;2013/14;CORDOBA;14;970;0;0
Mijo;2014/15;CORDOBA;14;1000;995;1990
Mijo;2015/16;CORDOBA;14;1000;1800;1800
Mijo;2016/17;CORDOBA;14;1100;1050;1909
Mijo;2017/18;CORDOBA;14;500;0;0
Mijo;2018/19;CORDOBA;14;1918;2836;2000
Mijo;2019/20;CORDOBA;14;2693;3925;2074
Mijo;2020/21;CORDOBA;14;2750;3940;2021
Mijo;2021/22;CORDOBA;14;2687;2461;2073
Mijo;2022/23;CORDOBA;14;2975;2348;1148
Mijo;2023/24;CORDOBA;14;3610;3235;1438
Mijo;2024/25;CORDOBA;14;2928;2368;1741
Mijo;2021/22;"ENTRE RIOS";30;400;400;1000
Mijo;2022/23;"ENTRE RIOS";30;580;690;1400
Mijo;2010/11;"LA PAMPA";42;21100;740;925
Mijo;2011/12;"LA PAMPA";42;20900;900;900
Mijo;2012/13;"LA PAMPA";42;22800;910;910
Mijo;2013/14;"LA PAMPA";42;9200;1340;1072
Mijo;2014/15;"LA PAMPA";42;2400;0;0
Mijo;2015/16;"LA PAMPA";42;6400;960;960
Mijo;2016/17;"LA PAMPA";42;2300;0;0
Mijo;2017/18;"LA PAMPA";42;2300;0;0
Mijo;2018/19;"LA PAMPA";42;4200;0;0
Mijo;2019/20;"LA PAMPA";42;4200;0;0
Mijo;2020/21;"LA PAMPA";42;8850;1450;853
Mijo;2021/22;"LA PAMPA";42;11600;660;880
Mijo;2022/23;"LA PAMPA";42;8700;70;700
Mijo;2023/24;"LA PAMPA";42;10200;662;502
Mijo;2024/25;"LA PAMPA";42;9500;349;895
Mijo;2024/25;SALTA;66;540;540;1000
Mijo;2024/25;"SAN LUIS";74;1800;0;0
"Poroto alubia";2021/22;CORDOBA;14;2690;4354;1619
"Poroto alubia";2022/23;CORDOBA;14;2690;2662;990
"Poroto alubia";2023/24;CORDOBA;14;2690;4040;1502
"Poroto alubia";2024/25;CORDOBA;14;3020;5534;1832
"Poroto alubia";2021/22;JUJUY;38;23108;18486;800
"Poroto alubia";2022/23;JUJUY;38;26326;21061;800
"Poroto alubia";2023/24;JUJUY;38;26926;25026;1000
"Poroto alubia";2024/25;JUJUY;38;20350;24420;1200
"Poroto alubia";2021/22;SALTA;66;176545;212101;1201
"Poroto alubia";2022/23;SALTA;66;176545;229756;1301
"Poroto alubia";2023/24;SALTA;66;176545;133647;760
"Poroto alubia";2024/25;SALTA;66;186569;204926;1110
"Poroto alubia";2021/22;TUCUMAN;90;850;1080;1271
"Poroto alubia";2022/23;TUCUMAN;90;850;700;824
"Poroto alubia";2023/24;TUCUMAN;90;800;702;900
"Poroto alubia";2024/25;TUCUMAN;90;1250;892;782
"Poroto negro";2021/22;CATAMARCA;10;4220;4757;1249
"Poroto negro";2022/23;CATAMARCA;10;4620;3230;778
"Poroto negro";2023/24;CATAMARCA;10;4620;3209;711
"Poroto negro";2024/25;CATAMARCA;10;4850;2586;600
"Poroto negro";2021/22;CORDOBA;14;1950;3226;1654
"Poroto negro";2022/23;CORDOBA;14;1950;2242;1150
"Poroto negro";2023/24;CORDOBA;14;1950;2928;1501
"Poroto negro";2024/25;CORDOBA;14;2480;4094;1651
"Poroto negro";2021/22;JUJUY;38;10166;8133;800
"Poroto negro";2022/23;JUJUY;38;7622;6097;800
"Poroto negro";2023/24;JUJUY;38;7822;7822;1000
"Poroto negro";2024/25;JUJUY;38;4018;4822;1200
"Poroto negro";2021/22;SALTA;66;124173;163998;1321
"Poroto negro";2022/23;SALTA;66;123953;174020;1404
"Poroto negro";2023/24;SALTA;66;123653;92908;760
"Poroto negro";2024/25;SALTA;66;129759;163066;1304
"Poroto negro";2021/22;"SANTIAGO DEL ESTERO";86;58800;92170;1568
"Poroto negro";2022/23;"SANTIAGO DEL ESTERO";86;90900;188710;2076
"Poroto negro";2023/24;"SANTIAGO DEL ESTERO";86;85010;84881;1004
"Poroto negro";2024/25;"SANTIAGO DEL ESTERO";86;108360;180585;1716
"Poroto negro";2021/22;TUCUMAN;90;14500;16799;1225
"Poroto negro";2022/23;TUCUMAN;90;18700;14306;800
"Poroto negro";2023/24;TUCUMAN;90;19030;16604;896
"Poroto negro";2024/25;TUCUMAN;90;19500;14474;801
"Poroto otros";2022/23;"BUENOS AIRES";6;2205;1667;756
"Poroto otros";2023/24;"BUENOS AIRES";6;2056;3818;1857
"Poroto otros";2024/25;"BUENOS AIRES";6;3191;6991;2191
"Poroto otros";2021/22;CHACO;22;1865;1120;601
"Poroto otros";2024/25;CHACO;22;1770;956;562
"Poroto otros";2021/22;CORDOBA;14;2261;3746;1657
"Poroto otros";2022/23;CORDOBA;14;791;1090;1378
"Poroto otros";2023/24;CORDOBA;14;1150;2025;1761
"Poroto otros";2024/25;CORDOBA;14;700;670;957
"Poroto otros";2021/22;JUJUY;38;6274;5019;800
"Poroto otros";2022/23;JUJUY;38;5124;4099;800
"Poroto otros";2023/24;JUJUY;38;5122;5122;1000
"Poroto otros";2024/25;JUJUY;38;3650;4380;1200
"Poroto otros";2021/22;SALTA;66;104749;138564;1323
"Poroto otros";2022/23;SALTA;66;104429;130770;1252
"Poroto otros";2023/24;SALTA;66;104729;79213;760
"Poroto otros";2024/25;SALTA;66;167672;177299;1188
"Poroto otros";2021/22;"SAN LUIS";74;1630;2036;1249
"Poroto otros";2022/23;"SAN LUIS";74;750;745;993
"Poroto otros";2024/25;"SAN LUIS";74;870;1131;1300
"Poroto otros";2021/22;"SANTIAGO DEL ESTERO";86;2900;4155;1433
"Poroto otros";2022/23;"SANTIAGO DEL ESTERO";86;6200;11410;1840
"Poroto otros";2023/24;"SANTIAGO DEL ESTERO";86;9500;12805;1369
"Poroto otros";2024/25;"SANTIAGO DEL ESTERO";86;7850;13358;1757
"Poroto otros";2023/24;TUCUMAN;90;15;14;900
"Poroto otros";2024/25;TUCUMAN;90;20;28;1420
"Poroto total";2022/23;"BUENOS AIRES";6;2205;1667;756
"Poroto total";2023/24;"BUENOS AIRES";6;2056;3818;1857
"Poroto total";2024/25;"BUENOS AIRES";6;3191;6991;2191
"Poroto total";2010/11;CATAMARCA;10;3500;5950;1700
"Poroto total";2011/12;CATAMARCA;10;5500;9900;1800
"Poroto total";2012/13;CATAMARCA;10;1100;315;1260
"Poroto total";2013/14;CATAMARCA;10;1100;268;838
"Poroto total";2014/15;CATAMARCA;10;2300;3640;1583
"Poroto total";2015/16;CATAMARCA;10;1600;1977;1443
"Poroto total";2016/17;CATAMARCA;10;1800;2025;1350
"Poroto total";2017/18;CATAMARCA;10;2350;1384;672
"Poroto total";2018/19;CATAMARCA;10;2300;2092;996
"Poroto total";2019/20;CATAMARCA;10;2700;1663;684
"Poroto total";2020/21;CATAMARCA;10;3620;4748;1349
"Poroto total";2021/22;CATAMARCA;10;4220;4757;1249
"Poroto total";2022/23;CATAMARCA;10;4620;3230;778
"Poroto total";2023/24;CATAMARCA;10;4620;3209;711
"Poroto total";2024/25;CATAMARCA;10;4850;2586;600
"Poroto total";2021/22;CHACO;22;1865;1120;601
"Poroto total";2024/25;CHACO;22;1770;956;562
"Poroto total";2010/11;CORDOBA;14;2000;4000;2000
"Poroto total";2011/12;CORDOBA;14;1000;1700;1700
"Poroto total";2012/13;CORDOBA;14;1000;1800;1800
"Poroto total";2013/14;CORDOBA;14;500;450;900
"Poroto total";2014/15;CORDOBA;14;500;500;1000
"Poroto total";2015/16;CORDOBA;14;430;115;500
"Poroto total";2016/17;CORDOBA;14;200;360;1800
"Poroto total";2017/18;CORDOBA;14;750;1125;1500
"Poroto total";2019/20;CORDOBA;14;3300;5820;1764
"Poroto total";2020/21;CORDOBA;14;5750;9009;1567
"Poroto total";2021/22;CORDOBA;14;6901;11326;1641
"Poroto total";2022/23;CORDOBA;14;5431;5994;1104
"Poroto total";2023/24;CORDOBA;14;5790;8993;1553
"Poroto total";2024/25;CORDOBA;14;6200;10298;1661
"Poroto total";2010/11;JUJUY;38;27230;33452;1229
"Poroto total";2011/12;JUJUY;38;29200;35953;1231
"Poroto total";2012/13;JUJUY;38;28740;18037;676
"Poroto total";2013/14;JUJUY;38;29200;36125;1237
"Poroto total";2014/15;JUJUY;38;29190;40686;1394
"Poroto total";2015/16;JUJUY;38;29184;23432;892
"Poroto total";2016/17;JUJUY;38;29283;22550;1000
"Poroto total";2017/18;JUJUY;38;29484;20639;700
"Poroto total";2018/19;JUJUY;38;29544;35453;1200
"Poroto total";2019/20;JUJUY;38;29544;29544;1000
"Poroto total";2020/21;JUJUY;38;38002;57003;1500
"Poroto total";2021/22;JUJUY;38;39548;31638;800
"Poroto total";2022/23;JUJUY;38;39071;31257;800
"Poroto total";2023/24;JUJUY;38;39870;37970;1000
"Poroto total";2024/25;JUJUY;38;28018;33622;1200
"Poroto total";2010/11;SALTA;66;204380;239512;1172
"Poroto total";2011/12;SALTA;66;210538;245260;1165
"Poroto total";2012/13;SALTA;66;226070;64363;630
"Poroto total";2013/14;SALTA;66;279890;328575;1174
"Poroto total";2014/15;SALTA;66;332350;455552;1375
"Poroto total";2015/16;SALTA;66;285832;229488;838
"Poroto total";2016/17;SALTA;66;333100;275912;828
"Poroto total";2017/18;SALTA;66;314285;328716;1046
"Poroto total";2018/19;SALTA;66;313483;406473;1297
"Poroto total";2019/20;SALTA;66;374988;472982;1261
"Poroto total";2020/21;SALTA;66;399221;543544;1362
"Poroto total";2021/22;SALTA;66;405467;514663;1269
"Poroto total";2022/23;SALTA;66;404927;534546;1320
"Poroto total";2023/24;SALTA;66;404927;305768;760
"Poroto total";2024/25;SALTA;66;484000;545292;1188
"Poroto total";2017/18;"SAN LUIS";74;300;100;500
"Poroto total";2018/19;"SAN LUIS";74;3000;1960;700
"Poroto total";2019/20;"SAN LUIS";74;7000;140;20
"Poroto total";2020/21;"SAN LUIS";74;1100;1110;1009
"Poroto total";2021/22;"SAN LUIS";74;1630;2036;1249
"Poroto total";2022/23;"SAN LUIS";74;750;745;993
"Poroto total";2024/25;"SAN LUIS";74;870;1131;1300
"Poroto total";2010/11;"SANTIAGO DEL ESTERO";86;27380;36585;1336
"Poroto total";2011/12;"SANTIAGO DEL ESTERO";86;83000;61305;1311
"Poroto total";2012/13;"SANTIAGO DEL ESTERO";86;11500;6200;689
"Poroto total";2013/14;"SANTIAGO DEL ESTERO";86;32500;53450;1645
"Poroto total";2014/15;"SANTIAGO DEL ESTERO";86;59500;83400;1402
"Poroto total";2015/16;"SANTIAGO DEL ESTERO";86;49000;96700;1973
"Poroto total";2016/17;"SANTIAGO DEL ESTERO";86;44100;95200;2159
"Poroto total";2017/18;"SANTIAGO DEL ESTERO";86;52500;105700;2013
"Poroto total";2018/19;"SANTIAGO DEL ESTERO";86;60000;117600;1960
"Poroto total";2019/20;"SANTIAGO DEL ESTERO";86;57020;112399;1971
"Poroto total";2020/21;"SANTIAGO DEL ESTERO";86;63360;126768;2001
"Poroto total";2021/22;"SANTIAGO DEL ESTERO";86;61700;96325;1561
"Poroto total";2022/23;"SANTIAGO DEL ESTERO";86;97100;200120;2061
"Poroto total";2023/24;"SANTIAGO DEL ESTERO";86;94510;97686;1040
"Poroto total";2024/25;"SANTIAGO DEL ESTERO";86;116210;193944;1719
"Poroto total";2010/11;TUCUMAN;90;8360;13283;1609
"Poroto total";2011/12;TUCUMAN;90;8685;7035;1009
"Poroto total";2012/13;TUCUMAN;90;7830;5026;1015
"Poroto total";2013/14;TUCUMAN;90;8990;10964;1417
"Poroto total";2014/15;TUCUMAN;90;14300;21039;1533
"Poroto total";2015/16;TUCUMAN;90;11250;14876;1415
"Poroto total";2016/17;TUCUMAN;90;15350;17558;1264
"Poroto total";2017/18;TUCUMAN;90;18460;15725;929
"Poroto total";2018/19;TUCUMAN;90;12500;15135;1261
"Poroto total";2019/20;TUCUMAN;90;15050;11275;808
"Poroto total";2020/21;TUCUMAN;90;12400;16568;1351
"Poroto total";2021/22;TUCUMAN;90;15350;17879;1228
"Poroto total";2022/23;TUCUMAN;90;19550;15006;801
"Poroto total";2023/24;TUCUMAN;90;19845;17320;896
"Poroto total";2024/25;TUCUMAN;90;20770;15395;801
"Soja 1ra";2010/11;"BUENOS AIRES";6;4840987;13558714;2851
"Soja 1ra";2011/12;"BUENOS AIRES";6;4764637;13486941;2889
"Soja 1ra";2012/13;"BUENOS AIRES";6;5112990;15142005;3014
"Soja 1ra";2013/14;"BUENOS AIRES";6;5377813;15095260;2910
"Soja 1ra";2014/15;"BUENOS AIRES";6;5178412;16912077;3312
"Soja 1ra";2015/16;"BUENOS AIRES";6;5419368;19090041;3574
"Soja 1ra";2016/17;"BUENOS AIRES";6;4491041;14342120;3384
"Soja 1ra";2017/18;"BUENOS AIRES";6;4121980;10201098;2576
"Soja 1ra";2018/19;"BUENOS AIRES";6;3650431;13347190;3717
"Soja 1ra";2019/20;"BUENOS AIRES";6;3475329;11776964;3432
"Soja 1ra";2020/21;"BUENOS AIRES";6;3242842;9861219;3058
"Soja 1ra";2021/22;"BUENOS AIRES";6;2913427;9458181;3303
"Soja 1ra";2022/23;"BUENOS AIRES";6;2988262;6084157;2140
"Soja 1ra";2023/24;"BUENOS AIRES";6;3282182;10591733;3251
"Soja 1ra";2024/25;"BUENOS AIRES";6;3270695;10369117;3233
"Soja 1ra";2010/11;CATAMARCA;10;31000;68200;2200
"Soja 1ra";2011/12;CATAMARCA;10;16000;30400;1900
"Soja 1ra";2012/13;CATAMARCA;10;8060;7135;1098
"Soja 1ra";2013/14;CATAMARCA;10;13400;23651;1874
"Soja 1ra";2014/15;CATAMARCA;10;11200;41699;2263
"Soja 1ra";2015/16;CATAMARCA;10;19122;54844;2853
"Soja 1ra";2016/17;CATAMARCA;10;2000;3780;2000
"Soja 1ra";2017/18;CATAMARCA;10;28700;64470;2323
"Soja 1ra";2018/19;CATAMARCA;10;27100;88440;3300
"Soja 1ra";2019/20;CATAMARCA;10;14900;35000;2409
"Soja 1ra";2020/21;CATAMARCA;10;19400;51495;2675
"Soja 1ra";2021/22;CATAMARCA;10;17300;37559;2256
"Soja 1ra";2022/23;CATAMARCA;10;24500;37473;1581
"Soja 1ra";2023/24;CATAMARCA;10;24600;74206;3032
"Soja 1ra";2024/25;CATAMARCA;10;21450;52391;2492
"Soja 1ra";2010/11;CHACO;22;549459;1305542;2382
"Soja 1ra";2011/12;CHACO;22;521487;221257;760
"Soja 1ra";2012/13;CHACO;22;502488;507408;1307
"Soja 1ra";2013/14;CHACO;22;519461;1214595;2398
"Soja 1ra";2014/15;CHACO;22;512241;1030865;2096
"Soja 1ra";2015/16;CHACO;22;466363;868871;1928
"Soja 1ra";2016/17;CHACO;22;415136;1182716;3108
"Soja 1ra";2017/18;CHACO;22;406028;844736;2156
"Soja 1ra";2018/19;CHACO;22;370221;843307;2652
"Soja 1ra";2019/20;CHACO;22;411573;1083683;2838
"Soja 1ra";2020/21;CHACO;22;493290;914151;1993
"Soja 1ra";2021/22;CHACO;22;529000;1396597;2771
"Soja 1ra";2022/23;CHACO;22;491700;892414;1954
"Soja 1ra";2023/24;CHACO;22;561670;602935;1257
"Soja 1ra";2024/25;CHACO;22;550950;357753;1028
"Soja 1ra";2010/11;CORDOBA;14;4543631;11379793;2509
"Soja 1ra";2011/12;CORDOBA;14;4528331;9067207;2067
"Soja 1ra";2012/13;CORDOBA;14;4839862;12184064;2564
"Soja 1ra";2013/14;CORDOBA;14;4431900;13113340;3007
"Soja 1ra";2014/15;CORDOBA;14;4318220;15227227;3599
"Soja 1ra";2015/16;CORDOBA;14;4720211;15370220;3442
"Soja 1ra";2016/17;CORDOBA;14;3756631;12728431;3449
"Soja 1ra";2017/18;CORDOBA;14;3524280;9430861;2738
"Soja 1ra";2018/19;CORDOBA;14;3523938;12418596;3591
"Soja 1ra";2019/20;CORDOBA;14;3340672;10219190;3081
"Soja 1ra";2020/21;CORDOBA;14;3449542;11312819;3312
"Soja 1ra";2021/22;CORDOBA;14;3197262;9444934;2971
"Soja 1ra";2022/23;CORDOBA;14;3496576;5492419;1644
"Soja 1ra";2023/24;CORDOBA;14;3525011;11158216;3171
"Soja 1ra";2024/25;CORDOBA;14;3796154;12332339;3257
"Soja 1ra";2010/11;CORRIENTES;18;16795;29068;1750
"Soja 1ra";2011/12;CORRIENTES;18;25000;25000;1000
"Soja 1ra";2012/13;CORRIENTES;18;15000;18000;1200
"Soja 1ra";2013/14;CORRIENTES;18;25000;50000;2000
"Soja 1ra";2014/15;CORRIENTES;18;20000;40000;2000
"Soja 1ra";2015/16;CORRIENTES;18;23000;41400;1800
"Soja 1ra";2016/17;CORRIENTES;18;20000;40000;2000
"Soja 1ra";2017/18;CORRIENTES;18;20000;40000;2000
"Soja 1ra";2018/19;CORRIENTES;18;5190;13712;2642
"Soja 1ra";2019/20;CORRIENTES;18;4490;11674;2600
"Soja 1ra";2020/21;CORRIENTES;18;4490;11674;2600
"Soja 1ra";2021/22;CORRIENTES;18;4490;6735;1500
"Soja 1ra";2022/23;CORRIENTES;18;5000;7501;1500
"Soja 1ra";2023/24;CORRIENTES;18;5000;13500;2700
"Soja 1ra";2024/25;CORRIENTES;18;3100;2090;1348
"Soja 1ra";2010/11;"ENTRE RIOS";30;1212500;3167565;2619
"Soja 1ra";2011/12;"ENTRE RIOS";30;1045000;2547125;2444
"Soja 1ra";2012/13;"ENTRE RIOS";30;1166000;2969685;2549
"Soja 1ra";2013/14;"ENTRE RIOS";30;1204400;3238551;2692
"Soja 1ra";2014/15;"ENTRE RIOS";30;1215480;3581794;2952
"Soja 1ra";2015/16;"ENTRE RIOS";30;1222000;2136350;1947
"Soja 1ra";2016/17;"ENTRE RIOS";30;982700;2889810;2960
"Soja 1ra";2017/18;"ENTRE RIOS";30;966500;1096000;1247
"Soja 1ra";2018/19;"ENTRE RIOS";30;742900;2267898;3053
"Soja 1ra";2019/20;"ENTRE RIOS";30;713000;1650685;2317
"Soja 1ra";2020/21;"ENTRE RIOS";30;602000;1209570;2015
"Soja 1ra";2021/22;"ENTRE RIOS";30;566400;1438995;2545
"Soja 1ra";2022/23;"ENTRE RIOS";30;508400;351942;991
"Soja 1ra";2023/24;"ENTRE RIOS";30;530200;1510670;2849
"Soja 1ra";2024/25;"ENTRE RIOS";30;608100;1723930;2835
"Soja 1ra";2010/11;FORMOSA;34;3250;2477;1499
"Soja 1ra";2011/12;FORMOSA;34;11050;10498;950
"Soja 1ra";2012/13;FORMOSA;34;9050;10860;1200
"Soja 1ra";2013/14;FORMOSA;34;15000;30000;2000
"Soja 1ra";2014/15;FORMOSA;34;17900;35800;2000
"Soja 1ra";2015/16;FORMOSA;34;17900;35800;2000
"Soja 1ra";2016/17;FORMOSA;34;18500;45125;2500
"Soja 1ra";2017/18;FORMOSA;34;25000;61250;2500
"Soja 1ra";2018/19;FORMOSA;34;25000;60500;2500
"Soja 1ra";2019/20;FORMOSA;34;12000;8500;2500
"Soja 1ra";2020/21;FORMOSA;34;9738;8490;2500
"Soja 1ra";2021/22;FORMOSA;34;17834;26132;2294
"Soja 1ra";2022/23;FORMOSA;34;14420;28840;2000
"Soja 1ra";2023/24;FORMOSA;34;14176;14176;1000
"Soja 1ra";2024/25;FORMOSA;34;18000;32400;1800
"Soja 1ra";2010/11;JUJUY;38;9190;26145;2845
"Soja 1ra";2011/12;JUJUY;38;9130;23053;2525
"Soja 1ra";2012/13;JUJUY;38;6415;7119;1509
"Soja 1ra";2013/14;JUJUY;38;6480;16381;2528
"Soja 1ra";2014/15;JUJUY;38;4365;13905;2700
"Soja 1ra";2015/16;JUJUY;38;3765;7509;2370
"Soja 1ra";2016/17;JUJUY;38;4135;6752;2000
"Soja 1ra";2017/18;JUJUY;38;4135;8254;2100
"Soja 1ra";2018/19;JUJUY;38;4390;12292;2800
"Soja 1ra";2019/20;JUJUY;38;3310;8275;2500
"Soja 1ra";2020/21;JUJUY;38;5088;17809;3500
"Soja 1ra";2021/22;JUJUY;38;4388;9623;2193
"Soja 1ra";2022/23;JUJUY;38;3700;5552;1501
"Soja 1ra";2023/24;JUJUY;38;5112;11413;2300
"Soja 1ra";2024/25;JUJUY;38;3053;6039;2000
"Soja 1ra";2010/11;"LA PAMPA";42;337100;530590;1612
"Soja 1ra";2011/12;"LA PAMPA";42;368650;986269;2768
"Soja 1ra";2012/13;"LA PAMPA";42;405600;755730;1918
"Soja 1ra";2013/14;"LA PAMPA";42;459500;920310;2062
"Soja 1ra";2014/15;"LA PAMPA";42;406400;1115620;2861
"Soja 1ra";2015/16;"LA PAMPA";42;506700;1696580;3467
"Soja 1ra";2016/17;"LA PAMPA";42;436900;1146350;3007
"Soja 1ra";2017/18;"LA PAMPA";42;401000;1068180;2733
"Soja 1ra";2018/19;"LA PAMPA";42;412800;1397501;3461
"Soja 1ra";2019/20;"LA PAMPA";42;422900;1377720;3309
"Soja 1ra";2020/21;"LA PAMPA";42;403436;953556;2420
"Soja 1ra";2021/22;"LA PAMPA";42;310100;1034900;3453
"Soja 1ra";2022/23;"LA PAMPA";42;377550;692870;1952
"Soja 1ra";2023/24;"LA PAMPA";42;484600;1477970;3127
"Soja 1ra";2024/25;"LA PAMPA";42;364750;933199;2601
"Soja 1ra";2010/11;MISIONES;54;1810;4496;2526
"Soja 1ra";2011/12;MISIONES;54;880;564;887
"Soja 1ra";2012/13;MISIONES;54;1095;2842;2595
"Soja 1ra";2013/14;MISIONES;54;1300;3294;2534
"Soja 1ra";2014/15;MISIONES;54;1300;3683;2833
"Soja 1ra";2015/16;MISIONES;54;1550;4542;2998
"Soja 1ra";2016/17;MISIONES;54;2550;5545;2297
"Soja 1ra";2017/18;MISIONES;54;2830;7873;2782
"Soja 1ra";2018/19;MISIONES;54;3750;10844;2892
"Soja 1ra";2019/20;MISIONES;54;3750;9740;2597
"Soja 1ra";2020/21;MISIONES;54;3750;11769;3179
"Soja 1ra";2021/22;MISIONES;54;3501;3062;1500
"Soja 1ra";2022/23;MISIONES;54;3989;9172;2299
"Soja 1ra";2023/24;MISIONES;54;4309;17236;4000
"Soja 1ra";2024/25;MISIONES;54;4324;15135;3500
"Soja 1ra";2010/11;SALTA;66;417359;1230231;2948
"Soja 1ra";2011/12;SALTA;66;417859;475917;1285
"Soja 1ra";2012/13;SALTA;66;404882;205288;845
"Soja 1ra";2013/14;SALTA;66;479463;846355;1842
"Soja 1ra";2014/15;SALTA;66;411504;1071740;2604
"Soja 1ra";2015/16;SALTA;66;336272;688752;2131
"Soja 1ra";2016/17;SALTA;66;392930;942135;2432
"Soja 1ra";2017/18;SALTA;66;356767;796237;2232
"Soja 1ra";2018/19;SALTA;66;385276;1040247;2700
"Soja 1ra";2019/20;SALTA;66;347656;857733;2467
"Soja 1ra";2020/21;SALTA;66;296478;803311;2710
"Soja 1ra";2021/22;SALTA;66;249590;437258;1763
"Soja 1ra";2022/23;SALTA;66;248990;430417;1731
"Soja 1ra";2023/24;SALTA;66;286935;648731;2265
"Soja 1ra";2024/25;SALTA;66;282120;678163;2406
"Soja 1ra";2010/11;"SAN LUIS";74;165050;393420;2384
"Soja 1ra";2011/12;"SAN LUIS";74;167800;291650;1738
"Soja 1ra";2012/13;"SAN LUIS";74;392960;668992;1723
"Soja 1ra";2013/14;"SAN LUIS";74;352700;845110;2396
"Soja 1ra";2014/15;"SAN LUIS";74;343300;962530;2804
"Soja 1ra";2015/16;"SAN LUIS";74;390318;1214040;3182
"Soja 1ra";2016/17;"SAN LUIS";74;302190;828448;2741
"Soja 1ra";2017/18;"SAN LUIS";74;322100;697100;2164
"Soja 1ra";2018/19;"SAN LUIS";74;305000;663970;2200
"Soja 1ra";2019/20;"SAN LUIS";74;292200;375700;1315
"Soja 1ra";2020/21;"SAN LUIS";74;196300;467320;2381
"Soja 1ra";2021/22;"SAN LUIS";74;212800;477010;2242
"Soja 1ra";2022/23;"SAN LUIS";74;219700;309040;1595
"Soja 1ra";2023/24;"SAN LUIS";74;228200;407385;1802
"Soja 1ra";2024/25;"SAN LUIS";74;214050;407621;1904
"Soja 1ra";2010/11;"SANTA FE";82;2630800;8880786;3383
"Soja 1ra";2011/12;"SANTA FE";82;2657600;7388758;2854
"Soja 1ra";2012/13;"SANTA FE";82;2534070;8977336;3545
"Soja 1ra";2013/14;"SANTA FE";82;2558754;7916597;3135
"Soja 1ra";2014/15;"SANTA FE";82;2424630;9180527;3916
"Soja 1ra";2015/16;"SANTA FE";82;2833977;6975964;2760
"Soja 1ra";2016/17;"SANTA FE";82;2199970;7693391;3614
"Soja 1ra";2017/18;"SANTA FE";82;2115540;5708807;2815
"Soja 1ra";2018/19;"SANTA FE";82;1899759;7493377;4101
"Soja 1ra";2019/20;"SANTA FE";82;1779107;6455671;3646
"Soja 1ra";2020/21;"SANTA FE";82;1804416;5970396;3309
"Soja 1ra";2021/22;"SANTA FE";82;1699779;5313926;3138
"Soja 1ra";2022/23;"SANTA FE";82;2077332;3320489;1661
"Soja 1ra";2023/24;"SANTA FE";82;2160904;8054825;3739
"Soja 1ra";2024/25;"SANTA FE";82;2166545;7955089;3694
"Soja 1ra";2010/11;"SANTIAGO DEL ESTERO";86;1100000;2467800;2243
"Soja 1ra";2011/12;"SANTIAGO DEL ESTERO";86;728150;579181;1072
"Soja 1ra";2012/13;"SANTIAGO DEL ESTERO";86;946366;1475361;1582
"Soja 1ra";2013/14;"SANTIAGO DEL ESTERO";86;923353;2606977;2823
"Soja 1ra";2014/15;"SANTIAGO DEL ESTERO";86;720325;1575210;2456
"Soja 1ra";2015/16;"SANTIAGO DEL ESTERO";86;744356;1893857;2628
"Soja 1ra";2016/17;"SANTIAGO DEL ESTERO";86;586304;2119781;3636
"Soja 1ra";2017/18;"SANTIAGO DEL ESTERO";86;395864;1023177;2619
"Soja 1ra";2018/19;"SANTIAGO DEL ESTERO";86;768872;2440435;3344
"Soja 1ra";2019/20;"SANTIAGO DEL ESTERO";86;578200;1888602;3282
"Soja 1ra";2020/21;"SANTIAGO DEL ESTERO";86;677700;2285170;3372
"Soja 1ra";2021/22;"SANTIAGO DEL ESTERO";86;683500;2159880;3160
"Soja 1ra";2022/23;"SANTIAGO DEL ESTERO";86;842500;2177220;2584
"Soja 1ra";2023/24;"SANTIAGO DEL ESTERO";86;809680;2141315;2703
"Soja 1ra";2024/25;"SANTIAGO DEL ESTERO";86;1072995;2067079;2206
"Soja 1ra";2010/11;TUCUMAN;90;94473;268193;2848
"Soja 1ra";2011/12;TUCUMAN;90;85558;132560;1569
"Soja 1ra";2012/13;TUCUMAN;90;111327;152909;1420
"Soja 1ra";2013/14;TUCUMAN;90;195866;390296;2017
"Soja 1ra";2014/15;TUCUMAN;90;134368;278980;2104
"Soja 1ra";2015/16;TUCUMAN;90;78091;243127;3123
"Soja 1ra";2016/17;TUCUMAN;90;76765;184737;2473
"Soja 1ra";2017/18;TUCUMAN;90;58213;150522;2618
"Soja 1ra";2018/19;TUCUMAN;90;129500;427352;3324
"Soja 1ra";2019/20;TUCUMAN;90;85800;191063;2258
"Soja 1ra";2020/21;TUCUMAN;90;91465;244941;2700
"Soja 1ra";2021/22;TUCUMAN;90;88980;159201;1843
"Soja 1ra";2022/23;TUCUMAN;90;98580;135462;1398
"Soja 1ra";2023/24;TUCUMAN;90;97000;289615;3000
"Soja 1ra";2024/25;TUCUMAN;90;106800;272456;2577
"Soja 2da";2010/11;"BUENOS AIRES";6;1094455;1906510;1753
"Soja 2da";2011/12;"BUENOS AIRES";6;1204720;1909181;1694
"Soja 2da";2012/13;"BUENOS AIRES";6;1473665;2345943;1613
"Soja 2da";2013/14;"BUENOS AIRES";6;1313216;2048114;1651
"Soja 2da";2014/15;"BUENOS AIRES";6;1405860;2680298;1931
"Soja 2da";2015/16;"BUENOS AIRES";6;1404361;2861900;2053
"Soja 2da";2016/17;"BUENOS AIRES";6;1489020;3041292;2198
"Soja 2da";2017/18;"BUENOS AIRES";6;1426480;1643563;1285
"Soja 2da";2018/19;"BUENOS AIRES";6;1891962;4319862;2311
"Soja 2da";2019/20;"BUENOS AIRES";6;1697154;3383928;2009
"Soja 2da";2020/21;"BUENOS AIRES";6;2043506;3671673;1832
"Soja 2da";2021/22;"BUENOS AIRES";6;2122877;4078929;1956
"Soja 2da";2022/23;"BUENOS AIRES";6;2009348;2406773;1539
"Soja 2da";2023/24;"BUENOS AIRES";6;1898026;4307725;2278
"Soja 2da";2024/25;"BUENOS AIRES";6;2216342;5164478;2358
"Soja 2da";2010/11;CATAMARCA;10;22000;48400;2200
"Soja 2da";2011/12;CATAMARCA;10;21000;39900;1900
"Soja 2da";2012/13;CATAMARCA;10;16240;16940;1100
"Soja 2da";2013/14;CATAMARCA;10;1700;1719;1889
"Soja 2da";2014/15;CATAMARCA;10;15000;17175;2290
"Soja 2da";2015/16;CATAMARCA;10;37020;106823;2897
"Soja 2da";2016/17;CATAMARCA;10;27900;69447;2644
"Soja 2da";2017/18;CATAMARCA;10;10900;24546;2378
"Soja 2da";2018/19;CATAMARCA;10;15000;47360;3200
"Soja 2da";2019/20;CATAMARCA;10;25500;57615;2300
"Soja 2da";2020/21;CATAMARCA;10;20400;54756;2700
"Soja 2da";2021/22;CATAMARCA;10;21000;47081;2300
"Soja 2da";2022/23;CATAMARCA;10;18000;26475;1500
"Soja 2da";2023/24;CATAMARCA;10;19400;59979;3100
"Soja 2da";2024/25;CATAMARCA;10;20000;49375;2500
"Soja 2da";2010/11;CHACO;22;144461;336779;2344
"Soja 2da";2011/12;CHACO;22;162273;70778;771
"Soja 2da";2012/13;CHACO;22;45742;46386;1310
"Soja 2da";2013/14;CHACO;22;71839;169942;2433
"Soja 2da";2014/15;CHACO;22;84739;160475;1985
"Soja 2da";2015/16;CHACO;22;85577;151275;1844
"Soja 2da";2016/17;CHACO;22;85932;231943;3021
"Soja 2da";2017/18;CHACO;22;108312;220184;2106
"Soja 2da";2018/19;CHACO;22;96773;195523;2391
"Soja 2da";2019/20;CHACO;22;131400;320616;2606
"Soja 2da";2020/21;CHACO;22;109730;174824;1685
"Soja 2da";2021/22;CHACO;22;117350;252835;2282
"Soja 2da";2022/23;CHACO;22;111424;164880;1570
"Soja 2da";2023/24;CHACO;22;75800;60710;946
"Soja 2da";2024/25;CHACO;22;88400;45584;829
"Soja 2da";2010/11;CORDOBA;14;510760;872472;1727
"Soja 2da";2011/12;CORDOBA;14;485920;716693;1521
"Soja 2da";2012/13;CORDOBA;14;509450;1058760;2101
"Soja 2da";2013/14;CORDOBA;14;620860;1804331;2983
"Soja 2da";2014/15;CORDOBA;14;1095110;3391840;3219
"Soja 2da";2015/16;CORDOBA;14;859319;2552749;3057
"Soja 2da";2016/17;CORDOBA;14;1114571;2931357;2708
"Soja 2da";2017/18;CORDOBA;14;939330;1302026;1766
"Soja 2da";2018/19;CORDOBA;14;930486;2936961;3286
"Soja 2da";2019/20;CORDOBA;14;1184872;3248490;2764
"Soja 2da";2020/21;CORDOBA;14;820235;2312333;2853
"Soja 2da";2021/22;CORDOBA;14;1015272;2465592;2481
"Soja 2da";2022/23;CORDOBA;14;701458;771594;1202
"Soja 2da";2023/24;CORDOBA;14;611542;1504155;2508
"Soja 2da";2024/25;CORDOBA;14;818580;2296258;2823
"Soja 2da";2019/20;CORRIENTES;18;700;1400;2000
"Soja 2da";2020/21;CORRIENTES;18;700;1400;2000
"Soja 2da";2021/22;CORRIENTES;18;700;700;1000
"Soja 2da";2022/23;CORRIENTES;18;1000;1000;1000
"Soja 2da";2023/24;CORRIENTES;18;1000;2400;2400
"Soja 2da";2024/25;CORRIENTES;18;4000;5920;1480
"Soja 2da";2010/11;"ENTRE RIOS";30;255500;429745;1682
"Soja 2da";2011/12;"ENTRE RIOS";30;286700;552388;1951
"Soja 2da";2012/13;"ENTRE RIOS";30;252600;559170;2216
"Soja 2da";2013/14;"ENTRE RIOS";30;300500;736052;2458
"Soja 2da";2014/15;"ENTRE RIOS";30;349510;743101;2138
"Soja 2da";2015/16;"ENTRE RIOS";30;244000;424800;1967
"Soja 2da";2016/17;"ENTRE RIOS";30;343700;811779;2367
"Soja 2da";2017/18;"ENTRE RIOS";30;353400;272200;889
"Soja 2da";2018/19;"ENTRE RIOS";30;434800;984378;2298
"Soja 2da";2019/20;"ENTRE RIOS";30;451550;838635;1880
"Soja 2da";2020/21;"ENTRE RIOS";30;510620;764948;1559
"Soja 2da";2021/22;"ENTRE RIOS";30;517700;1126760;2200
"Soja 2da";2022/23;"ENTRE RIOS";30;465100;283010;947
"Soja 2da";2023/24;"ENTRE RIOS";30;561200;1201475;2141
"Soja 2da";2024/25;"ENTRE RIOS";30;643350;1648285;2562
"Soja 2da";2010/11;FORMOSA;34;2850;2173;1501
"Soja 2da";2011/12;FORMOSA;34;950;902;949
"Soja 2da";2012/13;FORMOSA;34;950;1140;1200
"Soja 2da";2019/20;FORMOSA;34;13000;9000;2500
"Soja 2da";2021/22;FORMOSA;34;2345;2580;1100
"Soja 2da";2022/23;FORMOSA;34;1100;1210;1100
"Soja 2da";2023/24;FORMOSA;34;2337;2337;1000
"Soja 2da";2024/25;FORMOSA;34;4000;6400;1600
"Soja 2da";2010/11;JUJUY;38;2960;8490;2868
"Soja 2da";2011/12;JUJUY;38;3020;7617;2522
"Soja 2da";2012/13;JUJUY;38;2805;4445;1585
"Soja 2da";2013/14;JUJUY;38;220;516;2345
"Soja 2da";2014/15;JUJUY;38;2475;4572;2705
"Soja 2da";2015/16;JUJUY;38;3075;7042;2357
"Soja 2da";2016/17;JUJUY;38;3103;5266;2000
"Soja 2da";2017/18;JUJUY;38;3105;6500;2100
"Soja 2da";2018/19;JUJUY;38;2850;7980;2800
"Soja 2da";2019/20;JUJUY;38;3420;8550;2500
"Soja 2da";2020/21;JUJUY;38;5679;19877;3500
"Soja 2da";2021/22;JUJUY;38;5193;13502;2600
"Soja 2da";2022/23;JUJUY;38;4100;6150;1500
"Soja 2da";2023/24;JUJUY;38;5096;11492;2300
"Soja 2da";2024/25;JUJUY;38;4206;8356;2000
"Soja 2da";2010/11;"LA PAMPA";42;65200;69310;1078
"Soja 2da";2011/12;"LA PAMPA";42;28225;44395;1596
"Soja 2da";2012/13;"LA PAMPA";42;41800;56920;1385
"Soja 2da";2013/14;"LA PAMPA";42;61600;102060;1698
"Soja 2da";2014/15;"LA PAMPA";42;78500;156150;2052
"Soja 2da";2015/16;"LA PAMPA";42;46525;110711;2538
"Soja 2da";2016/17;"LA PAMPA";42;59100;125520;2665
"Soja 2da";2017/18;"LA PAMPA";42;30400;52840;1979
"Soja 2da";2018/19;"LA PAMPA";42;71800;185750;2875
"Soja 2da";2019/20;"LA PAMPA";42;83800;241910;2939
"Soja 2da";2020/21;"LA PAMPA";42;90081;170178;1932
"Soja 2da";2021/22;"LA PAMPA";42;83400;105810;1436
"Soja 2da";2022/23;"LA PAMPA";42;53500;66550;1297
"Soja 2da";2023/24;"LA PAMPA";42;56700;137800;2487
"Soja 2da";2024/25;"LA PAMPA";42;42150;75743;1827
"Soja 2da";2010/11;SALTA;66;182156;545258;2993
"Soja 2da";2011/12;SALTA;66;182156;192118;1217
"Soja 2da";2012/13;SALTA;66;152878;62319;828
"Soja 2da";2013/14;SALTA;66;12942;22654;1818
"Soja 2da";2014/15;SALTA;66;28484;74196;2605
"Soja 2da";2015/16;SALTA;66;87485;183727;2183
"Soja 2da";2016/17;SALTA;66;70870;172200;2467
"Soja 2da";2017/18;SALTA;66;109553;245468;2241
"Soja 2da";2018/19;SALTA;66;54236;146437;2700
"Soja 2da";2019/20;SALTA;66;42753;98024;2293
"Soja 2da";2020/21;SALTA;66;38239;92263;2413
"Soja 2da";2021/22;SALTA;66;68053;100778;1484
"Soja 2da";2022/23;SALTA;66;60671;92259;1523
"Soja 2da";2023/24;SALTA;66;23105;51527;2250
"Soja 2da";2024/25;SALTA;66;26103;62648;2400
"Soja 2da";2010/11;"SAN LUIS";74;6800;10120;1488
"Soja 2da";2011/12;"SAN LUIS";74;2900;5240;1807
"Soja 2da";2012/13;"SAN LUIS";74;5830;9452;1621
"Soja 2da";2013/14;"SAN LUIS";74;2030;3705;1825
"Soja 2da";2014/15;"SAN LUIS";74;200;340;1700
"Soja 2da";2015/16;"SAN LUIS";74;6608;14293;2163
"Soja 2da";2016/17;"SAN LUIS";74;5150;9015;1750
"Soja 2da";2017/18;"SAN LUIS";74;3650;4380;1200
"Soja 2da";2018/19;"SAN LUIS";74;3500;4690;1340
"Soja 2da";2019/20;"SAN LUIS";74;4100;3545;865
"Soja 2da";2020/21;"SAN LUIS";74;1700;3960;2329
"Soja 2da";2021/22;"SAN LUIS";74;5400;10240;1896
"Soja 2da";2022/23;"SAN LUIS";74;2700;5080;1881
"Soja 2da";2023/24;"SAN LUIS";74;1600;2720;1700
"Soja 2da";2024/25;"SAN LUIS";74;1800;2470;1372
"Soja 2da";2010/11;"SANTA FE";82;476937;860563;1831
"Soja 2da";2011/12;"SANTA FE";82;450200;787872;1882
"Soja 2da";2012/13;"SANTA FE";82;554130;1406581;2548
"Soja 2da";2013/14;"SANTA FE";82;696014;2042237;2987
"Soja 2da";2014/15;"SANTA FE";82;799920;2623604;3356
"Soja 2da";2015/16;"SANTA FE";82;634935;1341253;2251
"Soja 2da";2016/17;"SANTA FE";82;757393;2068889;2942
"Soja 2da";2017/18;"SANTA FE";82;896180;1143597;1409
"Soja 2da";2018/19;"SANTA FE";82;938443;3026715;3337
"Soja 2da";2019/20;"SANTA FE";82;1228253;2944296;2447
"Soja 2da";2020/21;"SANTA FE";82;1233918;3309637;2682
"Soja 2da";2021/22;"SANTA FE";82;1177872;2958394;2539
"Soja 2da";2022/23;"SANTA FE";82;795875;509181;1075
"Soja 2da";2023/24;"SANTA FE";82;899831;2741904;3078
"Soja 2da";2024/25;"SANTA FE";82;1222678;3508764;2903
"Soja 2da";2011/12;"SANTIAGO DEL ESTERO";86;344850;293829;1100
"Soja 2da";2012/13;"SANTIAGO DEL ESTERO";86;201844;292818;1466
"Soja 2da";2013/14;"SANTIAGO DEL ESTERO";86;46997;130968;2787
"Soja 2da";2014/15;"SANTIAGO DEL ESTERO";86;148675;340100;2478
"Soja 2da";2015/16;"SANTIAGO DEL ESTERO";86;236216;604277;2737
"Soja 2da";2016/17;"SANTIAGO DEL ESTERO";86;285536;1040081;3678
"Soja 2da";2017/18;"SANTIAGO DEL ESTERO";86;498426;1330619;2680
"Soja 2da";2018/19;"SANTIAGO DEL ESTERO";86;259900;702108;2812
"Soja 2da";2019/20;"SANTIAGO DEL ESTERO";86;479080;1489365;3126
"Soja 2da";2020/21;"SANTIAGO DEL ESTERO";86;400450;1318060;3291
"Soja 2da";2021/22;"SANTIAGO DEL ESTERO";86;394620;1181105;2993
"Soja 2da";2022/23;"SANTIAGO DEL ESTERO";86;287000;646212;2252
"Soja 2da";2023/24;"SANTIAGO DEL ESTERO";86;313500;889658;2840
"Soja 2da";2024/25;"SANTIAGO DEL ESTERO";86;342050;828155;2605
"Soja 2da";2010/11;TUCUMAN;90;160397;466469;2914
"Soja 2da";2011/12;TUCUMAN;90;145102;210351;1472
"Soja 2da";2012/13;TUCUMAN;90;88673;119581;1398
"Soja 2da";2013/14;TUCUMAN;90;13034;25705;2005
"Soja 2da";2014/15;TUCUMAN;90;63982;134769;2130
"Soja 2da";2015/16;TUCUMAN;90;134119;414500;3101
"Soja 2da";2016/17;TUCUMAN;90;127135;306637;2447
"Soja 2da";2017/18;TUCUMAN;90;130587;341440;2650
"Soja 2da";2018/19;TUCUMAN;90;56400;180474;3244
"Soja 2da";2019/20;TUCUMAN;90;88400;184833;2117
"Soja 2da";2020/21;TUCUMAN;90;74900;200313;2700
"Soja 2da";2021/22;TUCUMAN;90;64250;112768;1819
"Soja 2da";2022/23;TUCUMAN;90;66350;89751;1382
"Soja 2da";2023/24;TUCUMAN;90;75820;225406;2987
"Soja 2da";2024/25;TUCUMAN;90;78220;200602;2600
"Soja total";2010/11;"BUENOS AIRES";6;5935442;15465224;2647
"Soja total";2011/12;"BUENOS AIRES";6;5969357;15396122;2657
"Soja total";2012/13;"BUENOS AIRES";6;6645655;17601828;2692
"Soja total";2013/14;"BUENOS AIRES";6;6691029;17143374;2667
"Soja total";2014/15;"BUENOS AIRES";6;6584272;19592375;3017
"Soja total";2015/16;"BUENOS AIRES";6;6823729;21951940;3259
"Soja total";2016/17;"BUENOS AIRES";6;5980061;17383411;3092
"Soja total";2017/18;"BUENOS AIRES";6;5548460;11844661;2261
"Soja total";2018/19;"BUENOS AIRES";6;5542393;17667049;3236
"Soja total";2019/20;"BUENOS AIRES";6;5172483;15160892;2963
"Soja total";2020/21;"BUENOS AIRES";6;5286348;13532893;2588
"Soja total";2021/22;"BUENOS AIRES";6;5036304;13537109;2735
"Soja total";2022/23;"BUENOS AIRES";6;4997610;8490928;1927
"Soja total";2023/24;"BUENOS AIRES";6;5180208;14899455;2894
"Soja total";2024/25;"BUENOS AIRES";6;5487037;15533595;2878
"Soja total";2010/11;CATAMARCA;10;53000;116600;2200
"Soja total";2011/12;CATAMARCA;10;37000;70300;1900
"Soja total";2012/13;CATAMARCA;10;24300;24075;1099
"Soja total";2013/14;CATAMARCA;10;15100;25370;1875
"Soja total";2014/15;CATAMARCA;10;26200;58874;2271
"Soja total";2015/16;CATAMARCA;10;56142;161667;2882
"Soja total";2016/17;CATAMARCA;10;29900;73227;2600
"Soja total";2017/18;CATAMARCA;10;39600;89016;2338
"Soja total";2018/19;CATAMARCA;10;42100;135800;3264
"Soja total";2019/20;CATAMARCA;10;40400;92615;2340
"Soja total";2020/21;CATAMARCA;10;39800;106251;2688
"Soja total";2021/22;CATAMARCA;10;38300;84640;2280
"Soja total";2022/23;CATAMARCA;10;42500;63948;1547
"Soja total";2023/24;CATAMARCA;10;44000;134185;3062
"Soja total";2024/25;CATAMARCA;10;41450;101766;2496
"Soja total";2010/11;CHACO;22;693920;1642321;2374
"Soja total";2011/12;CHACO;22;683760;292035;762
"Soja total";2012/13;CHACO;22;548230;553794;1307
"Soja total";2013/14;CHACO;22;591300;1384537;2402
"Soja total";2014/15;CHACO;22;596980;1191340;2080
"Soja total";2015/16;CHACO;22;551940;1020146;1915
"Soja total";2016/17;CHACO;22;501068;1414659;3093
"Soja total";2017/18;CHACO;22;514340;1064920;2146
"Soja total";2018/19;CHACO;22;466994;1038828;2599
"Soja total";2019/20;CHACO;22;542973;1404299;2781
"Soja total";2020/21;CHACO;22;603020;1088975;1936
"Soja total";2021/22;CHACO;22;646350;1649432;2683
"Soja total";2022/23;CHACO;22;603124;1057294;1882
"Soja total";2023/24;CHACO;22;637470;663645;1220
"Soja total";2024/25;CHACO;22;639350;403337;1001
"Soja total";2010/11;CORDOBA;14;5047612;12230176;2430
"Soja total";2011/12;CORDOBA;14;5013251;9783900;2014
"Soja total";2012/13;CORDOBA;14;5349312;13180784;2508
"Soja total";2013/14;CORDOBA;14;5052760;14917671;3004
"Soja total";2014/15;CORDOBA;14;5413330;18619067;3523
"Soja total";2015/16;CORDOBA;14;5579530;17922969;3382
"Soja total";2016/17;CORDOBA;14;4871202;15659788;3281
"Soja total";2017/18;CORDOBA;14;4463610;10732887;2567
"Soja total";2018/19;CORDOBA;14;4454424;15355555;3528
"Soja total";2019/20;CORDOBA;14;4525544;13467680;2998
"Soja total";2020/21;CORDOBA;14;4269777;13625152;3224
"Soja total";2021/22;CORDOBA;14;4212534;11910526;2855
"Soja total";2022/23;CORDOBA;14;4198034;6264013;1573
"Soja total";2023/24;CORDOBA;14;4136553;12662371;3074
"Soja total";2024/25;CORDOBA;14;4614734;14628597;3181
"Soja total";2010/11;CORRIENTES;18;16795;29068;1750
"Soja total";2011/12;CORRIENTES;18;25000;25000;1000
"Soja total";2012/13;CORRIENTES;18;15000;18000;1200
"Soja total";2013/14;CORRIENTES;18;25000;50000;2000
"Soja total";2014/15;CORRIENTES;18;20000;40000;2000
"Soja total";2015/16;CORRIENTES;18;23000;41400;1800
"Soja total";2016/17;CORRIENTES;18;20000;40000;2000
"Soja total";2017/18;CORRIENTES;18;20000;40000;2000
"Soja total";2018/19;CORRIENTES;18;5190;13712;2642
"Soja total";2019/20;CORRIENTES;18;5190;13074;2519
"Soja total";2020/21;CORRIENTES;18;5190;13074;2519
"Soja total";2021/22;CORRIENTES;18;5190;7436;1433
"Soja total";2022/23;CORRIENTES;18;6000;8500;1417
"Soja total";2023/24;CORRIENTES;18;6000;15900;2650
"Soja total";2024/25;CORRIENTES;18;7100;8010;1443
"Soja total";2010/11;"ENTRE RIOS";30;1468000;3597310;2456
"Soja total";2011/12;"ENTRE RIOS";30;1331700;3099513;2339
"Soja total";2012/13;"ENTRE RIOS";30;1418600;3528855;2489
"Soja total";2013/14;"ENTRE RIOS";30;1504900;3974603;2646
"Soja total";2014/15;"ENTRE RIOS";30;1564990;4324895;2771
"Soja total";2015/16;"ENTRE RIOS";30;1466000;2561150;1950
"Soja total";2016/17;"ENTRE RIOS";30;1326400;3701589;2806
"Soja total";2017/18;"ENTRE RIOS";30;1319900;1368200;1154
"Soja total";2018/19;"ENTRE RIOS";30;1177700;3252276;2777
"Soja total";2019/20;"ENTRE RIOS";30;1164550;2489320;2149
"Soja total";2020/21;"ENTRE RIOS";30;1112620;1974518;1810
"Soja total";2021/22;"ENTRE RIOS";30;1084100;2565755;2381
"Soja total";2022/23;"ENTRE RIOS";30;973500;634952;971
"Soja total";2023/24;"ENTRE RIOS";30;1091400;2712145;2485
"Soja total";2024/25;"ENTRE RIOS";30;1251450;3372215;2695
"Soja total";2010/11;FORMOSA;34;6100;4650;1500
"Soja total";2011/12;FORMOSA;34;12000;11400;950
"Soja total";2012/13;FORMOSA;34;10000;12000;1200
"Soja total";2013/14;FORMOSA;34;15000;30000;2000
"Soja total";2014/15;FORMOSA;34;17900;35800;2000
"Soja total";2015/16;FORMOSA;34;17900;35800;2000
"Soja total";2016/17;FORMOSA;34;18500;45125;2500
"Soja total";2017/18;FORMOSA;34;25000;61250;2500
"Soja total";2018/19;FORMOSA;34;25000;60500;2500
"Soja total";2019/20;FORMOSA;34;25000;17500;2500
"Soja total";2020/21;FORMOSA;34;9738;8490;2500
"Soja total";2021/22;FORMOSA;34;20179;28712;2090
"Soja total";2022/23;FORMOSA;34;15520;30050;1936
"Soja total";2023/24;FORMOSA;34;16513;16513;1000
"Soja total";2024/25;FORMOSA;34;22000;38800;1764
"Soja total";2010/11;JUJUY;38;12150;34635;2851
"Soja total";2011/12;JUJUY;38;12150;30670;2524
"Soja total";2012/13;JUJUY;38;9220;11564;1537
"Soja total";2013/14;JUJUY;38;6700;16897;2522
"Soja total";2014/15;JUJUY;38;6840;18476;2701
"Soja total";2015/16;JUJUY;38;6840;14551;2364
"Soja total";2016/17;JUJUY;38;7238;12018;2000
"Soja total";2017/18;JUJUY;38;7240;14753;2100
"Soja total";2018/19;JUJUY;38;7240;20272;2800
"Soja total";2019/20;JUJUY;38;6730;16825;2500
"Soja total";2020/21;JUJUY;38;10767;37685;3500
"Soja total";2021/22;JUJUY;38;9581;23125;2414
"Soja total";2022/23;JUJUY;38;7800;11699;1500
"Soja total";2023/24;JUJUY;38;10209;22905;2300
"Soja total";2024/25;JUJUY;38;7259;14396;2000
"Soja total";2010/11;"LA PAMPA";42;402300;599900;1525
"Soja total";2011/12;"LA PAMPA";42;396875;1030664;2683
"Soja total";2012/13;"LA PAMPA";42;447400;812650;1868
"Soja total";2013/14;"LA PAMPA";42;521100;1022370;2019
"Soja total";2014/15;"LA PAMPA";42;484900;1271770;2729
"Soja total";2015/16;"LA PAMPA";42;553225;1807291;3391
"Soja total";2016/17;"LA PAMPA";42;496000;1271870;2969
"Soja total";2017/18;"LA PAMPA";42;431400;1121020;2684
"Soja total";2018/19;"LA PAMPA";42;484600;1583251;3380
"Soja total";2019/20;"LA PAMPA";42;506700;1619630;3248
"Soja total";2020/21;"LA PAMPA";42;493517;1123733;2331
"Soja total";2021/22;"LA PAMPA";42;393500;1140710;3055
"Soja total";2022/23;"LA PAMPA";42;431050;759420;1869
"Soja total";2023/24;"LA PAMPA";42;541300;1615770;3060
"Soja total";2024/25;"LA PAMPA";42;406900;1008942;2521
"Soja total";2010/11;MISIONES;54;1810;4496;2526
"Soja total";2011/12;MISIONES;54;880;564;887
"Soja total";2012/13;MISIONES;54;1095;2842;2595
"Soja total";2013/14;MISIONES;54;1300;3294;2534
"Soja total";2014/15;MISIONES;54;1300;3683;2833
"Soja total";2015/16;MISIONES;54;1550;4542;2998
"Soja total";2016/17;MISIONES;54;2550;5545;2297
"Soja total";2017/18;MISIONES;54;2830;7873;2782
"Soja total";2018/19;MISIONES;54;3750;10844;2892
"Soja total";2019/20;MISIONES;54;3750;9740;2597
"Soja total";2020/21;MISIONES;54;3750;11769;3179
"Soja total";2021/22;MISIONES;54;3501;3063;1501
"Soja total";2022/23;MISIONES;54;3988;9171;2300
"Soja total";2023/24;MISIONES;54;4309;17236;4000
"Soja total";2024/25;MISIONES;54;4324;15134;3500
"Soja total";2010/11;SALTA;66;599515;1775489;2962
"Soja total";2011/12;SALTA;66;600015;668035;1264
"Soja total";2012/13;SALTA;66;557760;267607;841
"Soja total";2013/14;SALTA;66;492405;869009;1841
"Soja total";2014/15;SALTA;66;439988;1145936;2604
"Soja total";2015/16;SALTA;66;423757;872479;2141
"Soja total";2016/17;SALTA;66;463800;1114335;2437
"Soja total";2017/18;SALTA;66;466320;1041705;2234
"Soja total";2018/19;SALTA;66;439512;1186684;2700
"Soja total";2019/20;SALTA;66;390409;955757;2448
"Soja total";2020/21;SALTA;66;334717;895575;2676
"Soja total";2021/22;SALTA;66;317643;538034;1703
"Soja total";2022/23;SALTA;66;309661;522673;1690
"Soja total";2023/24;SALTA;66;310040;700258;2264
"Soja total";2024/25;SALTA;66;308223;740811;2405
"Soja total";2010/11;"SAN LUIS";74;171400;402420;2348
"Soja total";2011/12;"SAN LUIS";74;170700;296890;1739
"Soja total";2012/13;"SAN LUIS";74;398790;678444;1722
"Soja total";2013/14;"SAN LUIS";74;354730;848815;2393
"Soja total";2014/15;"SAN LUIS";74;343500;962870;2803
"Soja total";2015/16;"SAN LUIS";74;396926;1228333;3165
"Soja total";2016/17;"SAN LUIS";74;307340;837463;2725
"Soja total";2017/18;"SAN LUIS";74;325750;701480;2153
"Soja total";2018/19;"SAN LUIS";74;308500;668660;2190
"Soja total";2019/20;"SAN LUIS";74;296300;379245;1309
"Soja total";2020/21;"SAN LUIS";74;198000;471280;2380
"Soja total";2021/22;"SAN LUIS";74;218200;487250;2233
"Soja total";2022/23;"SAN LUIS";74;222400;314120;1599
"Soja total";2023/24;"SAN LUIS";74;229800;410105;1801
"Soja total";2024/25;"SAN LUIS";74;215850;410091;1900
"Soja total";2010/11;"SANTA FE";82;3107737;9741349;3148
"Soja total";2011/12;"SANTA FE";82;3107800;8176630;2718
"Soja total";2012/13;"SANTA FE";82;3128500;10383917;3325
"Soja total";2013/14;"SANTA FE";82;3254768;9958834;3103
"Soja total";2014/15;"SANTA FE";82;3224550;11804131;3776
"Soja total";2015/16;"SANTA FE";82;3468912;8317217;2663
"Soja total";2016/17;"SANTA FE";82;2957363;9762280;3447
"Soja total";2017/18;"SANTA FE";82;3011720;6852404;2413
"Soja total";2018/19;"SANTA FE";82;2838202;10520091;3847
"Soja total";2019/20;"SANTA FE";82;3007360;9399967;3160
"Soja total";2020/21;"SANTA FE";82;3038334;9280032;3054
"Soja total";2021/22;"SANTA FE";82;2877651;8272320;2894
"Soja total";2022/23;"SANTA FE";82;2873207;3829670;1549
"Soja total";2023/24;"SANTA FE";82;3060735;10796728;3545
"Soja total";2024/25;"SANTA FE";82;3389223;11463852;3410
"Soja total";2010/11;"SANTIAGO DEL ESTERO";86;1100000;2467800;2243
"Soja total";2011/12;"SANTIAGO DEL ESTERO";86;1073000;873010;1081
"Soja total";2012/13;"SANTIAGO DEL ESTERO";86;1148210;1768179;1561
"Soja total";2013/14;"SANTIAGO DEL ESTERO";86;970350;2737945;2822
"Soja total";2014/15;"SANTIAGO DEL ESTERO";86;869000;1915310;2460
"Soja total";2015/16;"SANTIAGO DEL ESTERO";86;980572;2498134;2653
"Soja total";2016/17;"SANTIAGO DEL ESTERO";86;871840;3159862;3650
"Soja total";2017/18;"SANTIAGO DEL ESTERO";86;894290;2353796;2653
"Soja total";2018/19;"SANTIAGO DEL ESTERO";86;1028772;3142543;3208
"Soja total";2019/20;"SANTIAGO DEL ESTERO";86;1057280;3377967;3212
"Soja total";2020/21;"SANTIAGO DEL ESTERO";86;1078150;3603230;3342
"Soja total";2021/22;"SANTIAGO DEL ESTERO";86;1078120;3340985;3099
"Soja total";2022/23;"SANTIAGO DEL ESTERO";86;1129500;2823432;2500
"Soja total";2023/24;"SANTIAGO DEL ESTERO";86;1123180;3030971;2742
"Soja total";2024/25;"SANTIAGO DEL ESTERO";86;1415045;2895233;2307
"Soja total";2010/11;TUCUMAN;90;254870;734662;2890
"Soja total";2011/12;TUCUMAN;90;230660;342911;1508
"Soja total";2012/13;TUCUMAN;90;200000;272490;1410
"Soja total";2013/14;TUCUMAN;90;208900;416001;2016
"Soja total";2014/15;TUCUMAN;90;198350;413749;2112
"Soja total";2015/16;TUCUMAN;90;212210;657627;3109
"Soja total";2016/17;TUCUMAN;90;203900;491374;2457
"Soja total";2017/18;TUCUMAN;90;188800;491962;2640
"Soja total";2018/19;TUCUMAN;90;185900;607826;3300
"Soja total";2019/20;TUCUMAN;90;174200;375896;2187
"Soja total";2020/21;TUCUMAN;90;166365;445254;2700
"Soja total";2021/22;TUCUMAN;90;153230;271969;1833
"Soja total";2022/23;TUCUMAN;90;164880;225108;1391
"Soja total";2023/24;TUCUMAN;90;172820;515021;2994
"Soja total";2024/25;TUCUMAN;90;185020;473057;2586
Sorgo;2010/11;"BUENOS AIRES";6;118050;459960;4741
Sorgo;2011/12;"BUENOS AIRES";6;136194;499620;5119
Sorgo;2012/13;"BUENOS AIRES";6;143790;475937;4429
Sorgo;2013/14;"BUENOS AIRES";6;140650;341860;4270
Sorgo;2014/15;"BUENOS AIRES";6;141570;473710;4500
Sorgo;2015/16;"BUENOS AIRES";6;134631;432821;4753
Sorgo;2016/17;"BUENOS AIRES";6;190510;536725;4817
Sorgo;2017/18;"BUENOS AIRES";6;162350;368046;4242
Sorgo;2018/19;"BUENOS AIRES";6;102605;335609;4944
Sorgo;2019/20;"BUENOS AIRES";6;97855;327372;4891
Sorgo;2020/21;"BUENOS AIRES";6;142888;484904;5251
Sorgo;2021/22;"BUENOS AIRES";6;120971;417490;4995
Sorgo;2022/23;"BUENOS AIRES";6;119082;293849;3952
Sorgo;2023/24;"BUENOS AIRES";6;113761;364912;5147
Sorgo;2024/25;"BUENOS AIRES";6;116248;305594;4611
Sorgo;2013/14;CATAMARCA;10;250;500;5000
Sorgo;2014/15;CATAMARCA;10;500;1260;4200
Sorgo;2015/16;CATAMARCA;10;400;940;4700
Sorgo;2016/17;CATAMARCA;10;300;840;4200
Sorgo;2017/18;CATAMARCA;10;250;230;2300
Sorgo;2018/19;CATAMARCA;10;200;450;4500
Sorgo;2019/20;CATAMARCA;10;2000;6080;3200
Sorgo;2020/21;CATAMARCA;10;1500;3369;3077
Sorgo;2021/22;CATAMARCA;10;1800;3518;2956
Sorgo;2022/23;CATAMARCA;10;1700;3048;2931
Sorgo;2023/24;CATAMARCA;10;3000;5484;2400
Sorgo;2024/25;CATAMARCA;10;2480;4895;2388
Sorgo;2010/11;CHACO;22;117900;308570;3168
Sorgo;2011/12;CHACO;22;134400;139370;2523
Sorgo;2012/13;CHACO;22;171650;250070;2271
Sorgo;2013/14;CHACO;22;133450;473310;4384
Sorgo;2014/15;CHACO;22;73460;221950;3428
Sorgo;2015/16;CHACO;22;64350;227734;3571
Sorgo;2016/17;CHACO;22;41290;164087;4182
Sorgo;2017/18;CHACO;22;40890;134079;3532
Sorgo;2018/19;CHACO;22;38495;117644;3512
Sorgo;2019/20;CHACO;22;41000;118465;3980
Sorgo;2020/21;CHACO;22;90430;221374;3182
Sorgo;2021/22;CHACO;22;81200;161192;2700
Sorgo;2022/23;CHACO;22;66380;92629;2238
Sorgo;2023/24;CHACO;22;79700;126372;1758
Sorgo;2024/25;CHACO;22;99350;94462;1605
Sorgo;2010/11;CORDOBA;14;186100;792480;5136
Sorgo;2011/12;CORDOBA;14;243300;1005990;4973
Sorgo;2012/13;CORDOBA;14;262300;1046760;5550
Sorgo;2013/14;CORDOBA;14;226600;994790;4910
Sorgo;2014/15;CORDOBA;14;183906;920576;6175
Sorgo;2015/16;CORDOBA;14;190990;862515;5648
Sorgo;2016/17;CORDOBA;14;97350;410149;5805
Sorgo;2017/18;CORDOBA;14;42150;183616;4830
Sorgo;2018/19;CORDOBA;14;44077;217178;5766
Sorgo;2019/20;CORDOBA;14;58993;289188;5570
Sorgo;2020/21;CORDOBA;14;153579;749843;5735
Sorgo;2021/22;CORDOBA;14;165920;742644;4988
Sorgo;2022/23;CORDOBA;14;92242;253103;3604
Sorgo;2023/24;CORDOBA;14;115386;491667;4931
Sorgo;2024/25;CORDOBA;14;191632;878262;5250
Sorgo;2010/11;CORRIENTES;18;5510;12112;2262
Sorgo;2011/12;CORRIENTES;18;6000;14400;2400
Sorgo;2013/14;CORRIENTES;18;4870;13550;3501
Sorgo;2014/15;CORRIENTES;18;4800;8250;2500
Sorgo;2015/16;CORRIENTES;18;5000;12000;3000
Sorgo;2016/17;CORRIENTES;18;4000;7500;3000
Sorgo;2018/19;CORRIENTES;18;4800;16127;4200
Sorgo;2019/20;CORRIENTES;18;4800;16127;4200
Sorgo;2020/21;CORRIENTES;18;4800;19200;4000
Sorgo;2021/22;CORRIENTES;18;4800;4311;3000
Sorgo;2022/23;CORRIENTES;18;5500;10800;3484
Sorgo;2023/24;CORRIENTES;18;5700;10850;4019
Sorgo;2024/25;CORRIENTES;18;6000;9800;3500
Sorgo;2010/11;"ENTRE RIOS";30;123500;561770;4994
Sorgo;2011/12;"ENTRE RIOS";30;193700;1026630;5751
Sorgo;2012/13;"ENTRE RIOS";30;136500;633650;4867
Sorgo;2013/14;"ENTRE RIOS";30;125000;547940;4683
Sorgo;2014/15;"ENTRE RIOS";30;96200;441990;5200
Sorgo;2015/16;"ENTRE RIOS";30;98500;399300;4676
Sorgo;2016/17;"ENTRE RIOS";30;121400;558250;5252
Sorgo;2017/18;"ENTRE RIOS";30;101000;326470;3823
Sorgo;2018/19;"ENTRE RIOS";30;84800;409315;5330
Sorgo;2019/20;"ENTRE RIOS";30;68600;332790;5394
Sorgo;2020/21;"ENTRE RIOS";30;130300;524655;4297
Sorgo;2021/22;"ENTRE RIOS";30;97460;382505;4476
Sorgo;2022/23;"ENTRE RIOS";30;90950;191933;2721
Sorgo;2023/24;"ENTRE RIOS";30;62550;267750;4946
Sorgo;2024/25;"ENTRE RIOS";30;108500;437182;4472
Sorgo;2010/11;FORMOSA;34;1480;4070;2750
Sorgo;2011/12;FORMOSA;34;1480;3550;2399
Sorgo;2013/14;FORMOSA;34;1500;2250;3000
Sorgo;2014/15;FORMOSA;34;4950;13110;3000
Sorgo;2015/16;FORMOSA;34;9500;10500;3500
Sorgo;2016/17;FORMOSA;34;23000;66000;3000
Sorgo;2017/18;FORMOSA;34;43000;97320;2400
Sorgo;2018/19;FORMOSA;34;16000;4750;2500
Sorgo;2019/20;FORMOSA;34;8000;3120;2600
Sorgo;2020/21;FORMOSA;34;28000;14750;2500
Sorgo;2021/22;FORMOSA;34;19291;4365;2530
Sorgo;2022/23;FORMOSA;34;14740;8843;2500
Sorgo;2023/24;FORMOSA;34;20000;9000;3000
Sorgo;2024/25;FORMOSA;34;5100;2678;3501
Sorgo;2019/20;JUJUY;38;500;1400;2800
Sorgo;2020/21;JUJUY;38;1921;4612;4000
Sorgo;2021/22;JUJUY;38;1313;3476;3782
Sorgo;2022/23;JUJUY;38;1313;3151;3001
Sorgo;2023/24;JUJUY;38;2883;7800;3000
Sorgo;2024/25;JUJUY;38;2252;7693;3600
Sorgo;2010/11;"LA PAMPA";42;161300;248350;3361
Sorgo;2011/12;"LA PAMPA";42;127100;329200;4770
Sorgo;2012/13;"LA PAMPA";42;85900;109100;2209
Sorgo;2013/14;"LA PAMPA";42;68200;72090;2152
Sorgo;2014/15;"LA PAMPA";42;39900;92822;3426
Sorgo;2015/16;"LA PAMPA";42;40700;149800;3736
Sorgo;2016/17;"LA PAMPA";42;31900;81150;3074
Sorgo;2017/18;"LA PAMPA";42;48900;83312;2612
Sorgo;2018/19;"LA PAMPA";42;43420;51690;2815
Sorgo;2019/20;"LA PAMPA";42;31300;67010;3662
Sorgo;2020/21;"LA PAMPA";42;44200;27810;3121
Sorgo;2021/22;"LA PAMPA";42;65600;70910;2646
Sorgo;2022/23;"LA PAMPA";42;16200;9500;2111
Sorgo;2023/24;"LA PAMPA";42;22900;57640;3848
Sorgo;2024/25;"LA PAMPA";42;26390;44178;3306
Sorgo;2019/20;SALTA;66;10000;27676;2768
Sorgo;2020/21;SALTA;66;54885;98336;1980
Sorgo;2021/22;SALTA;66;30668;42514;1618
Sorgo;2022/23;SALTA;66;25955;44518;2049
Sorgo;2023/24;SALTA;66;38858;112369;3085
Sorgo;2024/25;SALTA;66;36075;79240;2525
Sorgo;2010/11;"SAN LUIS";74;27300;92520;4395
Sorgo;2011/12;"SAN LUIS";74;32000;86300;3402
Sorgo;2012/13;"SAN LUIS";74;33548;102210;4094
Sorgo;2013/14;"SAN LUIS";74;31700;107030;4423
Sorgo;2014/15;"SAN LUIS";74;30900;95860;5059
Sorgo;2015/16;"SAN LUIS";74;26300;45110;5069
Sorgo;2016/17;"SAN LUIS";74;13700;30000;4478
Sorgo;2017/18;"SAN LUIS";74;12650;15000;3797
Sorgo;2018/19;"SAN LUIS";74;12050;17050;3747
Sorgo;2019/20;"SAN LUIS";74;14750;27370;2881
Sorgo;2020/21;"SAN LUIS";74;22050;71285;3971
Sorgo;2021/22;"SAN LUIS";74;24350;62400;3793
Sorgo;2022/23;"SAN LUIS";74;19200;27955;2727
Sorgo;2023/24;"SAN LUIS";74;21000;45026;3579
Sorgo;2024/25;"SAN LUIS";74;22150;44125;3410
Sorgo;2010/11;"SANTA FE";82;188012;743830;5077
Sorgo;2011/12;"SANTA FE";82;188900;651890;5061
Sorgo;2012/13;"SANTA FE";82;186700;724140;4764
Sorgo;2013/14;"SANTA FE";82;148430;536410;4947
Sorgo;2014/15;"SANTA FE";82;145300;500350;4954
Sorgo;2015/16;"SANTA FE";82;135200;404560;4485
Sorgo;2016/17;"SANTA FE";82;113030;357090;4556
Sorgo;2017/18;"SANTA FE";82;104030;195790;3463
Sorgo;2018/19;"SANTA FE";82;85774;201256;4818
Sorgo;2019/20;"SANTA FE";82;97130;363345;5136
Sorgo;2020/21;"SANTA FE";82;180980;679100;4848
Sorgo;2021/22;"SANTA FE";82;193416;593653;4179
Sorgo;2022/23;"SANTA FE";82;157243;303373;3133
Sorgo;2023/24;"SANTA FE";82;195948;662097;4574
Sorgo;2024/25;"SANTA FE";82;222702;584775;4540
Sorgo;2010/11;"SANTIAGO DEL ESTERO";86;301000;1221120;4058
Sorgo;2011/12;"SANTIAGO DEL ESTERO";86;200000;487870;3312
Sorgo;2012/13;"SANTIAGO DEL ESTERO";86;133925;287890;2298
Sorgo;2013/14;"SANTIAGO DEL ESTERO";86;111225;361230;3420
Sorgo;2014/15;"SANTIAGO DEL ESTERO";86;116000;308840;3252
Sorgo;2015/16;"SANTIAGO DEL ESTERO";86;137000;484050;3607
Sorgo;2016/17;"SANTIAGO DEL ESTERO";86;87600;304490;4022
Sorgo;2017/18;"SANTIAGO DEL ESTERO";86;81200;151185;2812
Sorgo;2018/19;"SANTIAGO DEL ESTERO";86;85500;218056;4110
Sorgo;2019/20;"SANTIAGO DEL ESTERO";86;81000;240331;3636
Sorgo;2020/21;"SANTIAGO DEL ESTERO";86;123800;402233;4065
Sorgo;2021/22;"SANTIAGO DEL ESTERO";86;128362;375926;3797
Sorgo;2022/23;"SANTIAGO DEL ESTERO";86;131650;352529;3640
Sorgo;2023/24;"SANTIAGO DEL ESTERO";86;135450;314300;3097
Sorgo;2024/25;"SANTIAGO DEL ESTERO";86;148920;325826;2962
Sorgo;2010/11;TUCUMAN;90;3300;13660;6209
Sorgo;2011/12;TUCUMAN;90;3230;7490;3405
Sorgo;2012/13;TUCUMAN;90;3650;6080;3071
Sorgo;2013/14;TUCUMAN;90;5550;15450;4352
Sorgo;2014/15;TUCUMAN;90;6600;19430;4318
Sorgo;2016/17;TUCUMAN;90;4200;10650;4329
Sorgo;2017/18;TUCUMAN;90;4200;8397;3339
Sorgo;2018/19;TUCUMAN;90;4500;12310;3847
Sorgo;2019/20;TUCUMAN;90;4200;9640;3443
Sorgo;2020/21;TUCUMAN;90;6200;17870;3372
Sorgo;2021/22;TUCUMAN;90;8000;18397;2884
Sorgo;2022/23;TUCUMAN;90;7500;14871;2951
Sorgo;2023/24;TUCUMAN;90;9950;20266;2317
Sorgo;2024/25;TUCUMAN;90;18000;34440;2383
Té;2010/11;CORRIENTES;18;2100;20095;10305
Té;2011/12;CORRIENTES;18;1761;16476;10227
Té;2012/13;CORRIENTES;18;1761;17285;10469
Té;2013/14;CORRIENTES;18;1761;19132;11247
Té;2014/15;CORRIENTES;18;1761;21468;12621
Té;2015/16;CORRIENTES;18;1761;21933;12894
Té;2016/17;CORRIENTES;18;1761;20933;12306
Té;2017/18;CORRIENTES;18;1761;21395;12149
Té;2018/19;CORRIENTES;18;1500;21125;14083
Té;2019/20;CORRIENTES;18;1400;19400;13857
Té;2020/21;CORRIENTES;18;1061;11849;11168
Té;2021/22;CORRIENTES;18;1061;8968;8452
Té;2022/23;CORRIENTES;18;1061;7971;7513
Té;2023/24;CORRIENTES;18;1061;7727;9310
Té;2024/25;CORRIENTES;18;1061;6685;8054
Té;2010/11;MISIONES;54;36166;395269;11281
Té;2011/12;MISIONES;54;37100;368235;10104
Té;2012/13;MISIONES;54;37850;365281;9808
Té;2013/14;MISIONES;54;37850;357080;9517
Té;2014/15;MISIONES;54;37850;349576;9317
Té;2015/16;MISIONES;54;37850;360685;9613
Té;2016/17;MISIONES;54;37850;345226;9201
Té;2017/18;MISIONES;54;37850;348218;9200
Té;2018/19;MISIONES;54;32630;353990;10849
Té;2019/20;MISIONES;54;31580;315825;10001
Té;2020/21;MISIONES;54;29039;324281;11167
Té;2021/22;MISIONES;54;29039;346080;11918
Té;2022/23;MISIONES;54;29039;336232;11579
Té;2023/24;MISIONES;54;29039;349026;12019
Té;2024/25;MISIONES;54;29039;302046;10401
"Trigo candeal";2010/11;"BUENOS AIRES";6;51420;187378;3743
"Trigo candeal";2011/12;"BUENOS AIRES";6;53200;166918;3141
"Trigo candeal";2012/13;"BUENOS AIRES";6;34516;101924;2979
"Trigo candeal";2013/14;"BUENOS AIRES";6;40500;123970;3084
"Trigo candeal";2014/15;"BUENOS AIRES";6;75365;205027;2951
"Trigo candeal";2015/16;"BUENOS AIRES";6;69790;249466;3584
"Trigo candeal";2016/17;"BUENOS AIRES";6;56388;150148;2725
"Trigo candeal";2017/18;"BUENOS AIRES";6;52548;170978;3314
"Trigo candeal";2018/19;"BUENOS AIRES";6;44295;145646;3714
"Trigo candeal";2019/20;"BUENOS AIRES";6;45150;134720;3051
"Trigo candeal";2020/21;"BUENOS AIRES";6;112917;444478;3937
"Trigo candeal";2021/22;"BUENOS AIRES";6;82260;240525;2934
"Trigo candeal";2022/23;"BUENOS AIRES";6;77128;192692;2499
"Trigo candeal";2023/24;"BUENOS AIRES";6;102930;261023;2537
"Trigo candeal";2024/25;"BUENOS AIRES";6;99348;296820;2989
"Trigo candeal";2024/25;CATAMARCA;10;300;297;1100
"Trigo candeal";2020/21;CORDOBA;14;2384;5404;2267
"Trigo candeal";2021/22;CORDOBA;14;2621;8041;3106
"Trigo candeal";2022/23;CORDOBA;14;1898;4760;2647
"Trigo candeal";2023/24;CORDOBA;14;2625;6610;2518
"Trigo candeal";2024/25;CORDOBA;14;4674;11530;2467
"Trigo candeal";2020/21;"ENTRE RIOS";30;175;438;2503
"Trigo candeal";2021/22;FORMOSA;34;905;1240;1370
"Trigo candeal";2022/23;FORMOSA;34;400;520;1300
"Trigo candeal";2024/25;"LA PAMPA";42;1130;2260;2000
"Trigo candeal";2019/20;SALTA;66;4630;17131;3700
"Trigo candeal";2020/21;SALTA;66;5885;17007;2890
"Trigo candeal";2021/22;SALTA;66;5386;20992;3898
"Trigo candeal";2022/23;SALTA;66;5200;17782;3420
"Trigo candeal";2023/24;SALTA;66;4580;11779;2572
"Trigo candeal";2024/25;SALTA;66;8133;10423;1282
"Trigo candeal";2010/11;"SAN LUIS";74;1000;4900;4900
"Trigo candeal";2011/12;"SAN LUIS";74;800;2880;3600
"Trigo candeal";2012/13;"SAN LUIS";74;600;2100;3500
"Trigo candeal";2013/14;"SAN LUIS";74;500;2600;5200
"Trigo candeal";2014/15;"SAN LUIS";74;400;1160;2900
"Trigo candeal";2015/16;"SAN LUIS";74;300;1140;3800
"Trigo candeal";2016/17;"SAN LUIS";74;500;1800;3600
"Trigo candeal";2017/18;"SAN LUIS";74;600;2460;4100
"Trigo candeal";2018/19;"SAN LUIS";74;800;2800;3500
"Trigo candeal";2019/20;"SAN LUIS";74;800;2800;3500
"Trigo candeal";2020/21;"SAN LUIS";74;600;2040;3400
"Trigo candeal";2021/22;"SAN LUIS";74;4000;15800;3950
"Trigo candeal";2022/23;"SAN LUIS";74;2900;7060;2521
"Trigo candeal";2023/24;"SAN LUIS";74;2900;11580;3993
"Trigo candeal";2024/25;"SAN LUIS";74;4600;19150;4163
"Trigo candeal";2020/21;"SANTA FE";82;520;856;1646
"Trigo candeal";2021/22;"SANTA FE";82;150;480;3200
"Trigo candeal";2023/24;"SANTA FE";82;50;110;2200
"Trigo candeal";2024/25;"SANTA FE";82;1200;720;600
"Trigo candeal";2020/21;"SANTIAGO DEL ESTERO";86;2674;4011;1500
"Trigo candeal";2021/22;"SANTIAGO DEL ESTERO";86;4400;5800;1758
"Trigo candeal";2022/23;"SANTIAGO DEL ESTERO";86;2900;3500;1207
"Trigo candeal";2023/24;"SANTIAGO DEL ESTERO";86;3200;5650;1766
"Trigo candeal";2024/25;"SANTIAGO DEL ESTERO";86;3200;3316;1087
"Trigo candeal";2011/12;TUCUMAN;90;10200;13160;1290
"Trigo candeal";2012/13;TUCUMAN;90;7300;5390;901
"Trigo candeal";2013/14;TUCUMAN;90;850;140;560
"Trigo candeal";2014/15;TUCUMAN;90;4200;7160;1705
"Trigo candeal";2015/16;TUCUMAN;90;4550;5670;1271
"Trigo candeal";2016/17;TUCUMAN;90;7650;10478;1451
"Trigo candeal";2017/18;TUCUMAN;90;8950;8280;1000
"Trigo candeal";2018/19;TUCUMAN;90;2900;1770;957
"Trigo candeal";2019/20;TUCUMAN;90;2900;1770;957
"Trigo candeal";2020/21;TUCUMAN;90;4100;2895;869
"Trigo candeal";2021/22;TUCUMAN;90;4380;2898;723
"Trigo candeal";2022/23;TUCUMAN;90;3580;2489;789
"Trigo candeal";2023/24;TUCUMAN;90;4950;6210;1255
"Trigo candeal";2024/25;TUCUMAN;90;4950;5442;1183
"Trigo total";2010/11;"BUENOS AIRES";6;2296230;9233514;4044
"Trigo total";2011/12;"BUENOS AIRES";6;2277150;8537626;3879
"Trigo total";2012/13;"BUENOS AIRES";6;1245804;3664848;3096
"Trigo total";2013/14;"BUENOS AIRES";6;1638495;5617211;3429
"Trigo total";2014/15;"BUENOS AIRES";6;2187465;6468158;3091
"Trigo total";2015/16;"BUENOS AIRES";6;1510751;4958819;3527
"Trigo total";2016/17;"BUENOS AIRES";6;2354200;7548338;3567
"Trigo total";2017/18;"BUENOS AIRES";6;1989714;7611227;3864
"Trigo total";2018/19;"BUENOS AIRES";6;2342984;9017580;3993
"Trigo total";2019/20;"BUENOS AIRES";6;2484078;7810038;3239
"Trigo total";2020/21;"BUENOS AIRES";6;2747910;10480586;3833
"Trigo total";2021/22;"BUENOS AIRES";6;2601214;9687585;3815
"Trigo total";2022/23;"BUENOS AIRES";6;2641414;6132032;2454
"Trigo total";2023/24;"BUENOS AIRES";6;2415159;7955064;3400
"Trigo total";2024/25;"BUENOS AIRES";6;2620117;9265428;3543
"Trigo total";2010/11;CATAMARCA;10;22000;35200;1600
"Trigo total";2011/12;CATAMARCA;10;22000;46200;2100
"Trigo total";2012/13;CATAMARCA;10;22240;16960;800
"Trigo total";2013/14;CATAMARCA;10;1700;560;615
"Trigo total";2014/15;CATAMARCA;10;15000;14180;1891
"Trigo total";2015/16;CATAMARCA;10;37020;55270;1499
"Trigo total";2016/17;CATAMARCA;10;34700;37312;1197
"Trigo total";2017/18;CATAMARCA;10;39150;38230;1000
"Trigo total";2018/19;CATAMARCA;10;16400;10392;1096
"Trigo total";2019/20;CATAMARCA;10;27200;31578;1199
"Trigo total";2020/21;CATAMARCA;10;21100;20605;1099
"Trigo total";2021/22;CATAMARCA;10;21630;23500;1197
"Trigo total";2022/23;CATAMARCA;10;19100;18092;998
"Trigo total";2023/24;CATAMARCA;10;20100;25778;1298
"Trigo total";2024/25;CATAMARCA;10;20400;19703;1001
"Trigo total";2010/11;CHACO;22;157700;317970;2028
"Trigo total";2011/12;CHACO;22;173700;233860;1465
"Trigo total";2012/13;CHACO;22;48270;33340;1046
"Trigo total";2013/14;CHACO;22;75620;21090;551
"Trigo total";2014/15;CHACO;22;90020;70650;1087
"Trigo total";2015/16;CHACO;22;113980;150010;1471
"Trigo total";2016/17;CHACO;22;115800;109282;1432
"Trigo total";2017/18;CHACO;22;142378;192866;1420
"Trigo total";2018/19;CHACO;22;149750;281989;1901
"Trigo total";2019/20;CHACO;22;168098;337271;2029
"Trigo total";2020/21;CHACO;22;129930;62633;814
"Trigo total";2021/22;CHACO;22;146000;153147;1085
"Trigo total";2022/23;CHACO;22;115250;101047;927
"Trigo total";2023/24;CHACO;22;87150;67797;848
"Trigo total";2024/25;CHACO;22;97980;107811;1156
"Trigo total";2010/11;CORDOBA;14;545550;1788740;3405
"Trigo total";2011/12;CORDOBA;14;514720;1429060;2928
"Trigo total";2012/13;CORDOBA;14;487881;1378460;2918
"Trigo total";2013/14;CORDOBA;14;724830;1028520;1620
"Trigo total";2014/15;CORDOBA;14;1141000;3027430;2698
"Trigo total";2015/16;CORDOBA;14;1071240;2258520;2552
"Trigo total";2016/17;CORDOBA;14;1580050;4882795;3438
"Trigo total";2017/18;CORDOBA;14;1236318;4195464;3512
"Trigo total";2018/19;CORDOBA;14;1276181;3271488;2734
"Trigo total";2019/20;CORDOBA;14;1448787;4070031;2975
"Trigo total";2020/21;CORDOBA;14;1025044;1602505;1717
"Trigo total";2021/22;CORDOBA;14;1131548;3750038;3471
"Trigo total";2022/23;CORDOBA;14;932438;1567065;1804
"Trigo total";2023/24;CORDOBA;14;824609;1581580;2166
"Trigo total";2024/25;CORDOBA;14;959999;2280460;2588
"Trigo total";2010/11;CORRIENTES;18;7170;11766;1675
"Trigo total";2011/12;CORRIENTES;18;1000;1100;1100
"Trigo total";2012/13;CORRIENTES;18;1000;1000;1000
"Trigo total";2018/19;CORRIENTES;18;2545;6860;2800
"Trigo total";2019/20;CORRIENTES;18;2500;3200;2000
"Trigo total";2020/21;CORRIENTES;18;1570;4396;2800
"Trigo total";2021/22;CORRIENTES;18;1570;3140;2000
"Trigo total";2022/23;CORRIENTES;18;2300;7360;3200
"Trigo total";2023/24;CORRIENTES;18;3000;8700;2900
"Trigo total";2024/25;CORRIENTES;18;4700;14100;3000
"Trigo total";2010/11;"ENTRE RIOS";30;279400;1129757;4044
"Trigo total";2011/12;"ENTRE RIOS";30;296300;1081613;3663
"Trigo total";2012/13;"ENTRE RIOS";30;218290;586958;2718
"Trigo total";2013/14;"ENTRE RIOS";30;284940;830348;2959
"Trigo total";2014/15;"ENTRE RIOS";30;318000;830205;2646
"Trigo total";2015/16;"ENTRE RIOS";30;234050;707051;3132
"Trigo total";2016/17;"ENTRE RIOS";30;375800;1121848;3242
"Trigo total";2017/18;"ENTRE RIOS";30;417530;1110361;2687
"Trigo total";2018/19;"ENTRE RIOS";30;502000;1821420;3632
"Trigo total";2019/20;"ENTRE RIOS";30;475000;1303940;2749
"Trigo total";2020/21;"ENTRE RIOS";30;549875;1420068;2599
"Trigo total";2021/22;"ENTRE RIOS";30;560000;1878980;3358
"Trigo total";2022/23;"ENTRE RIOS";30;623100;1942199;3234
"Trigo total";2023/24;"ENTRE RIOS";30;690400;2210910;3382
"Trigo total";2024/25;"ENTRE RIOS";30;712200;2217630;3207
"Trigo total";2010/11;FORMOSA;34;3000;4800;1600
"Trigo total";2011/12;FORMOSA;34;1000;1000;1000
"Trigo total";2012/13;FORMOSA;34;1000;1000;1000
"Trigo total";2021/22;FORMOSA;34;2345;3112;1327
"Trigo total";2022/23;FORMOSA;34;1500;1840;1227
"Trigo total";2023/24;FORMOSA;34;1750;1750;1000
"Trigo total";2024/25;FORMOSA;34;5174;8930;1726
"Trigo total";2010/11;JUJUY;38;3170;8070;2546
"Trigo total";2011/12;JUJUY;38;3230;8000;2477
"Trigo total";2012/13;JUJUY;38;2835;6630;2339
"Trigo total";2013/14;JUJUY;38;240;560;2333
"Trigo total";2014/15;JUJUY;38;2835;4730;2426
"Trigo total";2015/16;JUJUY;38;3435;6980;2032
"Trigo total";2016/17;JUJUY;38;3265;6788;2500
"Trigo total";2017/18;JUJUY;38;3265;3613;1107
"Trigo total";2018/19;JUJUY;38;4580;4580;1000
"Trigo total";2019/20;JUJUY;38;4580;6412;1400
"Trigo total";2020/21;JUJUY;38;3770;6032;1600
"Trigo total";2021/22;JUJUY;38;4207;9674;2300
"Trigo total";2022/23;JUJUY;38;3800;6840;1800
"Trigo total";2023/24;JUJUY;38;2345;4925;2100
"Trigo total";2024/25;JUJUY;38;2945;4152;1460
"Trigo total";2010/11;"LA PAMPA";42;105800;208576;1981
"Trigo total";2011/12;"LA PAMPA";42;204900;499930;2555
"Trigo total";2012/13;"LA PAMPA";42;191910;504600;2664
"Trigo total";2013/14;"LA PAMPA";42;196500;302120;1568
"Trigo total";2014/15;"LA PAMPA";42;330000;794665;2568
"Trigo total";2015/16;"LA PAMPA";42;272820;547362;2159
"Trigo total";2016/17;"LA PAMPA";42;381900;971433;2830
"Trigo total";2017/18;"LA PAMPA";42;295060;641571;2211
"Trigo total";2018/19;"LA PAMPA";42;363300;871280;2431
"Trigo total";2019/20;"LA PAMPA";42;335700;380970;1319
"Trigo total";2020/21;"LA PAMPA";42;352200;753140;2158
"Trigo total";2021/22;"LA PAMPA";42;296040;725488;2577
"Trigo total";2022/23;"LA PAMPA";42;206700;436220;2127
"Trigo total";2023/24;"LA PAMPA";42;271800;563170;2105
"Trigo total";2024/25;"LA PAMPA";42;268200;459370;1752
"Trigo total";2010/11;SALTA;66;193260;241200;1274
"Trigo total";2011/12;SALTA;66;193260;248280;1307
"Trigo total";2012/13;SALTA;66;161464;139750;893
"Trigo total";2013/14;SALTA;66;13695;28400;2200
"Trigo total";2014/15;SALTA;66;30125;17880;1651
"Trigo total";2015/16;SALTA;66;92442;131110;1628
"Trigo total";2016/17;SALTA;66;75900;89181;1784
"Trigo total";2017/18;SALTA;66;116620;123566;1137
"Trigo total";2018/19;SALTA;66;82403;78103;1027
"Trigo total";2019/20;SALTA;66;87028;129701;1490
"Trigo total";2020/21;SALTA;66;78180;89512;1175
"Trigo total";2021/22;SALTA;66;87986;95629;1103
"Trigo total";2022/23;SALTA;66;60010;69973;1172
"Trigo total";2023/24;SALTA;66;50248;52393;1055
"Trigo total";2024/25;SALTA;66;57903;78665;1359
"Trigo total";2010/11;"SAN LUIS";74;5850;14550;2745
"Trigo total";2011/12;"SAN LUIS";74;4600;13590;3124
"Trigo total";2012/13;"SAN LUIS";74;2790;7740;2774
"Trigo total";2013/14;"SAN LUIS";74;4180;10940;2749
"Trigo total";2014/15;"SAN LUIS";74;8450;16660;2044
"Trigo total";2015/16;"SAN LUIS";74;18380;38130;2745
"Trigo total";2016/17;"SAN LUIS";74;24200;56160;2581
"Trigo total";2017/18;"SAN LUIS";74;29590;72273;2546
"Trigo total";2018/19;"SAN LUIS";74;17950;23690;1710
"Trigo total";2019/20;"SAN LUIS";74;19250;37150;2405
"Trigo total";2020/21;"SAN LUIS";74;15625;17440;2215
"Trigo total";2021/22;"SAN LUIS";74;19800;43020;2887
"Trigo total";2022/23;"SAN LUIS";74;10200;14250;2065
"Trigo total";2023/24;"SAN LUIS";74;9450;22585;2823
"Trigo total";2024/25;"SAN LUIS";74;13350;39525;3253
"Trigo total";2010/11;"SANTA FE";82;444280;1826500;4163
"Trigo total";2011/12;"SANTA FE";82;433200;1533870;3560
"Trigo total";2012/13;"SANTA FE";82;502864;1369100;2801
"Trigo total";2013/14;"SANTA FE";82;643950;1332640;2129
"Trigo total";2014/15;"SANTA FE";82;925000;2519010;2777
"Trigo total";2015/16;"SANTA FE";82;647130;1872210;3131
"Trigo total";2016/17;"SANTA FE";82;943900;2911327;3445
"Trigo total";2017/18;"SANTA FE";82;978535;3266141;3388
"Trigo total";2018/19;"SANTA FE";82;1111924;3304693;3028
"Trigo total";2019/20;"SANTA FE";82;1300500;4186876;3242
"Trigo total";2020/21;"SANTA FE";82;1326620;2658120;2109
"Trigo total";2021/22;"SANTA FE";82;1297269;5030544;3908
"Trigo total";2022/23;"SANTA FE";82;953175;1954134;2279
"Trigo total";2023/24;"SANTA FE";82;1117257;2781780;2779
"Trigo total";2024/25;"SANTA FE";82;1263491;3494812;2861
"Trigo total";2010/11;"SANTIAGO DEL ESTERO";86;350000;807300;2340
"Trigo total";2011/12;"SANTIAGO DEL ESTERO";86;363000;683450;1883
"Trigo total";2012/13;"SANTIAGO DEL ESTERO";86;189750;236900;1374
"Trigo total";2013/14;"SANTIAGO DEL ESTERO";86;51050;12700;710
"Trigo total";2014/15;"SANTIAGO DEL ESTERO";86;150000;113080;1324
"Trigo total";2015/16;"SANTIAGO DEL ESTERO";86;245550;439420;2006
"Trigo total";2016/17;"SANTIAGO DEL ESTERO";86;328900;545022;2512
"Trigo total";2017/18;"SANTIAGO DEL ESTERO";86;533860;1115157;2089
"Trigo total";2018/19;"SANTIAGO DEL ESTERO";86;327932;709340;2163
"Trigo total";2019/20;"SANTIAGO DEL ESTERO";86;500300;1380730;2760
"Trigo total";2020/21;"SANTIAGO DEL ESTERO";86;395974;468401;1485
"Trigo total";2021/22;"SANTIAGO DEL ESTERO";86;506780;694135;1505
"Trigo total";2022/23;"SANTIAGO DEL ESTERO";86;264370;253363;1352
"Trigo total";2023/24;"SANTIAGO DEL ESTERO";86;339480;474562;1417
"Trigo total";2024/25;"SANTIAGO DEL ESTERO";86;441340;433058;1096
"Trigo total";2010/11;TUCUMAN;90;168840;247710;1474
"Trigo total";2011/12;TUCUMAN;90;142540;182940;1297
"Trigo total";2012/13;TUCUMAN;90;86040;77710;981
"Trigo total";2013/14;TUCUMAN;90;12870;3250;590
"Trigo total";2014/15;TUCUMAN;90;63190;53430;1595
"Trigo total";2015/16;TUCUMAN;90;134330;150070;1161
"Trigo total";2016/17;TUCUMAN;90;145400;115620;1196
"Trigo total";2017/18;TUCUMAN;90;145590;147576;1041
"Trigo total";2018/19;TUCUMAN;90;89200;58312;942
"Trigo total";2019/20;TUCUMAN;90;98150;99045;1047
"Trigo total";2020/21;TUCUMAN;90;82100;60839;866
"Trigo total";2021/22;TUCUMAN;90;75340;52295;758
"Trigo total";2022/23;TUCUMAN;90;73930;51445;745
"Trigo total";2023/24;TUCUMAN;90;83930;102160;1228
"Trigo total";2024/25;TUCUMAN;90;82370;86636;1092
"Yerba mate";2010/11;CORRIENTES;18;18800;108720;6395
"Yerba mate";2011/12;CORRIENTES;18;19200;95480;5551
"Yerba mate";2012/13;CORRIENTES;18;19200;93810;5391
"Yerba mate";2013/14;CORRIENTES;18;23100;99392;4688
"Yerba mate";2014/15;CORRIENTES;18;21209;108453;5167
"Yerba mate";2015/16;CORRIENTES;18;21209;111107;5284
"Yerba mate";2016/17;CORRIENTES;18;21790;98387;4515
"Yerba mate";2017/18;CORRIENTES;18;21820;105468;4834
"Yerba mate";2018/19;CORRIENTES;18;22058;108454;4917
"Yerba mate";2019/20;CORRIENTES;18;23085;107701;4665
"Yerba mate";2020/21;CORRIENTES;18;27524;110824;4665
"Yerba mate";2021/22;CORRIENTES;18;27689;102294;4364
"Yerba mate";2022/23;CORRIENTES;18;27366;93457;4164
"Yerba mate";2023/24;CORRIENTES;18;27405;119256;4864
"Yerba mate";2024/25;CORRIENTES;18;27669;106592;4532
"Yerba mate";2010/11;MISIONES;54;177050;666880;4188
"Yerba mate";2011/12;MISIONES;54;178250;622710;3861
"Yerba mate";2012/13;MISIONES;54;171850;598960;3849
"Yerba mate";2013/14;MISIONES;54;160150;750433;4756
"Yerba mate";2014/15;MISIONES;54;144115;700647;4902
"Yerba mate";2015/16;MISIONES;54;145911;695829;4840
"Yerba mate";2016/17;MISIONES;54;147501;591713;4012
"Yerba mate";2017/18;MISIONES;54;148965;703834;4725
"Yerba mate";2018/19;MISIONES;54;150592;728600;4838
"Yerba mate";2019/20;MISIONES;54;154445;705753;4570
"Yerba mate";2020/21;MISIONES;54;184339;771223;4586
"Yerba mate";2021/22;MISIONES;54;194196;727005;4287
"Yerba mate";2022/23;MISIONES;54;195602;681575;4137
"Yerba mate";2023/24;MISIONES;54;196130;867924;4822
"Yerba mate";2024/25;MISIONES;54;204121;782661;4511
