CodigoAmbito,Ambito,CodigoArea,Area,CodigoElemento,Elemento,CodigoProducto,Producto,CodigoAnio,Anio,Unidad,Valor,Simbolo,DescripcionSimbolo,Nota
"QCL,",Cultivos y productos de ganadería,",",032,",",Argentina,",",5312,",",Área cosechada,",",01450,",","Aceitunas, olivas",","
"QCL,",Cultivos y productos de ganadería,",",032,",",Argentina,",",5412,",",Rendimiento,",",01450,",","Aceitunas, olivas",","
"QCL,",Cultivos y productos de ganadería,",",032,",",Argentina,",",5510,",",Producción,",",01450,",","Aceitunas, olivas",","
"QCL,",Cultivos y productos de ganadería,",",032,",",Argentina,",",5312,",",Área cosechada,",",01450,",","Aceitunas, olivas",","
"QCL,",Cultivos y productos de ganadería,",",032,",",Argentina,",",5412,",",Rendimiento,",",01450,",","Aceitunas, olivas",","
"QCL,",Cultivos y productos de ganadería,",",032,",",Argentina,",",5510,",",Producción,",",01450,",","Aceitunas, olivas",","
"QCL,",Cultivos y productos de ganadería,",",032,",",Argentina,",",5312,",",Área cosechada,",",01450,",","Aceitunas, olivas",","
"QCL,",Cultivos y productos de ganadería,",",032,",",Argentina,",",5412,",",Rendimiento,",",01450,",","Aceitunas, olivas",","
"QCL,",Cultivos y productos de ganadería,",",032,",",Argentina,",",5510,",",Producción,",",01450,",","Aceitunas, olivas",","
"QCL,",Cultivos y productos de ganadería,",",032,",",Argentina,",",5312,",",Área cosechada,",",01450,",","Aceitunas, olivas",","
"QCL,",Cultivos y productos de ganadería,",",032,",",Argentina,",",5412,",",Rendimiento,",",01450,",","Aceitunas, olivas",","
"QCL,",Cultivos y productos de ganadería,",",032,",",Argentina,",",5510,",",Producción,",",01450,",","Aceitunas, olivas",","
"QCL,",Cultivos y productos de ganadería,",",032,",",Argentina,",",5312,",",Área cosechada,",",01450,",","Aceitunas, olivas",","
"QCL,",Cultivos y productos de ganadería,",",032,",",Argentina,",",5412,",",Rendimiento,",",01450,",","Aceitunas, olivas",","
"QCL,",Cultivos y productos de ganadería,",",032,",",Argentina,",",5510,",",Producción,",",01450,",","Aceitunas, olivas",","
"QCL,",Cultivos y productos de ganadería,",",032,",",Argentina,",",5312,",",Área cosechada,",",01450,",","Aceitunas, olivas",","
"QCL,",Cultivos y productos de ganadería,",",032,",",Argentina,",",5412,",",Rendimiento,",",01450,",","Aceitunas, olivas",","
"QCL,",Cultivos y productos de ganadería,",",032,",",Argentina,",",5510,",",Producción,",",01450,",","Aceitunas, olivas",","
"QCL,",Cultivos y productos de ganadería,",",032,",",Argentina,",",5312,",",Área cosechada,",",01450,",","Aceitunas, olivas",","
"QCL,",Cultivos y productos de ganadería,",",032,",",Argentina,",",5412,",",Rendimiento,",",01450,",","Aceitunas, olivas",","
"QCL,",Cultivos y productos de ganadería,",",032,",",Argentina,",",5510,",",Producción,",",01450,",","Aceitunas, olivas",","
"QCL,",Cultivos y productos de ganadería,",",032,",",Argentina,",",5312,",",Área cosechada,",",01450,",","Aceitunas, olivas",","
"QCL,",Cultivos y productos de ganadería,",",032,",",Argentina,",",5412,",",Rendimiento,",",01450,",","Aceitunas, olivas",","
"QCL,",Cultivos y productos de ganadería,",",032,",",Argentina,",",5510,",",Producción,",",01450,",","Aceitunas, olivas",","
"QCL,",Cultivos y productos de ganadería,",",032,",",Argentina,",",5312,",",Área cosechada,",",01450,",","Aceitunas, olivas",","
"QCL,",Cultivos y productos de ganadería,",",032,",",Argentina,",",5412,",",Rendimiento,",",01450,",","Aceitunas, olivas",","
"QCL,",Cultivos y productos de ganadería,",",032,",",Argentina,",",5510,",",Producción,",",01450,",","Aceitunas, olivas",","
"QCL,",Cultivos y productos de ganadería,",",032,",",Argentina,",",5312,",",Área cosechada,",",01450,",","Aceitunas, olivas",","
"QCL,",Cultivos y productos de ganadería,",",032,",",Argentina,",",5412,",",Rendimiento,",",01450,",","Aceitunas, olivas",","
"QCL,",Cultivos y productos de ganadería,",",032,",",Argentina,",",5510,",",Producción,",",01450,",","Aceitunas, olivas",","
"QCL,",Cultivos y productos de ganadería,",",032,",",Argentina,",",5312,",",Área cosechada,",",01450,",","Aceitunas, olivas",","
"QCL,",Cultivos y productos de ganadería,",",032,",",Argentina,",",5412,",",Rendimiento,",",01450,",","Aceitunas, olivas",","
"QCL,",Cultivos y productos de ganadería,",",032,",",Argentina,",",5510,",",Producción,",",01450,",","Aceitunas, olivas",","
"QCL,",Cultivos y productos de ganadería,",",032,",",Argentina,",",5312,",",Área cosechada,",",01450,",","Aceitunas, olivas",","
"QCL,",Cultivos y productos de ganadería,",",032,",",Argentina,",",5412,",",Rendimiento,",",01450,",","Aceitunas, olivas",","
"QCL,",Cultivos y productos de ganadería,",",032,",",Argentina,",",5510,",",Producción,",",01450,",","Aceitunas, olivas",","
"QCL,",Cultivos y productos de ganadería,",",032,",",Argentina,",",5312,",",Área cosechada,",",01450,",","Aceitunas, olivas",","
"QCL,",Cultivos y productos de ganadería,",",032,",",Argentina,",",5412,",",Rendimiento,",",01450,",","Aceitunas, olivas",","
"QCL,",Cultivos y productos de ganadería,",",032,",",Argentina,",",5510,",",Producción,",",01450,",","Aceitunas, olivas",","
"QCL,",Cultivos y productos de ganadería,",",032,",",Argentina,",",5312,",",Área cosechada,",",01450,",","Aceitunas, olivas",","
"QCL,",Cultivos y productos de ganadería,",",032,",",Argentina,",",5412,",",Rendimiento,",",01450,",","Aceitunas, olivas",","
"QCL,",Cultivos y productos de ganadería,",",032,",",Argentina,",",5510,",",Producción,",",01450,",","Aceitunas, olivas",","
"QCL,",Cultivos y productos de ganadería,",",032,",",Argentina,",",5312,",",Área cosechada,",",01450,",","Aceitunas, olivas",","
"QCL,",Cultivos y productos de ganadería,",",032,",",Argentina,",",5412,",",Rendimiento,",",01450,",","Aceitunas, olivas",","
"QCL,",Cultivos y productos de ganadería,",",032,",",Argentina,",",5510,",",Producción,",",01450,",","Aceitunas, olivas",","
"QCL,",Cultivos y productos de ganadería,",",032,",",Argentina,",",5312,",",Área cosechada,",",01311,",",Aguacates,","
"QCL,",Cultivos y productos de ganadería,",",032,",",Argentina,",",5412,",",Rendimiento,",",01311,",",Aguacates,","
"QCL,",Cultivos y productos de ganadería,",",032,",",Argentina,",",5510,",",Producción,",",01311,",",Aguacates,","
"QCL,",Cultivos y productos de ganadería,",",032,",",Argentina,",",5312,",",Área cosechada,",",01311,",",Aguacates,","
"QCL,",Cultivos y productos de ganadería,",",032,",",Argentina,",",5412,",",Rendimiento,",",01311,",",Aguacates,","
"QCL,",Cultivos y productos de ganadería,",",032,",",Argentina,",",5510,",",Producción,",",01311,",",Aguacates,","
"QCL,",Cultivos y productos de ganadería,",",032,",",Argentina,",",5312,",",Área cosechada,",",01311,",",Aguacates,","
"QCL,",Cultivos y productos de ganadería,",",032,",",Argentina,",",5412,",",Rendimiento,",",01311,",",Aguacates,","
"QCL,",Cultivos y productos de ganadería,",",032,",",Argentina,",",5510,",",Producción,",",01311,",",Aguacates,","
"QCL,",Cultivos y productos de ganadería,",",032,",",Argentina,",",5312,",",Área cosechada,",",01311,",",Aguacates,","
"QCL,",Cultivos y productos de ganadería,",",032,",",Argentina,",",5412,",",Rendimiento,",",01311,",",Aguacates,","
"QCL,",Cultivos y productos de ganadería,",",032,",",Argentina,",",5510,",",Producción,",",01311,",",Aguacates,","
"QCL,",Cultivos y productos de ganadería,",",032,",",Argentina,",",5312,",",Área cosechada,",",01311,",",Aguacates,","
"QCL,",Cultivos y productos de ganadería,",",032,",",Argentina,",",5412,",",Rendimiento,",",01311,",",Aguacates,","
"QCL,",Cultivos y productos de ganadería,",",032,",",Argentina,",",5510,",",Producción,",",01311,",",Aguacates,","
"QCL,",Cultivos y productos de ganadería,",",032,",",Argentina,",",5312,",",Área cosechada,",",01311,",",Aguacates,","
"QCL,",Cultivos y productos de ganadería,",",032,",",Argentina,",",5412,",",Rendimiento,",",01311,",",Aguacates,","
"QCL,",Cultivos y productos de ganadería,",",032,",",Argentina,",",5510,",",Producción,",",01311,",",Aguacates,","
"QCL,",Cultivos y productos de ganadería,",",032,",",Argentina,",",5312,",",Área cosechada,",",01311,",",Aguacates,","
"QCL,",Cultivos y productos de ganadería,",",032,",",Argentina,",",5412,",",Rendimiento,",",01311,",",Aguacates,","
"QCL,",Cultivos y productos de ganadería,",",032,",",Argentina,",",5510,",",Producción,",",01311,",",Aguacates,","
"QCL,",Cultivos y productos de ganadería,",",032,",",Argentina,",",5312,",",Área cosechada,",",01311,",",Aguacates,","
"QCL,",Cultivos y productos de ganadería,",",032,",",Argentina,",",5412,",",Rendimiento,",",01311,",",Aguacates,","
"QCL,",Cultivos y productos de ganadería,",",032,",",Argentina,",",5510,",",Producción,",",01311,",",Aguacates,","
"QCL,",Cultivos y productos de ganadería,",",032,",",Argentina,",",5312,",",Área cosechada,",",01311,",",Aguacates,","
"QCL,",Cultivos y productos de ganadería,",",032,",",Argentina,",",5412,",",Rendimiento,",",01311,",",Aguacates,","
"QCL,",Cultivos y productos de ganadería,",",032,",",Argentina,",",5510,",",Producción,",",01311,",",Aguacates,","
"QCL,",Cultivos y productos de ganadería,",",032,",",Argentina,",",5312,",",Área cosechada,",",01311,",",Aguacates,","
"QCL,",Cultivos y productos de ganadería,",",032,",",Argentina,",",5412,",",Rendimiento,",",01311,",",Aguacates,","
"QCL,",Cultivos y productos de ganadería,",",032,",",Argentina,",",5510,",",Producción,",",01311,",",Aguacates,","
"QCL,",Cultivos y productos de ganadería,",",032,",",Argentina,",",5312,",",Área cosechada,",",01311,",",Aguacates,","
"QCL,",Cultivos y productos de ganadería,",",032,",",Argentina,",",5412,",",Rendimiento,",",01311,",",Aguacates,","
"QCL,",Cultivos y productos de ganadería,",",032,",",Argentina,",",5510,",",Producción,",",01311,",",Aguacates,","
"QCL,",Cultivos y productos de ganadería,",",032,",",Argentina,",",5312,",",Área cosechada,",",01311,",",Aguacates,","
"QCL,",Cultivos y productos de ganadería,",",032,",",Argentina,",",5412,",",Rendimiento,",",01311,",",Aguacates,","
"QCL,",Cultivos y productos de ganadería,",",032,",",Argentina,",",5510,",",Producción,",",01311,",",Aguacates,","
"QCL,",Cultivos y productos de ganadería,",",032,",",Argentina,",",5312,",",Área cosechada,",",01311,",",Aguacates,","
"QCL,",Cultivos y productos de ganadería,",",032,",",Argentina,",",5412,",",Rendimiento,",",01311,",",Aguacates,","
"QCL,",Cultivos y productos de ganadería,",",032,",",Argentina,",",5510,",",Producción,",",01311,",",Aguacates,","
"QCL,",Cultivos y productos de ganadería,",",032,",",Argentina,",",5312,",",Área cosechada,",",01311,",",Aguacates,","
"QCL,",Cultivos y productos de ganadería,",",032,",",Argentina,",",5412,",",Rendimiento,",",01311,",",Aguacates,","
"QCL,",Cultivos y productos de ganadería,",",032,",",Argentina,",",5510,",",Producción,",",01311,",",Aguacates,","
"QCL,",Cultivos y productos de ganadería,",",032,",",Argentina,",",5312,",",Área cosechada,",",01311,",",Aguacates,","
"QCL,",Cultivos y productos de ganadería,",",032,",",Argentina,",",5412,",",Rendimiento,",",01311,",",Aguacates,","
"QCL,",Cultivos y productos de ganadería,",",032,",",Argentina,",",5510,",",Producción,",",01311,",",Aguacates,","
"QCL,",Cultivos y productos de ganadería,",",032,",",Argentina,",",5312,",",Área cosechada,",",01652,",","Ajíes y pimientos secos (caspicum y pimenta), en bruto",","
"QCL,",Cultivos y productos de ganadería,",",032,",",Argentina,",",5412,",",Rendimiento,",",01652,",","Ajíes y pimientos secos (caspicum y pimenta), en bruto",","
"QCL,",Cultivos y productos de ganadería,",",032,",",Argentina,",",5510,",",Producción,",",01652,",","Ajíes y pimientos secos (caspicum y pimenta), en bruto",","
"QCL,",Cultivos y productos de ganadería,",",032,",",Argentina,",",5312,",",Área cosechada,",",01652,",","Ajíes y pimientos secos (caspicum y pimenta), en bruto",","
"QCL,",Cultivos y productos de ganadería,",",032,",",Argentina,",",5412,",",Rendimiento,",",01652,",","Ajíes y pimientos secos (caspicum y pimenta), en bruto",","
"QCL,",Cultivos y productos de ganadería,",",032,",",Argentina,",",5510,",",Producción,",",01652,",","Ajíes y pimientos secos (caspicum y pimenta), en bruto",","
"QCL,",Cultivos y productos de ganadería,",",032,",",Argentina,",",5312,",",Área cosechada,",",01652,",","Ajíes y pimientos secos (caspicum y pimenta), en bruto",","
"QCL,",Cultivos y productos de ganadería,",",032,",",Argentina,",",5412,",",Rendimiento,",",01652,",","Ajíes y pimientos secos (caspicum y pimenta), en bruto",","
"QCL,",Cultivos y productos de ganadería,",",032,",",Argentina,",",5510,",",Producción,",",01652,",","Ajíes y pimientos secos (caspicum y pimenta), en bruto",","
"QCL,",Cultivos y productos de ganadería,",",032,",",Argentina,",",5312,",",Área cosechada,",",01652,",","Ajíes y pimientos secos (caspicum y pimenta), en bruto",","
"QCL,",Cultivos y productos de ganadería,",",032,",",Argentina,",",5412,",",Rendimiento,",",01652,",","Ajíes y pimientos secos (caspicum y pimenta), en bruto",","
"QCL,",Cultivos y productos de ganadería,",",032,",",Argentina,",",5510,",",Producción,",",01652,",","Ajíes y pimientos secos (caspicum y pimenta), en bruto",","
"QCL,",Cultivos y productos de ganadería,",",032,",",Argentina,",",5312,",",Área cosechada,",",01652,",","Ajíes y pimientos secos (caspicum y pimenta), en bruto",","
"QCL,",Cultivos y productos de ganadería,",",032,",",Argentina,",",5412,",",Rendimiento,",",01652,",","Ajíes y pimientos secos (caspicum y pimenta), en bruto",","
"QCL,",Cultivos y productos de ganadería,",",032,",",Argentina,",",5510,",",Producción,",",01652,",","Ajíes y pimientos secos (caspicum y pimenta), en bruto",","
"QCL,",Cultivos y productos de ganadería,",",032,",",Argentina,",",5312,",",Área cosechada,",",01652,",","Ajíes y pimientos secos (caspicum y pimenta), en bruto",","
"QCL,",Cultivos y productos de ganadería,",",032,",",Argentina,",",5412,",",Rendimiento,",",01652,",","Ajíes y pimientos secos (caspicum y pimenta), en bruto",","
"QCL,",Cultivos y productos de ganadería,",",032,",",Argentina,",",5510,",",Producción,",",01652,",","Ajíes y pimientos secos (caspicum y pimenta), en bruto",","
"QCL,",Cultivos y productos de ganadería,",",032,",",Argentina,",",5312,",",Área cosechada,",",01652,",","Ajíes y pimientos secos (caspicum y pimenta), en bruto",","
"QCL,",Cultivos y productos de ganadería,",",032,",",Argentina,",",5412,",",Rendimiento,",",01652,",","Ajíes y pimientos secos (caspicum y pimenta), en bruto",","
"QCL,",Cultivos y productos de ganadería,",",032,",",Argentina,",",5510,",",Producción,",",01652,",","Ajíes y pimientos secos (caspicum y pimenta), en bruto",","
"QCL,",Cultivos y productos de ganadería,",",032,",",Argentina,",",5312,",",Área cosechada,",",01652,",","Ajíes y pimientos secos (caspicum y pimenta), en bruto",","
"QCL,",Cultivos y productos de ganadería,",",032,",",Argentina,",",5412,",",Rendimiento,",",01652,",","Ajíes y pimientos secos (caspicum y pimenta), en bruto",","
"QCL,",Cultivos y productos de ganadería,",",032,",",Argentina,",",5510,",",Producción,",",01652,",","Ajíes y pimientos secos (caspicum y pimenta), en bruto",","
"QCL,",Cultivos y productos de ganadería,",",032,",",Argentina,",",5312,",",Área cosechada,",",01652,",","Ajíes y pimientos secos (caspicum y pimenta), en bruto",","
"QCL,",Cultivos y productos de ganadería,",",032,",",Argentina,",",5412,",",Rendimiento,",",01652,",","Ajíes y pimientos secos (caspicum y pimenta), en bruto",","
"QCL,",Cultivos y productos de ganadería,",",032,",",Argentina,",",5510,",",Producción,",",01652,",","Ajíes y pimientos secos (caspicum y pimenta), en bruto",","
"QCL,",Cultivos y productos de ganadería,",",032,",",Argentina,",",5312,",",Área cosechada,",",01652,",","Ajíes y pimientos secos (caspicum y pimenta), en bruto",","
"QCL,",Cultivos y productos de ganadería,",",032,",",Argentina,",",5412,",",Rendimiento,",",01652,",","Ajíes y pimientos secos (caspicum y pimenta), en bruto",","
"QCL,",Cultivos y productos de ganadería,",",032,",",Argentina,",",5510,",",Producción,",",01652,",","Ajíes y pimientos secos (caspicum y pimenta), en bruto",","
"QCL,",Cultivos y productos de ganadería,",",032,",",Argentina,",",5312,",",Área cosechada,",",01652,",","Ajíes y pimientos secos (caspicum y pimenta), en bruto",","
"QCL,",Cultivos y productos de ganadería,",",032,",",Argentina,",",5412,",",Rendimiento,",",01652,",","Ajíes y pimientos secos (caspicum y pimenta), en bruto",","
"QCL,",Cultivos y productos de ganadería,",",032,",",Argentina,",",5510,",",Producción,",",01652,",","Ajíes y pimientos secos (caspicum y pimenta), en bruto",","
"QCL,",Cultivos y productos de ganadería,",",032,",",Argentina,",",5312,",",Área cosechada,",",01652,",","Ajíes y pimientos secos (caspicum y pimenta), en bruto",","
"QCL,",Cultivos y productos de ganadería,",",032,",",Argentina,",",5412,",",Rendimiento,",",01652,",","Ajíes y pimientos secos (caspicum y pimenta), en bruto",","
"QCL,",Cultivos y productos de ganadería,",",032,",",Argentina,",",5510,",",Producción,",",01652,",","Ajíes y pimientos secos (caspicum y pimenta), en bruto",","
"QCL,",Cultivos y productos de ganadería,",",032,",",Argentina,",",5312,",",Área cosechada,",",01652,",","Ajíes y pimientos secos (caspicum y pimenta), en bruto",","
"QCL,",Cultivos y productos de ganadería,",",032,",",Argentina,",",5412,",",Rendimiento,",",01652,",","Ajíes y pimientos secos (caspicum y pimenta), en bruto",","
"QCL,",Cultivos y productos de ganadería,",",032,",",Argentina,",",5510,",",Producción,",",01652,",","Ajíes y pimientos secos (caspicum y pimenta), en bruto",","
"QCL,",Cultivos y productos de ganadería,",",032,",",Argentina,",",5312,",",Área cosechada,",",01652,",","Ajíes y pimientos secos (caspicum y pimenta), en bruto",","
"QCL,",Cultivos y productos de ganadería,",",032,",",Argentina,",",5412,",",Rendimiento,",",01652,",","Ajíes y pimientos secos (caspicum y pimenta), en bruto",","
"QCL,",Cultivos y productos de ganadería,",",032,",",Argentina,",",5510,",",Producción,",",01652,",","Ajíes y pimientos secos (caspicum y pimenta), en bruto",","
"QCL,",Cultivos y productos de ganadería,",",032,",",Argentina,",",5312,",",Área cosechada,",",01652,",","Ajíes y pimientos secos (caspicum y pimenta), en bruto",","
"QCL,",Cultivos y productos de ganadería,",",032,",",Argentina,",",5412,",",Rendimiento,",",01652,",","Ajíes y pimientos secos (caspicum y pimenta), en bruto",","
"QCL,",Cultivos y productos de ganadería,",",032,",",Argentina,",",5510,",",Producción,",",01652,",","Ajíes y pimientos secos (caspicum y pimenta), en bruto",","
"QCL,",Cultivos y productos de ganadería,",",032,",",Argentina,",",5312,",",Área cosechada,",",01231,",","Ajíes y pimientos, verdes (capsicum y pimenta)",","
"QCL,",Cultivos y productos de ganadería,",",032,",",Argentina,",",5412,",",Rendimiento,",",01231,",","Ajíes y pimientos, verdes (capsicum y pimenta)",","
"QCL,",Cultivos y productos de ganadería,",",032,",",Argentina,",",5510,",",Producción,",",01231,",","Ajíes y pimientos, verdes (capsicum y pimenta)",","
"QCL,",Cultivos y productos de ganadería,",",032,",",Argentina,",",5312,",",Área cosechada,",",01231,",","Ajíes y pimientos, verdes (capsicum y pimenta)",","
"QCL,",Cultivos y productos de ganadería,",",032,",",Argentina,",",5412,",",Rendimiento,",",01231,",","Ajíes y pimientos, verdes (capsicum y pimenta)",","
"QCL,",Cultivos y productos de ganadería,",",032,",",Argentina,",",5510,",",Producción,",",01231,",","Ajíes y pimientos, verdes (capsicum y pimenta)",","
"QCL,",Cultivos y productos de ganadería,",",032,",",Argentina,",",5312,",",Área cosechada,",",01231,",","Ajíes y pimientos, verdes (capsicum y pimenta)",","
"QCL,",Cultivos y productos de ganadería,",",032,",",Argentina,",",5412,",",Rendimiento,",",01231,",","Ajíes y pimientos, verdes (capsicum y pimenta)",","
"QCL,",Cultivos y productos de ganadería,",",032,",",Argentina,",",5510,",",Producción,",",01231,",","Ajíes y pimientos, verdes (capsicum y pimenta)",","
"QCL,",Cultivos y productos de ganadería,",",032,",",Argentina,",",5312,",",Área cosechada,",",01231,",","Ajíes y pimientos, verdes (capsicum y pimenta)",","
"QCL,",Cultivos y productos de ganadería,",",032,",",Argentina,",",5412,",",Rendimiento,",",01231,",","Ajíes y pimientos, verdes (capsicum y pimenta)",","
"QCL,",Cultivos y productos de ganadería,",",032,",",Argentina,",",5510,",",Producción,",",01231,",","Ajíes y pimientos, verdes (capsicum y pimenta)",","
"QCL,",Cultivos y productos de ganadería,",",032,",",Argentina,",",5312,",",Área cosechada,",",01231,",","Ajíes y pimientos, verdes (capsicum y pimenta)",","
"QCL,",Cultivos y productos de ganadería,",",032,",",Argentina,",",5412,",",Rendimiento,",",01231,",","Ajíes y pimientos, verdes (capsicum y pimenta)",","
"QCL,",Cultivos y productos de ganadería,",",032,",",Argentina,",",5510,",",Producción,",",01231,",","Ajíes y pimientos, verdes (capsicum y pimenta)",","
"QCL,",Cultivos y productos de ganadería,",",032,",",Argentina,",",5312,",",Área cosechada,",",01231,",","Ajíes y pimientos, verdes (capsicum y pimenta)",","
"QCL,",Cultivos y productos de ganadería,",",032,",",Argentina,",",5412,",",Rendimiento,",",01231,",","Ajíes y pimientos, verdes (capsicum y pimenta)",","
"QCL,",Cultivos y productos de ganadería,",",032,",",Argentina,",",5510,",",Producción,",",01231,",","Ajíes y pimientos, verdes (capsicum y pimenta)",","
"QCL,",Cultivos y productos de ganadería,",",032,",",Argentina,",",5312,",",Área cosechada,",",01231,",","Ajíes y pimientos, verdes (capsicum y pimenta)",","
"QCL,",Cultivos y productos de ganadería,",",032,",",Argentina,",",5412,",",Rendimiento,",",01231,",","Ajíes y pimientos, verdes (capsicum y pimenta)",","
"QCL,",Cultivos y productos de ganadería,",",032,",",Argentina,",",5510,",",Producción,",",01231,",","Ajíes y pimientos, verdes (capsicum y pimenta)",","
"QCL,",Cultivos y productos de ganadería,",",032,",",Argentina,",",5312,",",Área cosechada,",",01231,",","Ajíes y pimientos, verdes (capsicum y pimenta)",","
"QCL,",Cultivos y productos de ganadería,",",032,",",Argentina,",",5412,",",Rendimiento,",",01231,",","Ajíes y pimientos, verdes (capsicum y pimenta)",","
"QCL,",Cultivos y productos de ganadería,",",032,",",Argentina,",",5510,",",Producción,",",01231,",","Ajíes y pimientos, verdes (capsicum y pimenta)",","
"QCL,",Cultivos y productos de ganadería,",",032,",",Argentina,",",5312,",",Área cosechada,",",01231,",","Ajíes y pimientos, verdes (capsicum y pimenta)",","
"QCL,",Cultivos y productos de ganadería,",",032,",",Argentina,",",5412,",",Rendimiento,",",01231,",","Ajíes y pimientos, verdes (capsicum y pimenta)",","
"QCL,",Cultivos y productos de ganadería,",",032,",",Argentina,",",5510,",",Producción,",",01231,",","Ajíes y pimientos, verdes (capsicum y pimenta)",","
"QCL,",Cultivos y productos de ganadería,",",032,",",Argentina,",",5312,",",Área cosechada,",",01231,",","Ajíes y pimientos, verdes (capsicum y pimenta)",","
"QCL,",Cultivos y productos de ganadería,",",032,",",Argentina,",",5412,",",Rendimiento,",",01231,",","Ajíes y pimientos, verdes (capsicum y pimenta)",","
"QCL,",Cultivos y productos de ganadería,",",032,",",Argentina,",",5510,",",Producción,",",01231,",","Ajíes y pimientos, verdes (capsicum y pimenta)",","
"QCL,",Cultivos y productos de ganadería,",",032,",",Argentina,",",5312,",",Área cosechada,",",01231,",","Ajíes y pimientos, verdes (capsicum y pimenta)",","
"QCL,",Cultivos y productos de ganadería,",",032,",",Argentina,",",5412,",",Rendimiento,",",01231,",","Ajíes y pimientos, verdes (capsicum y pimenta)",","
"QCL,",Cultivos y productos de ganadería,",",032,",",Argentina,",",5510,",",Producción,",",01231,",","Ajíes y pimientos, verdes (capsicum y pimenta)",","
"QCL,",Cultivos y productos de ganadería,",",032,",",Argentina,",",5312,",",Área cosechada,",",01231,",","Ajíes y pimientos, verdes (capsicum y pimenta)",","
"QCL,",Cultivos y productos de ganadería,",",032,",",Argentina,",",5412,",",Rendimiento,",",01231,",","Ajíes y pimientos, verdes (capsicum y pimenta)",","
"QCL,",Cultivos y productos de ganadería,",",032,",",Argentina,",",5510,",",Producción,",",01231,",","Ajíes y pimientos, verdes (capsicum y pimenta)",","
"QCL,",Cultivos y productos de ganadería,",",032,",",Argentina,",",5312,",",Área cosechada,",",01231,",","Ajíes y pimientos, verdes (capsicum y pimenta)",","
"QCL,",Cultivos y productos de ganadería,",",032,",",Argentina,",",5412,",",Rendimiento,",",01231,",","Ajíes y pimientos, verdes (capsicum y pimenta)",","
"QCL,",Cultivos y productos de ganadería,",",032,",",Argentina,",",5510,",",Producción,",",01231,",","Ajíes y pimientos, verdes (capsicum y pimenta)",","
"QCL,",Cultivos y productos de ganadería,",",032,",",Argentina,",",5312,",",Área cosechada,",",01231,",","Ajíes y pimientos, verdes (capsicum y pimenta)",","
"QCL,",Cultivos y productos de ganadería,",",032,",",Argentina,",",5412,",",Rendimiento,",",01231,",","Ajíes y pimientos, verdes (capsicum y pimenta)",","
"QCL,",Cultivos y productos de ganadería,",",032,",",Argentina,",",5510,",",Producción,",",01231,",","Ajíes y pimientos, verdes (capsicum y pimenta)",","
"QCL,",Cultivos y productos de ganadería,",",032,",",Argentina,",",5312,",",Área cosechada,",",01231,",","Ajíes y pimientos, verdes (capsicum y pimenta)",","
"QCL,",Cultivos y productos de ganadería,",",032,",",Argentina,",",5412,",",Rendimiento,",",01231,",","Ajíes y pimientos, verdes (capsicum y pimenta)",","
"QCL,",Cultivos y productos de ganadería,",",032,",",Argentina,",",5510,",",Producción,",",01231,",","Ajíes y pimientos, verdes (capsicum y pimenta)",","
"QCL,",Cultivos y productos de ganadería,",",032,",",Argentina,",",5312,",",Área cosechada,",",01252,",",Ajo verde,","
"QCL,",Cultivos y productos de ganadería,",",032,",",Argentina,",",5412,",",Rendimiento,",",01252,",",Ajo verde,","
"QCL,",Cultivos y productos de ganadería,",",032,",",Argentina,",",5510,",",Producción,",",01252,",",Ajo verde,","
"QCL,",Cultivos y productos de ganadería,",",032,",",Argentina,",",5312,",",Área cosechada,",",01252,",",Ajo verde,","
"QCL,",Cultivos y productos de ganadería,",",032,",",Argentina,",",5412,",",Rendimiento,",",01252,",",Ajo verde,","
"QCL,",Cultivos y productos de ganadería,",",032,",",Argentina,",",5510,",",Producción,",",01252,",",Ajo verde,","
"QCL,",Cultivos y productos de ganadería,",",032,",",Argentina,",",5312,",",Área cosechada,",",01252,",",Ajo verde,","
"QCL,",Cultivos y productos de ganadería,",",032,",",Argentina,",",5412,",",Rendimiento,",",01252,",",Ajo verde,","
"QCL,",Cultivos y productos de ganadería,",",032,",",Argentina,",",5510,",",Producción,",",01252,",",Ajo verde,","
"QCL,",Cultivos y productos de ganadería,",",032,",",Argentina,",",5312,",",Área cosechada,",",01252,",",Ajo verde,","
"QCL,",Cultivos y productos de ganadería,",",032,",",Argentina,",",5412,",",Rendimiento,",",01252,",",Ajo verde,","
"QCL,",Cultivos y productos de ganadería,",",032,",",Argentina,",",5510,",",Producción,",",01252,",",Ajo verde,","
"QCL,",Cultivos y productos de ganadería,",",032,",",Argentina,",",5312,",",Área cosechada,",",01252,",",Ajo verde,","
"QCL,",Cultivos y productos de ganadería,",",032,",",Argentina,",",5412,",",Rendimiento,",",01252,",",Ajo verde,","
"QCL,",Cultivos y productos de ganadería,",",032,",",Argentina,",",5510,",",Producción,",",01252,",",Ajo verde,","
"QCL,",Cultivos y productos de ganadería,",",032,",",Argentina,",",5312,",",Área cosechada,",",01252,",",Ajo verde,","
"QCL,",Cultivos y productos de ganadería,",",032,",",Argentina,",",5412,",",Rendimiento,",",01252,",",Ajo verde,","
"QCL,",Cultivos y productos de ganadería,",",032,",",Argentina,",",5510,",",Producción,",",01252,",",Ajo verde,","
"QCL,",Cultivos y productos de ganadería,",",032,",",Argentina,",",5312,",",Área cosechada,",",01252,",",Ajo verde,","
"QCL,",Cultivos y productos de ganadería,",",032,",",Argentina,",",5412,",",Rendimiento,",",01252,",",Ajo verde,","
"QCL,",Cultivos y productos de ganadería,",",032,",",Argentina,",",5510,",",Producción,",",01252,",",Ajo verde,","
"QCL,",Cultivos y productos de ganadería,",",032,",",Argentina,",",5312,",",Área cosechada,",",01252,",",Ajo verde,","
"QCL,",Cultivos y productos de ganadería,",",032,",",Argentina,",",5412,",",Rendimiento,",",01252,",",Ajo verde,","
"QCL,",Cultivos y productos de ganadería,",",032,",",Argentina,",",5510,",",Producción,",",01252,",",Ajo verde,","
"QCL,",Cultivos y productos de ganadería,",",032,",",Argentina,",",5312,",",Área cosechada,",",01252,",",Ajo verde,","
"QCL,",Cultivos y productos de ganadería,",",032,",",Argentina,",",5412,",",Rendimiento,",",01252,",",Ajo verde,","
"QCL,",Cultivos y productos de ganadería,",",032,",",Argentina,",",5510,",",Producción,",",01252,",",Ajo verde,","
"QCL,",Cultivos y productos de ganadería,",",032,",",Argentina,",",5312,",",Área cosechada,",",01252,",",Ajo verde,","
"QCL,",Cultivos y productos de ganadería,",",032,",",Argentina,",",5412,",",Rendimiento,",",01252,",",Ajo verde,","
"QCL,",Cultivos y productos de ganadería,",",032,",",Argentina,",",5510,",",Producción,",",01252,",",Ajo verde,","
"QCL,",Cultivos y productos de ganadería,",",032,",",Argentina,",",5312,",",Área cosechada,",",01252,",",Ajo verde,","
"QCL,",Cultivos y productos de ganadería,",",032,",",Argentina,",",5412,",",Rendimiento,",",01252,",",Ajo verde,","
"QCL,",Cultivos y productos de ganadería,",",032,",",Argentina,",",5510,",",Producción,",",01252,",",Ajo verde,","
"QCL,",Cultivos y productos de ganadería,",",032,",",Argentina,",",5312,",",Área cosechada,",",01252,",",Ajo verde,","
"QCL,",Cultivos y productos de ganadería,",",032,",",Argentina,",",5412,",",Rendimiento,",",01252,",",Ajo verde,","
"QCL,",Cultivos y productos de ganadería,",",032,",",Argentina,",",5510,",",Producción,",",01252,",",Ajo verde,","
"QCL,",Cultivos y productos de ganadería,",",032,",",Argentina,",",5312,",",Área cosechada,",",01252,",",Ajo verde,","
"QCL,",Cultivos y productos de ganadería,",",032,",",Argentina,",",5412,",",Rendimiento,",",01252,",",Ajo verde,","
"QCL,",Cultivos y productos de ganadería,",",032,",",Argentina,",",5510,",",Producción,",",01252,",",Ajo verde,","
"QCL,",Cultivos y productos de ganadería,",",032,",",Argentina,",",5312,",",Área cosechada,",",01252,",",Ajo verde,","
"QCL,",Cultivos y productos de ganadería,",",032,",",Argentina,",",5412,",",Rendimiento,",",01252,",",Ajo verde,","
"QCL,",Cultivos y productos de ganadería,",",032,",",Argentina,",",5510,",",Producción,",",01252,",",Ajo verde,","
"QCL,",Cultivos y productos de ganadería,",",032,",",Argentina,",",5312,",",Área cosechada,",",01252,",",Ajo verde,","
"QCL,",Cultivos y productos de ganadería,",",032,",",Argentina,",",5412,",",Rendimiento,",",01252,",",Ajo verde,","
"QCL,",Cultivos y productos de ganadería,",",032,",",Argentina,",",5510,",",Producción,",",01252,",",Ajo verde,","
"QCL,",Cultivos y productos de ganadería,",",032,",",Argentina,",",5312,",",Área cosechada,",",01343,",",Albaricoques,","
"QCL,",Cultivos y productos de ganadería,",",032,",",Argentina,",",5412,",",Rendimiento,",",01343,",",Albaricoques,","
"QCL,",Cultivos y productos de ganadería,",",032,",",Argentina,",",5510,",",Producción,",",01343,",",Albaricoques,","
"QCL,",Cultivos y productos de ganadería,",",032,",",Argentina,",",5312,",",Área cosechada,",",01343,",",Albaricoques,","
"QCL,",Cultivos y productos de ganadería,",",032,",",Argentina,",",5412,",",Rendimiento,",",01343,",",Albaricoques,","
"QCL,",Cultivos y productos de ganadería,",",032,",",Argentina,",",5510,",",Producción,",",01343,",",Albaricoques,","
"QCL,",Cultivos y productos de ganadería,",",032,",",Argentina,",",5312,",",Área cosechada,",",01343,",",Albaricoques,","
"QCL,",Cultivos y productos de ganadería,",",032,",",Argentina,",",5412,",",Rendimiento,",",01343,",",Albaricoques,","
"QCL,",Cultivos y productos de ganadería,",",032,",",Argentina,",",5510,",",Producción,",",01343,",",Albaricoques,","
"QCL,",Cultivos y productos de ganadería,",",032,",",Argentina,",",5312,",",Área cosechada,",",01343,",",Albaricoques,","
"QCL,",Cultivos y productos de ganadería,",",032,",",Argentina,",",5412,",",Rendimiento,",",01343,",",Albaricoques,","
"QCL,",Cultivos y productos de ganadería,",",032,",",Argentina,",",5510,",",Producción,",",01343,",",Albaricoques,","
"QCL,",Cultivos y productos de ganadería,",",032,",",Argentina,",",5312,",",Área cosechada,",",01343,",",Albaricoques,","
"QCL,",Cultivos y productos de ganadería,",",032,",",Argentina,",",5412,",",Rendimiento,",",01343,",",Albaricoques,","
"QCL,",Cultivos y productos de ganadería,",",032,",",Argentina,",",5510,",",Producción,",",01343,",",Albaricoques,","
"QCL,",Cultivos y productos de ganadería,",",032,",",Argentina,",",5312,",",Área cosechada,",",01343,",",Albaricoques,","
"QCL,",Cultivos y productos de ganadería,",",032,",",Argentina,",",5412,",",Rendimiento,",",01343,",",Albaricoques,","
"QCL,",Cultivos y productos de ganadería,",",032,",",Argentina,",",5510,",",Producción,",",01343,",",Albaricoques,","
"QCL,",Cultivos y productos de ganadería,",",032,",",Argentina,",",5312,",",Área cosechada,",",01343,",",Albaricoques,","
"QCL,",Cultivos y productos de ganadería,",",032,",",Argentina,",",5412,",",Rendimiento,",",01343,",",Albaricoques,","
"QCL,",Cultivos y productos de ganadería,",",032,",",Argentina,",",5510,",",Producción,",",01343,",",Albaricoques,","
"QCL,",Cultivos y productos de ganadería,",",032,",",Argentina,",",5312,",",Área cosechada,",",01343,",",Albaricoques,","
"QCL,",Cultivos y productos de ganadería,",",032,",",Argentina,",",5412,",",Rendimiento,",",01343,",",Albaricoques,","
"QCL,",Cultivos y productos de ganadería,",",032,",",Argentina,",",5510,",",Producción,",",01343,",",Albaricoques,","
"QCL,",Cultivos y productos de ganadería,",",032,",",Argentina,",",5312,",",Área cosechada,",",01343,",",Albaricoques,","
"QCL,",Cultivos y productos de ganadería,",",032,",",Argentina,",",5412,",",Rendimiento,",",01343,",",Albaricoques,","
"QCL,",Cultivos y productos de ganadería,",",032,",",Argentina,",",5510,",",Producción,",",01343,",",Albaricoques,","
"QCL,",Cultivos y productos de ganadería,",",032,",",Argentina,",",5312,",",Área cosechada,",",01343,",",Albaricoques,","
"QCL,",Cultivos y productos de ganadería,",",032,",",Argentina,",",5412,",",Rendimiento,",",01343,",",Albaricoques,","
"QCL,",Cultivos y productos de ganadería,",",032,",",Argentina,",",5510,",",Producción,",",01343,",",Albaricoques,","
"QCL,",Cultivos y productos de ganadería,",",032,",",Argentina,",",5312,",",Área cosechada,",",01343,",",Albaricoques,","
"QCL,",Cultivos y productos de ganadería,",",032,",",Argentina,",",5412,",",Rendimiento,",",01343,",",Albaricoques,","
"QCL,",Cultivos y productos de ganadería,",",032,",",Argentina,",",5510,",",Producción,",",01343,",",Albaricoques,","
"QCL,",Cultivos y productos de ganadería,",",032,",",Argentina,",",5312,",",Área cosechada,",",01343,",",Albaricoques,","
"QCL,",Cultivos y productos de ganadería,",",032,",",Argentina,",",5412,",",Rendimiento,",",01343,",",Albaricoques,","
"QCL,",Cultivos y productos de ganadería,",",032,",",Argentina,",",5510,",",Producción,",",01343,",",Albaricoques,","
"QCL,",Cultivos y productos de ganadería,",",032,",",Argentina,",",5312,",",Área cosechada,",",01343,",",Albaricoques,","
"QCL,",Cultivos y productos de ganadería,",",032,",",Argentina,",",5412,",",Rendimiento,",",01343,",",Albaricoques,","
"QCL,",Cultivos y productos de ganadería,",",032,",",Argentina,",",5510,",",Producción,",",01343,",",Albaricoques,","
"QCL,",Cultivos y productos de ganadería,",",032,",",Argentina,",",5312,",",Área cosechada,",",01343,",",Albaricoques,","
"QCL,",Cultivos y productos de ganadería,",",032,",",Argentina,",",5412,",",Rendimiento,",",01343,",",Albaricoques,","
"QCL,",Cultivos y productos de ganadería,",",032,",",Argentina,",",5510,",",Producción,",",01343,",",Albaricoques,","
"QCL,",Cultivos y productos de ganadería,",",032,",",Argentina,",",5312,",",Área cosechada,",",01343,",",Albaricoques,","
"QCL,",Cultivos y productos de ganadería,",",032,",",Argentina,",",5412,",",Rendimiento,",",01343,",",Albaricoques,","
"QCL,",Cultivos y productos de ganadería,",",032,",",Argentina,",",5510,",",Producción,",",01343,",",Albaricoques,","
"QCL,",Cultivos y productos de ganadería,",",032,",",Argentina,",",5312,",",Área cosechada,",",01216,",",Alcachofas,","
"QCL,",Cultivos y productos de ganadería,",",032,",",Argentina,",",5412,",",Rendimiento,",",01216,",",Alcachofas,","
"QCL,",Cultivos y productos de ganadería,",",032,",",Argentina,",",5510,",",Producción,",",01216,",",Alcachofas,","
"QCL,",Cultivos y productos de ganadería,",",032,",",Argentina,",",5312,",",Área cosechada,",",01216,",",Alcachofas,","
"QCL,",Cultivos y productos de ganadería,",",032,",",Argentina,",",5412,",",Rendimiento,",",01216,",",Alcachofas,","
"QCL,",Cultivos y productos de ganadería,",",032,",",Argentina,",",5510,",",Producción,",",01216,",",Alcachofas,","
"QCL,",Cultivos y productos de ganadería,",",032,",",Argentina,",",5312,",",Área cosechada,",",01216,",",Alcachofas,","
"QCL,",Cultivos y productos de ganadería,",",032,",",Argentina,",",5412,",",Rendimiento,",",01216,",",Alcachofas,","
"QCL,",Cultivos y productos de ganadería,",",032,",",Argentina,",",5510,",",Producción,",",01216,",",Alcachofas,","
"QCL,",Cultivos y productos de ganadería,",",032,",",Argentina,",",5312,",",Área cosechada,",",01216,",",Alcachofas,","
"QCL,",Cultivos y productos de ganadería,",",032,",",Argentina,",",5412,",",Rendimiento,",",01216,",",Alcachofas,","
"QCL,",Cultivos y productos de ganadería,",",032,",",Argentina,",",5510,",",Producción,",",01216,",",Alcachofas,","
"QCL,",Cultivos y productos de ganadería,",",032,",",Argentina,",",5312,",",Área cosechada,",",01216,",",Alcachofas,","
"QCL,",Cultivos y productos de ganadería,",",032,",",Argentina,",",5412,",",Rendimiento,",",01216,",",Alcachofas,","
"QCL,",Cultivos y productos de ganadería,",",032,",",Argentina,",",5510,",",Producción,",",01216,",",Alcachofas,","
"QCL,",Cultivos y productos de ganadería,",",032,",",Argentina,",",5312,",",Área cosechada,",",01216,",",Alcachofas,","
"QCL,",Cultivos y productos de ganadería,",",032,",",Argentina,",",5412,",",Rendimiento,",",01216,",",Alcachofas,","
"QCL,",Cultivos y productos de ganadería,",",032,",",Argentina,",",5510,",",Producción,",",01216,",",Alcachofas,","
"QCL,",Cultivos y productos de ganadería,",",032,",",Argentina,",",5312,",",Área cosechada,",",01216,",",Alcachofas,","
"QCL,",Cultivos y productos de ganadería,",",032,",",Argentina,",",5412,",",Rendimiento,",",01216,",",Alcachofas,","
"QCL,",Cultivos y productos de ganadería,",",032,",",Argentina,",",5510,",",Producción,",",01216,",",Alcachofas,","
"QCL,",Cultivos y productos de ganadería,",",032,",",Argentina,",",5312,",",Área cosechada,",",01216,",",Alcachofas,","
"QCL,",Cultivos y productos de ganadería,",",032,",",Argentina,",",5412,",",Rendimiento,",",01216,",",Alcachofas,","
"QCL,",Cultivos y productos de ganadería,",",032,",",Argentina,",",5510,",",Producción,",",01216,",",Alcachofas,","
"QCL,",Cultivos y productos de ganadería,",",032,",",Argentina,",",5312,",",Área cosechada,",",01216,",",Alcachofas,","
"QCL,",Cultivos y productos de ganadería,",",032,",",Argentina,",",5412,",",Rendimiento,",",01216,",",Alcachofas,","
"QCL,",Cultivos y productos de ganadería,",",032,",",Argentina,",",5510,",",Producción,",",01216,",",Alcachofas,","
"QCL,",Cultivos y productos de ganadería,",",032,",",Argentina,",",5312,",",Área cosechada,",",01216,",",Alcachofas,","
"QCL,",Cultivos y productos de ganadería,",",032,",",Argentina,",",5412,",",Rendimiento,",",01216,",",Alcachofas,","
"QCL,",Cultivos y productos de ganadería,",",032,",",Argentina,",",5510,",",Producción,",",01216,",",Alcachofas,","
"QCL,",Cultivos y productos de ganadería,",",032,",",Argentina,",",5312,",",Área cosechada,",",01216,",",Alcachofas,","
"QCL,",Cultivos y productos de ganadería,",",032,",",Argentina,",",5412,",",Rendimiento,",",01216,",",Alcachofas,","
"QCL,",Cultivos y productos de ganadería,",",032,",",Argentina,",",5510,",",Producción,",",01216,",",Alcachofas,","
"QCL,",Cultivos y productos de ganadería,",",032,",",Argentina,",",5312,",",Área cosechada,",",01216,",",Alcachofas,","
"QCL,",Cultivos y productos de ganadería,",",032,",",Argentina,",",5412,",",Rendimiento,",",01216,",",Alcachofas,","
"QCL,",Cultivos y productos de ganadería,",",032,",",Argentina,",",5510,",",Producción,",",01216,",",Alcachofas,","
"QCL,",Cultivos y productos de ganadería,",",032,",",Argentina,",",5312,",",Área cosechada,",",01216,",",Alcachofas,","
"QCL,",Cultivos y productos de ganadería,",",032,",",Argentina,",",5412,",",Rendimiento,",",01216,",",Alcachofas,","
"QCL,",Cultivos y productos de ganadería,",",032,",",Argentina,",",5510,",",Producción,",",01216,",",Alcachofas,","
"QCL,",Cultivos y productos de ganadería,",",032,",",Argentina,",",5312,",",Área cosechada,",",01216,",",Alcachofas,","
"QCL,",Cultivos y productos de ganadería,",",032,",",Argentina,",",5412,",",Rendimiento,",",01216,",",Alcachofas,","
"QCL,",Cultivos y productos de ganadería,",",032,",",Argentina,",",5510,",",Producción,",",01216,",",Alcachofas,","
"QCL,",Cultivos y productos de ganadería,",",032,",",Argentina,",",5312,",",Área cosechada,",",01216,",",Alcachofas,","
"QCL,",Cultivos y productos de ganadería,",",032,",",Argentina,",",5412,",",Rendimiento,",",01216,",",Alcachofas,","
"QCL,",Cultivos y productos de ganadería,",",032,",",Argentina,",",5510,",",Producción,",",01216,",",Alcachofas,","
"QCL,",Cultivos y productos de ganadería,",",032,",",Argentina,",",5312,",",Área cosechada,",",01921.01,",","Algodón con semilla, sin desmotar",","
"QCL,",Cultivos y productos de ganadería,",",032,",",Argentina,",",5412,",",Rendimiento,",",01921.01,",","Algodón con semilla, sin desmotar",","
"QCL,",Cultivos y productos de ganadería,",",032,",",Argentina,",",5510,",",Producción,",",01921.01,",","Algodón con semilla, sin desmotar",","
"QCL,",Cultivos y productos de ganadería,",",032,",",Argentina,",",5312,",",Área cosechada,",",01921.01,",","Algodón con semilla, sin desmotar",","
"QCL,",Cultivos y productos de ganadería,",",032,",",Argentina,",",5412,",",Rendimiento,",",01921.01,",","Algodón con semilla, sin desmotar",","
"QCL,",Cultivos y productos de ganadería,",",032,",",Argentina,",",5510,",",Producción,",",01921.01,",","Algodón con semilla, sin desmotar",","
"QCL,",Cultivos y productos de ganadería,",",032,",",Argentina,",",5312,",",Área cosechada,",",01921.01,",","Algodón con semilla, sin desmotar",","
"QCL,",Cultivos y productos de ganadería,",",032,",",Argentina,",",5412,",",Rendimiento,",",01921.01,",","Algodón con semilla, sin desmotar",","
"QCL,",Cultivos y productos de ganadería,",",032,",",Argentina,",",5510,",",Producción,",",01921.01,",","Algodón con semilla, sin desmotar",","
"QCL,",Cultivos y productos de ganadería,",",032,",",Argentina,",",5312,",",Área cosechada,",",01921.01,",","Algodón con semilla, sin desmotar",","
"QCL,",Cultivos y productos de ganadería,",",032,",",Argentina,",",5412,",",Rendimiento,",",01921.01,",","Algodón con semilla, sin desmotar",","
"QCL,",Cultivos y productos de ganadería,",",032,",",Argentina,",",5510,",",Producción,",",01921.01,",","Algodón con semilla, sin desmotar",","
"QCL,",Cultivos y productos de ganadería,",",032,",",Argentina,",",5312,",",Área cosechada,",",01921.01,",","Algodón con semilla, sin desmotar",","
"QCL,",Cultivos y productos de ganadería,",",032,",",Argentina,",",5412,",",Rendimiento,",",01921.01,",","Algodón con semilla, sin desmotar",","
"QCL,",Cultivos y productos de ganadería,",",032,",",Argentina,",",5510,",",Producción,",",01921.01,",","Algodón con semilla, sin desmotar",","
"QCL,",Cultivos y productos de ganadería,",",032,",",Argentina,",",5312,",",Área cosechada,",",01921.01,",","Algodón con semilla, sin desmotar",","
"QCL,",Cultivos y productos de ganadería,",",032,",",Argentina,",",5412,",",Rendimiento,",",01921.01,",","Algodón con semilla, sin desmotar",","
"QCL,",Cultivos y productos de ganadería,",",032,",",Argentina,",",5510,",",Producción,",",01921.01,",","Algodón con semilla, sin desmotar",","
"QCL,",Cultivos y productos de ganadería,",",032,",",Argentina,",",5312,",",Área cosechada,",",01921.01,",","Algodón con semilla, sin desmotar",","
"QCL,",Cultivos y productos de ganadería,",",032,",",Argentina,",",5412,",",Rendimiento,",",01921.01,",","Algodón con semilla, sin desmotar",","
"QCL,",Cultivos y productos de ganadería,",",032,",",Argentina,",",5510,",",Producción,",",01921.01,",","Algodón con semilla, sin desmotar",","
"QCL,",Cultivos y productos de ganadería,",",032,",",Argentina,",",5312,",",Área cosechada,",",01921.01,",","Algodón con semilla, sin desmotar",","
"QCL,",Cultivos y productos de ganadería,",",032,",",Argentina,",",5412,",",Rendimiento,",",01921.01,",","Algodón con semilla, sin desmotar",","
"QCL,",Cultivos y productos de ganadería,",",032,",",Argentina,",",5510,",",Producción,",",01921.01,",","Algodón con semilla, sin desmotar",","
"QCL,",Cultivos y productos de ganadería,",",032,",",Argentina,",",5312,",",Área cosechada,",",01921.01,",","Algodón con semilla, sin desmotar",","
"QCL,",Cultivos y productos de ganadería,",",032,",",Argentina,",",5412,",",Rendimiento,",",01921.01,",","Algodón con semilla, sin desmotar",","
"QCL,",Cultivos y productos de ganadería,",",032,",",Argentina,",",5510,",",Producción,",",01921.01,",","Algodón con semilla, sin desmotar",","
"QCL,",Cultivos y productos de ganadería,",",032,",",Argentina,",",5312,",",Área cosechada,",",01921.01,",","Algodón con semilla, sin desmotar",","
"QCL,",Cultivos y productos de ganadería,",",032,",",Argentina,",",5412,",",Rendimiento,",",01921.01,",","Algodón con semilla, sin desmotar",","
"QCL,",Cultivos y productos de ganadería,",",032,",",Argentina,",",5510,",",Producción,",",01921.01,",","Algodón con semilla, sin desmotar",","
"QCL,",Cultivos y productos de ganadería,",",032,",",Argentina,",",5312,",",Área cosechada,",",01921.01,",","Algodón con semilla, sin desmotar",","
"QCL,",Cultivos y productos de ganadería,",",032,",",Argentina,",",5412,",",Rendimiento,",",01921.01,",","Algodón con semilla, sin desmotar",","
"QCL,",Cultivos y productos de ganadería,",",032,",",Argentina,",",5510,",",Producción,",",01921.01,",","Algodón con semilla, sin desmotar",","
"QCL,",Cultivos y productos de ganadería,",",032,",",Argentina,",",5312,",",Área cosechada,",",01921.01,",","Algodón con semilla, sin desmotar",","
"QCL,",Cultivos y productos de ganadería,",",032,",",Argentina,",",5412,",",Rendimiento,",",01921.01,",","Algodón con semilla, sin desmotar",","
"QCL,",Cultivos y productos de ganadería,",",032,",",Argentina,",",5510,",",Producción,",",01921.01,",","Algodón con semilla, sin desmotar",","
"QCL,",Cultivos y productos de ganadería,",",032,",",Argentina,",",5312,",",Área cosechada,",",01921.01,",","Algodón con semilla, sin desmotar",","
"QCL,",Cultivos y productos de ganadería,",",032,",",Argentina,",",5412,",",Rendimiento,",",01921.01,",","Algodón con semilla, sin desmotar",","
"QCL,",Cultivos y productos de ganadería,",",032,",",Argentina,",",5510,",",Producción,",",01921.01,",","Algodón con semilla, sin desmotar",","
"QCL,",Cultivos y productos de ganadería,",",032,",",Argentina,",",5312,",",Área cosechada,",",01921.01,",","Algodón con semilla, sin desmotar",","
"QCL,",Cultivos y productos de ganadería,",",032,",",Argentina,",",5412,",",Rendimiento,",",01921.01,",","Algodón con semilla, sin desmotar",","
"QCL,",Cultivos y productos de ganadería,",",032,",",Argentina,",",5510,",",Producción,",",01921.01,",","Algodón con semilla, sin desmotar",","
"QCL,",Cultivos y productos de ganadería,",",032,",",Argentina,",",5312,",",Área cosechada,",",01921.01,",","Algodón con semilla, sin desmotar",","
"QCL,",Cultivos y productos de ganadería,",",032,",",Argentina,",",5412,",",Rendimiento,",",01921.01,",","Algodón con semilla, sin desmotar",","
"QCL,",Cultivos y productos de ganadería,",",032,",",Argentina,",",5510,",",Producción,",",01921.01,",","Algodón con semilla, sin desmotar",","
"QCL,",Cultivos y productos de ganadería,",",032,",",Argentina,",",5312,",",Área cosechada,",",01371,",",Almendras con cáscara,","
"QCL,",Cultivos y productos de ganadería,",",032,",",Argentina,",",5412,",",Rendimiento,",",01371,",",Almendras con cáscara,","
"QCL,",Cultivos y productos de ganadería,",",032,",",Argentina,",",5510,",",Producción,",",01371,",",Almendras con cáscara,","
"QCL,",Cultivos y productos de ganadería,",",032,",",Argentina,",",5312,",",Área cosechada,",",01371,",",Almendras con cáscara,","
"QCL,",Cultivos y productos de ganadería,",",032,",",Argentina,",",5412,",",Rendimiento,",",01371,",",Almendras con cáscara,","
"QCL,",Cultivos y productos de ganadería,",",032,",",Argentina,",",5510,",",Producción,",",01371,",",Almendras con cáscara,","
"QCL,",Cultivos y productos de ganadería,",",032,",",Argentina,",",5312,",",Área cosechada,",",01371,",",Almendras con cáscara,","
"QCL,",Cultivos y productos de ganadería,",",032,",",Argentina,",",5412,",",Rendimiento,",",01371,",",Almendras con cáscara,","
"QCL,",Cultivos y productos de ganadería,",",032,",",Argentina,",",5510,",",Producción,",",01371,",",Almendras con cáscara,","
"QCL,",Cultivos y productos de ganadería,",",032,",",Argentina,",",5312,",",Área cosechada,",",01371,",",Almendras con cáscara,","
"QCL,",Cultivos y productos de ganadería,",",032,",",Argentina,",",5412,",",Rendimiento,",",01371,",",Almendras con cáscara,","
"QCL,",Cultivos y productos de ganadería,",",032,",",Argentina,",",5510,",",Producción,",",01371,",",Almendras con cáscara,","
"QCL,",Cultivos y productos de ganadería,",",032,",",Argentina,",",5312,",",Área cosechada,",",01371,",",Almendras con cáscara,","
"QCL,",Cultivos y productos de ganadería,",",032,",",Argentina,",",5412,",",Rendimiento,",",01371,",",Almendras con cáscara,","
"QCL,",Cultivos y productos de ganadería,",",032,",",Argentina,",",5510,",",Producción,",",01371,",",Almendras con cáscara,","
"QCL,",Cultivos y productos de ganadería,",",032,",",Argentina,",",5312,",",Área cosechada,",",01371,",",Almendras con cáscara,","
"QCL,",Cultivos y productos de ganadería,",",032,",",Argentina,",",5412,",",Rendimiento,",",01371,",",Almendras con cáscara,","
"QCL,",Cultivos y productos de ganadería,",",032,",",Argentina,",",5510,",",Producción,",",01371,",",Almendras con cáscara,","
"QCL,",Cultivos y productos de ganadería,",",032,",",Argentina,",",5312,",",Área cosechada,",",01371,",",Almendras con cáscara,","
"QCL,",Cultivos y productos de ganadería,",",032,",",Argentina,",",5412,",",Rendimiento,",",01371,",",Almendras con cáscara,","
"QCL,",Cultivos y productos de ganadería,",",032,",",Argentina,",",5510,",",Producción,",",01371,",",Almendras con cáscara,","
"QCL,",Cultivos y productos de ganadería,",",032,",",Argentina,",",5312,",",Área cosechada,",",01371,",",Almendras con cáscara,","
"QCL,",Cultivos y productos de ganadería,",",032,",",Argentina,",",5412,",",Rendimiento,",",01371,",",Almendras con cáscara,","
"QCL,",Cultivos y productos de ganadería,",",032,",",Argentina,",",5510,",",Producción,",",01371,",",Almendras con cáscara,","
"QCL,",Cultivos y productos de ganadería,",",032,",",Argentina,",",5312,",",Área cosechada,",",01371,",",Almendras con cáscara,","
"QCL,",Cultivos y productos de ganadería,",",032,",",Argentina,",",5412,",",Rendimiento,",",01371,",",Almendras con cáscara,","
"QCL,",Cultivos y productos de ganadería,",",032,",",Argentina,",",5510,",",Producción,",",01371,",",Almendras con cáscara,","
"QCL,",Cultivos y productos de ganadería,",",032,",",Argentina,",",5312,",",Área cosechada,",",01371,",",Almendras con cáscara,","
"QCL,",Cultivos y productos de ganadería,",",032,",",Argentina,",",5412,",",Rendimiento,",",01371,",",Almendras con cáscara,","
"QCL,",Cultivos y productos de ganadería,",",032,",",Argentina,",",5510,",",Producción,",",01371,",",Almendras con cáscara,","
"QCL,",Cultivos y productos de ganadería,",",032,",",Argentina,",",5312,",",Área cosechada,",",01371,",",Almendras con cáscara,","
"QCL,",Cultivos y productos de ganadería,",",032,",",Argentina,",",5412,",",Rendimiento,",",01371,",",Almendras con cáscara,","
"QCL,",Cultivos y productos de ganadería,",",032,",",Argentina,",",5510,",",Producción,",",01371,",",Almendras con cáscara,","
"QCL,",Cultivos y productos de ganadería,",",032,",",Argentina,",",5312,",",Área cosechada,",",01371,",",Almendras con cáscara,","
"QCL,",Cultivos y productos de ganadería,",",032,",",Argentina,",",5412,",",Rendimiento,",",01371,",",Almendras con cáscara,","
"QCL,",Cultivos y productos de ganadería,",",032,",",Argentina,",",5510,",",Producción,",",01371,",",Almendras con cáscara,","
"QCL,",Cultivos y productos de ganadería,",",032,",",Argentina,",",5312,",",Área cosechada,",",01371,",",Almendras con cáscara,","
"QCL,",Cultivos y productos de ganadería,",",032,",",Argentina,",",5412,",",Rendimiento,",",01371,",",Almendras con cáscara,","
"QCL,",Cultivos y productos de ganadería,",",032,",",Argentina,",",5510,",",Producción,",",01371,",",Almendras con cáscara,","
"QCL,",Cultivos y productos de ganadería,",",032,",",Argentina,",",5312,",",Área cosechada,",",01371,",",Almendras con cáscara,","
"QCL,",Cultivos y productos de ganadería,",",032,",",Argentina,",",5412,",",Rendimiento,",",01371,",",Almendras con cáscara,","
"QCL,",Cultivos y productos de ganadería,",",032,",",Argentina,",",5510,",",Producción,",",01371,",",Almendras con cáscara,","
"QCL,",Cultivos y productos de ganadería,",",032,",",Argentina,",",5312,",",Área cosechada,",",01371,",",Almendras con cáscara,","
"QCL,",Cultivos y productos de ganadería,",",032,",",Argentina,",",5412,",",Rendimiento,",",01371,",",Almendras con cáscara,","
"QCL,",Cultivos y productos de ganadería,",",032,",",Argentina,",",5510,",",Producción,",",01371,",",Almendras con cáscara,","
"QCL,",Cultivos y productos de ganadería,",",032,",",Argentina,",",5312,",",Área cosechada,",",01195,",",Alpiste,","
"QCL,",Cultivos y productos de ganadería,",",032,",",Argentina,",",5412,",",Rendimiento,",",01195,",",Alpiste,","
"QCL,",Cultivos y productos de ganadería,",",032,",",Argentina,",",5510,",",Producción,",",01195,",",Alpiste,","
"QCL,",Cultivos y productos de ganadería,",",032,",",Argentina,",",5312,",",Área cosechada,",",01195,",",Alpiste,","
"QCL,",Cultivos y productos de ganadería,",",032,",",Argentina,",",5412,",",Rendimiento,",",01195,",",Alpiste,","
"QCL,",Cultivos y productos de ganadería,",",032,",",Argentina,",",5510,",",Producción,",",01195,",",Alpiste,","
"QCL,",Cultivos y productos de ganadería,",",032,",",Argentina,",",5312,",",Área cosechada,",",01195,",",Alpiste,","
"QCL,",Cultivos y productos de ganadería,",",032,",",Argentina,",",5412,",",Rendimiento,",",01195,",",Alpiste,","
"QCL,",Cultivos y productos de ganadería,",",032,",",Argentina,",",5510,",",Producción,",",01195,",",Alpiste,","
"QCL,",Cultivos y productos de ganadería,",",032,",",Argentina,",",5312,",",Área cosechada,",",01195,",",Alpiste,","
"QCL,",Cultivos y productos de ganadería,",",032,",",Argentina,",",5412,",",Rendimiento,",",01195,",",Alpiste,","
"QCL,",Cultivos y productos de ganadería,",",032,",",Argentina,",",5510,",",Producción,",",01195,",",Alpiste,","
"QCL,",Cultivos y productos de ganadería,",",032,",",Argentina,",",5312,",",Área cosechada,",",01195,",",Alpiste,","
"QCL,",Cultivos y productos de ganadería,",",032,",",Argentina,",",5412,",",Rendimiento,",",01195,",",Alpiste,","
"QCL,",Cultivos y productos de ganadería,",",032,",",Argentina,",",5510,",",Producción,",",01195,",",Alpiste,","
"QCL,",Cultivos y productos de ganadería,",",032,",",Argentina,",",5312,",",Área cosechada,",",01195,",",Alpiste,","
"QCL,",Cultivos y productos de ganadería,",",032,",",Argentina,",",5412,",",Rendimiento,",",01195,",",Alpiste,","
"QCL,",Cultivos y productos de ganadería,",",032,",",Argentina,",",5510,",",Producción,",",01195,",",Alpiste,","
"QCL,",Cultivos y productos de ganadería,",",032,",",Argentina,",",5312,",",Área cosechada,",",01195,",",Alpiste,","
"QCL,",Cultivos y productos de ganadería,",",032,",",Argentina,",",5412,",",Rendimiento,",",01195,",",Alpiste,","
"QCL,",Cultivos y productos de ganadería,",",032,",",Argentina,",",5510,",",Producción,",",01195,",",Alpiste,","
"QCL,",Cultivos y productos de ganadería,",",032,",",Argentina,",",5312,",",Área cosechada,",",01195,",",Alpiste,","
"QCL,",Cultivos y productos de ganadería,",",032,",",Argentina,",",5412,",",Rendimiento,",",01195,",",Alpiste,","
"QCL,",Cultivos y productos de ganadería,",",032,",",Argentina,",",5510,",",Producción,",",01195,",",Alpiste,","
"QCL,",Cultivos y productos de ganadería,",",032,",",Argentina,",",5312,",",Área cosechada,",",01195,",",Alpiste,","
"QCL,",Cultivos y productos de ganadería,",",032,",",Argentina,",",5412,",",Rendimiento,",",01195,",",Alpiste,","
"QCL,",Cultivos y productos de ganadería,",",032,",",Argentina,",",5510,",",Producción,",",01195,",",Alpiste,","
"QCL,",Cultivos y productos de ganadería,",",032,",",Argentina,",",5312,",",Área cosechada,",",01195,",",Alpiste,","
"QCL,",Cultivos y productos de ganadería,",",032,",",Argentina,",",5412,",",Rendimiento,",",01195,",",Alpiste,","
"QCL,",Cultivos y productos de ganadería,",",032,",",Argentina,",",5510,",",Producción,",",01195,",",Alpiste,","
"QCL,",Cultivos y productos de ganadería,",",032,",",Argentina,",",5312,",",Área cosechada,",",01195,",",Alpiste,","
"QCL,",Cultivos y productos de ganadería,",",032,",",Argentina,",",5412,",",Rendimiento,",",01195,",",Alpiste,","
"QCL,",Cultivos y productos de ganadería,",",032,",",Argentina,",",5510,",",Producción,",",01195,",",Alpiste,","
"QCL,",Cultivos y productos de ganadería,",",032,",",Argentina,",",5312,",",Área cosechada,",",01195,",",Alpiste,","
"QCL,",Cultivos y productos de ganadería,",",032,",",Argentina,",",5412,",",Rendimiento,",",01195,",",Alpiste,","
"QCL,",Cultivos y productos de ganadería,",",032,",",Argentina,",",5510,",",Producción,",",01195,",",Alpiste,","
"QCL,",Cultivos y productos de ganadería,",",032,",",Argentina,",",5312,",",Área cosechada,",",01195,",",Alpiste,","
"QCL,",Cultivos y productos de ganadería,",",032,",",Argentina,",",5412,",",Rendimiento,",",01195,",",Alpiste,","
"QCL,",Cultivos y productos de ganadería,",",032,",",Argentina,",",5510,",",Producción,",",01195,",",Alpiste,","
"QCL,",Cultivos y productos de ganadería,",",032,",",Argentina,",",5312,",",Área cosechada,",",01195,",",Alpiste,","
"QCL,",Cultivos y productos de ganadería,",",032,",",Argentina,",",5412,",",Rendimiento,",",01195,",",Alpiste,","
"QCL,",Cultivos y productos de ganadería,",",032,",",Argentina,",",5510,",",Producción,",",01195,",",Alpiste,","
"QCL,",Cultivos y productos de ganadería,",",032,",",Argentina,",",5312,",",Área cosechada,",",01195,",",Alpiste,","
"QCL,",Cultivos y productos de ganadería,",",032,",",Argentina,",",5412,",",Rendimiento,",",01195,",",Alpiste,","
"QCL,",Cultivos y productos de ganadería,",",032,",",Argentina,",",5510,",",Producción,",",01195,",",Alpiste,","
"QCL,",Cultivos y productos de ganadería,",",032,",",Argentina,",",5312,",",Área cosechada,",",01709.02,",",Altramuz,","
"QCL,",Cultivos y productos de ganadería,",",032,",",Argentina,",",5412,",",Rendimiento,",",01709.02,",",Altramuz,","
"QCL,",Cultivos y productos de ganadería,",",032,",",Argentina,",",5510,",",Producción,",",01709.02,",",Altramuz,","
"QCL,",Cultivos y productos de ganadería,",",032,",",Argentina,",",5312,",",Área cosechada,",",01709.02,",",Altramuz,","
"QCL,",Cultivos y productos de ganadería,",",032,",",Argentina,",",5412,",",Rendimiento,",",01709.02,",",Altramuz,","
"QCL,",Cultivos y productos de ganadería,",",032,",",Argentina,",",5510,",",Producción,",",01709.02,",",Altramuz,","
"QCL,",Cultivos y productos de ganadería,",",032,",",Argentina,",",5312,",",Área cosechada,",",01709.02,",",Altramuz,","
"QCL,",Cultivos y productos de ganadería,",",032,",",Argentina,",",5412,",",Rendimiento,",",01709.02,",",Altramuz,","
"QCL,",Cultivos y productos de ganadería,",",032,",",Argentina,",",5510,",",Producción,",",01709.02,",",Altramuz,","
"QCL,",Cultivos y productos de ganadería,",",032,",",Argentina,",",5312,",",Área cosechada,",",01709.02,",",Altramuz,","
"QCL,",Cultivos y productos de ganadería,",",032,",",Argentina,",",5412,",",Rendimiento,",",01709.02,",",Altramuz,","
"QCL,",Cultivos y productos de ganadería,",",032,",",Argentina,",",5510,",",Producción,",",01709.02,",",Altramuz,","
"QCL,",Cultivos y productos de ganadería,",",032,",",Argentina,",",5312,",",Área cosechada,",",01709.02,",",Altramuz,","
"QCL,",Cultivos y productos de ganadería,",",032,",",Argentina,",",5412,",",Rendimiento,",",01709.02,",",Altramuz,","
"QCL,",Cultivos y productos de ganadería,",",032,",",Argentina,",",5510,",",Producción,",",01709.02,",",Altramuz,","
"QCL,",Cultivos y productos de ganadería,",",032,",",Argentina,",",5312,",",Área cosechada,",",01709.02,",",Altramuz,","
"QCL,",Cultivos y productos de ganadería,",",032,",",Argentina,",",5412,",",Rendimiento,",",01709.02,",",Altramuz,","
"QCL,",Cultivos y productos de ganadería,",",032,",",Argentina,",",5510,",",Producción,",",01709.02,",",Altramuz,","
"QCL,",Cultivos y productos de ganadería,",",032,",",Argentina,",",5312,",",Área cosechada,",",01709.02,",",Altramuz,","
"QCL,",Cultivos y productos de ganadería,",",032,",",Argentina,",",5412,",",Rendimiento,",",01709.02,",",Altramuz,","
"QCL,",Cultivos y productos de ganadería,",",032,",",Argentina,",",5510,",",Producción,",",01709.02,",",Altramuz,","
"QCL,",Cultivos y productos de ganadería,",",032,",",Argentina,",",5312,",",Área cosechada,",",01709.02,",",Altramuz,","
"QCL,",Cultivos y productos de ganadería,",",032,",",Argentina,",",5412,",",Rendimiento,",",01709.02,",",Altramuz,","
"QCL,",Cultivos y productos de ganadería,",",032,",",Argentina,",",5510,",",Producción,",",01709.02,",",Altramuz,","
"QCL,",Cultivos y productos de ganadería,",",032,",",Argentina,",",5312,",",Área cosechada,",",01709.02,",",Altramuz,","
"QCL,",Cultivos y productos de ganadería,",",032,",",Argentina,",",5412,",",Rendimiento,",",01709.02,",",Altramuz,","
"QCL,",Cultivos y productos de ganadería,",",032,",",Argentina,",",5510,",",Producción,",",01709.02,",",Altramuz,","
"QCL,",Cultivos y productos de ganadería,",",032,",",Argentina,",",5312,",",Área cosechada,",",01709.02,",",Altramuz,","
"QCL,",Cultivos y productos de ganadería,",",032,",",Argentina,",",5412,",",Rendimiento,",",01709.02,",",Altramuz,","
"QCL,",Cultivos y productos de ganadería,",",032,",",Argentina,",",5510,",",Producción,",",01709.02,",",Altramuz,","
"QCL,",Cultivos y productos de ganadería,",",032,",",Argentina,",",5312,",",Área cosechada,",",01709.02,",",Altramuz,","
"QCL,",Cultivos y productos de ganadería,",",032,",",Argentina,",",5412,",",Rendimiento,",",01709.02,",",Altramuz,","
"QCL,",Cultivos y productos de ganadería,",",032,",",Argentina,",",5510,",",Producción,",",01709.02,",",Altramuz,","
"QCL,",Cultivos y productos de ganadería,",",032,",",Argentina,",",5312,",",Área cosechada,",",01709.02,",",Altramuz,","
"QCL,",Cultivos y productos de ganadería,",",032,",",Argentina,",",5412,",",Rendimiento,",",01709.02,",",Altramuz,","
"QCL,",Cultivos y productos de ganadería,",",032,",",Argentina,",",5510,",",Producción,",",01709.02,",",Altramuz,","
"QCL,",Cultivos y productos de ganadería,",",032,",",Argentina,",",5312,",",Área cosechada,",",01709.02,",",Altramuz,","
"QCL,",Cultivos y productos de ganadería,",",032,",",Argentina,",",5412,",",Rendimiento,",",01709.02,",",Altramuz,","
"QCL,",Cultivos y productos de ganadería,",",032,",",Argentina,",",5510,",",Producción,",",01709.02,",",Altramuz,","
"QCL,",Cultivos y productos de ganadería,",",032,",",Argentina,",",5312,",",Área cosechada,",",01709.02,",",Altramuz,","
"QCL,",Cultivos y productos de ganadería,",",032,",",Argentina,",",5412,",",Rendimiento,",",01709.02,",",Altramuz,","
"QCL,",Cultivos y productos de ganadería,",",032,",",Argentina,",",5510,",",Producción,",",01709.02,",",Altramuz,","
"QCL,",Cultivos y productos de ganadería,",",032,",",Argentina,",",5312,",",Área cosechada,",",01709.02,",",Altramuz,","
"QCL,",Cultivos y productos de ganadería,",",032,",",Argentina,",",5412,",",Rendimiento,",",01709.02,",",Altramuz,","
"QCL,",Cultivos y productos de ganadería,",",032,",",Argentina,",",5510,",",Producción,",",01709.02,",",Altramuz,","
"QCL,",Cultivos y productos de ganadería,",",032,",",Argentina,",",5312,",",Área cosechada,",",01654,",","Anís, badiana, cilantro, comino, alcaravea, hinojo y bayas de enebro, en bruto",","
"QCL,",Cultivos y productos de ganadería,",",032,",",Argentina,",",5412,",",Rendimiento,",",01654,",","Anís, badiana, cilantro, comino, alcaravea, hinojo y bayas de enebro, en bruto",","
"QCL,",Cultivos y productos de ganadería,",",032,",",Argentina,",",5510,",",Producción,",",01654,",","Anís, badiana, cilantro, comino, alcaravea, hinojo y bayas de enebro, en bruto",","
"QCL,",Cultivos y productos de ganadería,",",032,",",Argentina,",",5312,",",Área cosechada,",",01654,",","Anís, badiana, cilantro, comino, alcaravea, hinojo y bayas de enebro, en bruto",","
"QCL,",Cultivos y productos de ganadería,",",032,",",Argentina,",",5412,",",Rendimiento,",",01654,",","Anís, badiana, cilantro, comino, alcaravea, hinojo y bayas de enebro, en bruto",","
"QCL,",Cultivos y productos de ganadería,",",032,",",Argentina,",",5510,",",Producción,",",01654,",","Anís, badiana, cilantro, comino, alcaravea, hinojo y bayas de enebro, en bruto",","
"QCL,",Cultivos y productos de ganadería,",",032,",",Argentina,",",5312,",",Área cosechada,",",01654,",","Anís, badiana, cilantro, comino, alcaravea, hinojo y bayas de enebro, en bruto",","
"QCL,",Cultivos y productos de ganadería,",",032,",",Argentina,",",5412,",",Rendimiento,",",01654,",","Anís, badiana, cilantro, comino, alcaravea, hinojo y bayas de enebro, en bruto",","
"QCL,",Cultivos y productos de ganadería,",",032,",",Argentina,",",5510,",",Producción,",",01654,",","Anís, badiana, cilantro, comino, alcaravea, hinojo y bayas de enebro, en bruto",","
"QCL,",Cultivos y productos de ganadería,",",032,",",Argentina,",",5312,",",Área cosechada,",",01654,",","Anís, badiana, cilantro, comino, alcaravea, hinojo y bayas de enebro, en bruto",","
"QCL,",Cultivos y productos de ganadería,",",032,",",Argentina,",",5412,",",Rendimiento,",",01654,",","Anís, badiana, cilantro, comino, alcaravea, hinojo y bayas de enebro, en bruto",","
"QCL,",Cultivos y productos de ganadería,",",032,",",Argentina,",",5510,",",Producción,",",01654,",","Anís, badiana, cilantro, comino, alcaravea, hinojo y bayas de enebro, en bruto",","
"QCL,",Cultivos y productos de ganadería,",",032,",",Argentina,",",5312,",",Área cosechada,",",01654,",","Anís, badiana, cilantro, comino, alcaravea, hinojo y bayas de enebro, en bruto",","
"QCL,",Cultivos y productos de ganadería,",",032,",",Argentina,",",5412,",",Rendimiento,",",01654,",","Anís, badiana, cilantro, comino, alcaravea, hinojo y bayas de enebro, en bruto",","
"QCL,",Cultivos y productos de ganadería,",",032,",",Argentina,",",5510,",",Producción,",",01654,",","Anís, badiana, cilantro, comino, alcaravea, hinojo y bayas de enebro, en bruto",","
"QCL,",Cultivos y productos de ganadería,",",032,",",Argentina,",",5312,",",Área cosechada,",",01654,",","Anís, badiana, cilantro, comino, alcaravea, hinojo y bayas de enebro, en bruto",","
"QCL,",Cultivos y productos de ganadería,",",032,",",Argentina,",",5412,",",Rendimiento,",",01654,",","Anís, badiana, cilantro, comino, alcaravea, hinojo y bayas de enebro, en bruto",","
"QCL,",Cultivos y productos de ganadería,",",032,",",Argentina,",",5510,",",Producción,",",01654,",","Anís, badiana, cilantro, comino, alcaravea, hinojo y bayas de enebro, en bruto",","
"QCL,",Cultivos y productos de ganadería,",",032,",",Argentina,",",5312,",",Área cosechada,",",01654,",","Anís, badiana, cilantro, comino, alcaravea, hinojo y bayas de enebro, en bruto",","
"QCL,",Cultivos y productos de ganadería,",",032,",",Argentina,",",5412,",",Rendimiento,",",01654,",","Anís, badiana, cilantro, comino, alcaravea, hinojo y bayas de enebro, en bruto",","
"QCL,",Cultivos y productos de ganadería,",",032,",",Argentina,",",5510,",",Producción,",",01654,",","Anís, badiana, cilantro, comino, alcaravea, hinojo y bayas de enebro, en bruto",","
"QCL,",Cultivos y productos de ganadería,",",032,",",Argentina,",",5312,",",Área cosechada,",",01654,",","Anís, badiana, cilantro, comino, alcaravea, hinojo y bayas de enebro, en bruto",","
"QCL,",Cultivos y productos de ganadería,",",032,",",Argentina,",",5412,",",Rendimiento,",",01654,",","Anís, badiana, cilantro, comino, alcaravea, hinojo y bayas de enebro, en bruto",","
"QCL,",Cultivos y productos de ganadería,",",032,",",Argentina,",",5510,",",Producción,",",01654,",","Anís, badiana, cilantro, comino, alcaravea, hinojo y bayas de enebro, en bruto",","
"QCL,",Cultivos y productos de ganadería,",",032,",",Argentina,",",5312,",",Área cosechada,",",01654,",","Anís, badiana, cilantro, comino, alcaravea, hinojo y bayas de enebro, en bruto",","
"QCL,",Cultivos y productos de ganadería,",",032,",",Argentina,",",5412,",",Rendimiento,",",01654,",","Anís, badiana, cilantro, comino, alcaravea, hinojo y bayas de enebro, en bruto",","
"QCL,",Cultivos y productos de ganadería,",",032,",",Argentina,",",5510,",",Producción,",",01654,",","Anís, badiana, cilantro, comino, alcaravea, hinojo y bayas de enebro, en bruto",","
"QCL,",Cultivos y productos de ganadería,",",032,",",Argentina,",",5312,",",Área cosechada,",",01654,",","Anís, badiana, cilantro, comino, alcaravea, hinojo y bayas de enebro, en bruto",","
"QCL,",Cultivos y productos de ganadería,",",032,",",Argentina,",",5412,",",Rendimiento,",",01654,",","Anís, badiana, cilantro, comino, alcaravea, hinojo y bayas de enebro, en bruto",","
"QCL,",Cultivos y productos de ganadería,",",032,",",Argentina,",",5510,",",Producción,",",01654,",","Anís, badiana, cilantro, comino, alcaravea, hinojo y bayas de enebro, en bruto",","
"QCL,",Cultivos y productos de ganadería,",",032,",",Argentina,",",5312,",",Área cosechada,",",01654,",","Anís, badiana, cilantro, comino, alcaravea, hinojo y bayas de enebro, en bruto",","
"QCL,",Cultivos y productos de ganadería,",",032,",",Argentina,",",5412,",",Rendimiento,",",01654,",","Anís, badiana, cilantro, comino, alcaravea, hinojo y bayas de enebro, en bruto",","
"QCL,",Cultivos y productos de ganadería,",",032,",",Argentina,",",5510,",",Producción,",",01654,",","Anís, badiana, cilantro, comino, alcaravea, hinojo y bayas de enebro, en bruto",","
"QCL,",Cultivos y productos de ganadería,",",032,",",Argentina,",",5312,",",Área cosechada,",",01654,",","Anís, badiana, cilantro, comino, alcaravea, hinojo y bayas de enebro, en bruto",","
"QCL,",Cultivos y productos de ganadería,",",032,",",Argentina,",",5412,",",Rendimiento,",",01654,",","Anís, badiana, cilantro, comino, alcaravea, hinojo y bayas de enebro, en bruto",","
"QCL,",Cultivos y productos de ganadería,",",032,",",Argentina,",",5510,",",Producción,",",01654,",","Anís, badiana, cilantro, comino, alcaravea, hinojo y bayas de enebro, en bruto",","
"QCL,",Cultivos y productos de ganadería,",",032,",",Argentina,",",5312,",",Área cosechada,",",01654,",","Anís, badiana, cilantro, comino, alcaravea, hinojo y bayas de enebro, en bruto",","
"QCL,",Cultivos y productos de ganadería,",",032,",",Argentina,",",5412,",",Rendimiento,",",01654,",","Anís, badiana, cilantro, comino, alcaravea, hinojo y bayas de enebro, en bruto",","
"QCL,",Cultivos y productos de ganadería,",",032,",",Argentina,",",5510,",",Producción,",",01654,",","Anís, badiana, cilantro, comino, alcaravea, hinojo y bayas de enebro, en bruto",","
"QCL,",Cultivos y productos de ganadería,",",032,",",Argentina,",",5312,",",Área cosechada,",",01654,",","Anís, badiana, cilantro, comino, alcaravea, hinojo y bayas de enebro, en bruto",","
"QCL,",Cultivos y productos de ganadería,",",032,",",Argentina,",",5412,",",Rendimiento,",",01654,",","Anís, badiana, cilantro, comino, alcaravea, hinojo y bayas de enebro, en bruto",","
"QCL,",Cultivos y productos de ganadería,",",032,",",Argentina,",",5510,",",Producción,",",01654,",","Anís, badiana, cilantro, comino, alcaravea, hinojo y bayas de enebro, en bruto",","
"QCL,",Cultivos y productos de ganadería,",",032,",",Argentina,",",5312,",",Área cosechada,",",01654,",","Anís, badiana, cilantro, comino, alcaravea, hinojo y bayas de enebro, en bruto",","
"QCL,",Cultivos y productos de ganadería,",",032,",",Argentina,",",5412,",",Rendimiento,",",01654,",","Anís, badiana, cilantro, comino, alcaravea, hinojo y bayas de enebro, en bruto",","
"QCL,",Cultivos y productos de ganadería,",",032,",",Argentina,",",5510,",",Producción,",",01654,",","Anís, badiana, cilantro, comino, alcaravea, hinojo y bayas de enebro, en bruto",","
"QCL,",Cultivos y productos de ganadería,",",032,",",Argentina,",",5312,",",Área cosechada,",",0113,",",Arroz,","
"QCL,",Cultivos y productos de ganadería,",",032,",",Argentina,",",5412,",",Rendimiento,",",0113,",",Arroz,","
"QCL,",Cultivos y productos de ganadería,",",032,",",Argentina,",",5510,",",Producción,",",0113,",",Arroz,","
"QCL,",Cultivos y productos de ganadería,",",032,",",Argentina,",",5312,",",Área cosechada,",",0113,",",Arroz,","
"QCL,",Cultivos y productos de ganadería,",",032,",",Argentina,",",5412,",",Rendimiento,",",0113,",",Arroz,","
"QCL,",Cultivos y productos de ganadería,",",032,",",Argentina,",",5510,",",Producción,",",0113,",",Arroz,","
"QCL,",Cultivos y productos de ganadería,",",032,",",Argentina,",",5312,",",Área cosechada,",",0113,",",Arroz,","
"QCL,",Cultivos y productos de ganadería,",",032,",",Argentina,",",5412,",",Rendimiento,",",0113,",",Arroz,","
"QCL,",Cultivos y productos de ganadería,",",032,",",Argentina,",",5510,",",Producción,",",0113,",",Arroz,","
"QCL,",Cultivos y productos de ganadería,",",032,",",Argentina,",",5312,",",Área cosechada,",",0113,",",Arroz,","
"QCL,",Cultivos y productos de ganadería,",",032,",",Argentina,",",5412,",",Rendimiento,",",0113,",",Arroz,","
"QCL,",Cultivos y productos de ganadería,",",032,",",Argentina,",",5510,",",Producción,",",0113,",",Arroz,","
"QCL,",Cultivos y productos de ganadería,",",032,",",Argentina,",",5312,",",Área cosechada,",",0113,",",Arroz,","
"QCL,",Cultivos y productos de ganadería,",",032,",",Argentina,",",5412,",",Rendimiento,",",0113,",",Arroz,","
"QCL,",Cultivos y productos de ganadería,",",032,",",Argentina,",",5510,",",Producción,",",0113,",",Arroz,","
"QCL,",Cultivos y productos de ganadería,",",032,",",Argentina,",",5312,",",Área cosechada,",",0113,",",Arroz,","
"QCL,",Cultivos y productos de ganadería,",",032,",",Argentina,",",5412,",",Rendimiento,",",0113,",",Arroz,","
"QCL,",Cultivos y productos de ganadería,",",032,",",Argentina,",",5510,",",Producción,",",0113,",",Arroz,","
"QCL,",Cultivos y productos de ganadería,",",032,",",Argentina,",",5312,",",Área cosechada,",",0113,",",Arroz,","
"QCL,",Cultivos y productos de ganadería,",",032,",",Argentina,",",5412,",",Rendimiento,",",0113,",",Arroz,","
"QCL,",Cultivos y productos de ganadería,",",032,",",Argentina,",",5510,",",Producción,",",0113,",",Arroz,","
"QCL,",Cultivos y productos de ganadería,",",032,",",Argentina,",",5312,",",Área cosechada,",",0113,",",Arroz,","
"QCL,",Cultivos y productos de ganadería,",",032,",",Argentina,",",5412,",",Rendimiento,",",0113,",",Arroz,","
"QCL,",Cultivos y productos de ganadería,",",032,",",Argentina,",",5510,",",Producción,",",0113,",",Arroz,","
"QCL,",Cultivos y productos de ganadería,",",032,",",Argentina,",",5312,",",Área cosechada,",",0113,",",Arroz,","
"QCL,",Cultivos y productos de ganadería,",",032,",",Argentina,",",5412,",",Rendimiento,",",0113,",",Arroz,","
"QCL,",Cultivos y productos de ganadería,",",032,",",Argentina,",",5510,",",Producción,",",0113,",",Arroz,","
"QCL,",Cultivos y productos de ganadería,",",032,",",Argentina,",",5312,",",Área cosechada,",",0113,",",Arroz,","
"QCL,",Cultivos y productos de ganadería,",",032,",",Argentina,",",5412,",",Rendimiento,",",0113,",",Arroz,","
"QCL,",Cultivos y productos de ganadería,",",032,",",Argentina,",",5510,",",Producción,",",0113,",",Arroz,","
"QCL,",Cultivos y productos de ganadería,",",032,",",Argentina,",",5312,",",Área cosechada,",",0113,",",Arroz,","
"QCL,",Cultivos y productos de ganadería,",",032,",",Argentina,",",5412,",",Rendimiento,",",0113,",",Arroz,","
"QCL,",Cultivos y productos de ganadería,",",032,",",Argentina,",",5510,",",Producción,",",0113,",",Arroz,","
"QCL,",Cultivos y productos de ganadería,",",032,",",Argentina,",",5312,",",Área cosechada,",",0113,",",Arroz,","
"QCL,",Cultivos y productos de ganadería,",",032,",",Argentina,",",5412,",",Rendimiento,",",0113,",",Arroz,","
"QCL,",Cultivos y productos de ganadería,",",032,",",Argentina,",",5510,",",Producción,",",0113,",",Arroz,","
"QCL,",Cultivos y productos de ganadería,",",032,",",Argentina,",",5312,",",Área cosechada,",",0113,",",Arroz,","
"QCL,",Cultivos y productos de ganadería,",",032,",",Argentina,",",5412,",",Rendimiento,",",0113,",",Arroz,","
"QCL,",Cultivos y productos de ganadería,",",032,",",Argentina,",",5510,",",Producción,",",0113,",",Arroz,","
"QCL,",Cultivos y productos de ganadería,",",032,",",Argentina,",",5312,",",Área cosechada,",",0113,",",Arroz,","
"QCL,",Cultivos y productos de ganadería,",",032,",",Argentina,",",5412,",",Rendimiento,",",0113,",",Arroz,","
"QCL,",Cultivos y productos de ganadería,",",032,",",Argentina,",",5510,",",Producción,",",0113,",",Arroz,","
"QCL,",Cultivos y productos de ganadería,",",032,",",Argentina,",",5312,",",Área cosechada,",",0113,",",Arroz,","
"QCL,",Cultivos y productos de ganadería,",",032,",",Argentina,",",5412,",",Rendimiento,",",0113,",",Arroz,","
"QCL,",Cultivos y productos de ganadería,",",032,",",Argentina,",",5510,",",Producción,",",0113,",",Arroz,","
"QCL,",Cultivos y productos de ganadería,",",032,",",Argentina,",",5312,",",Área cosechada,",",0117,",",Avena,","
"QCL,",Cultivos y productos de ganadería,",",032,",",Argentina,",",5412,",",Rendimiento,",",0117,",",Avena,","
"QCL,",Cultivos y productos de ganadería,",",032,",",Argentina,",",5510,",",Producción,",",0117,",",Avena,","
"QCL,",Cultivos y productos de ganadería,",",032,",",Argentina,",",5312,",",Área cosechada,",",0117,",",Avena,","
"QCL,",Cultivos y productos de ganadería,",",032,",",Argentina,",",5412,",",Rendimiento,",",0117,",",Avena,","
"QCL,",Cultivos y productos de ganadería,",",032,",",Argentina,",",5510,",",Producción,",",0117,",",Avena,","
"QCL,",Cultivos y productos de ganadería,",",032,",",Argentina,",",5312,",",Área cosechada,",",0117,",",Avena,","
"QCL,",Cultivos y productos de ganadería,",",032,",",Argentina,",",5412,",",Rendimiento,",",0117,",",Avena,","
"QCL,",Cultivos y productos de ganadería,",",032,",",Argentina,",",5510,",",Producción,",",0117,",",Avena,","
"QCL,",Cultivos y productos de ganadería,",",032,",",Argentina,",",5312,",",Área cosechada,",",0117,",",Avena,","
"QCL,",Cultivos y productos de ganadería,",",032,",",Argentina,",",5412,",",Rendimiento,",",0117,",",Avena,","
"QCL,",Cultivos y productos de ganadería,",",032,",",Argentina,",",5510,",",Producción,",",0117,",",Avena,","
"QCL,",Cultivos y productos de ganadería,",",032,",",Argentina,",",5312,",",Área cosechada,",",0117,",",Avena,","
"QCL,",Cultivos y productos de ganadería,",",032,",",Argentina,",",5412,",",Rendimiento,",",0117,",",Avena,","
"QCL,",Cultivos y productos de ganadería,",",032,",",Argentina,",",5510,",",Producción,",",0117,",",Avena,","
"QCL,",Cultivos y productos de ganadería,",",032,",",Argentina,",",5312,",",Área cosechada,",",0117,",",Avena,","
"QCL,",Cultivos y productos de ganadería,",",032,",",Argentina,",",5412,",",Rendimiento,",",0117,",",Avena,","
"QCL,",Cultivos y productos de ganadería,",",032,",",Argentina,",",5510,",",Producción,",",0117,",",Avena,","
"QCL,",Cultivos y productos de ganadería,",",032,",",Argentina,",",5312,",",Área cosechada,",",0117,",",Avena,","
"QCL,",Cultivos y productos de ganadería,",",032,",",Argentina,",",5412,",",Rendimiento,",",0117,",",Avena,","
"QCL,",Cultivos y productos de ganadería,",",032,",",Argentina,",",5510,",",Producción,",",0117,",",Avena,","
"QCL,",Cultivos y productos de ganadería,",",032,",",Argentina,",",5312,",",Área cosechada,",",0117,",",Avena,","
"QCL,",Cultivos y productos de ganadería,",",032,",",Argentina,",",5412,",",Rendimiento,",",0117,",",Avena,","
"QCL,",Cultivos y productos de ganadería,",",032,",",Argentina,",",5510,",",Producción,",",0117,",",Avena,","
"QCL,",Cultivos y productos de ganadería,",",032,",",Argentina,",",5312,",",Área cosechada,",",0117,",",Avena,","
"QCL,",Cultivos y productos de ganadería,",",032,",",Argentina,",",5412,",",Rendimiento,",",0117,",",Avena,","
"QCL,",Cultivos y productos de ganadería,",",032,",",Argentina,",",5510,",",Producción,",",0117,",",Avena,","
"QCL,",Cultivos y productos de ganadería,",",032,",",Argentina,",",5312,",",Área cosechada,",",0117,",",Avena,","
"QCL,",Cultivos y productos de ganadería,",",032,",",Argentina,",",5412,",",Rendimiento,",",0117,",",Avena,","
"QCL,",Cultivos y productos de ganadería,",",032,",",Argentina,",",5510,",",Producción,",",0117,",",Avena,","
"QCL,",Cultivos y productos de ganadería,",",032,",",Argentina,",",5312,",",Área cosechada,",",0117,",",Avena,","
"QCL,",Cultivos y productos de ganadería,",",032,",",Argentina,",",5412,",",Rendimiento,",",0117,",",Avena,","
"QCL,",Cultivos y productos de ganadería,",",032,",",Argentina,",",5510,",",Producción,",",0117,",",Avena,","
"QCL,",Cultivos y productos de ganadería,",",032,",",Argentina,",",5312,",",Área cosechada,",",0117,",",Avena,","
"QCL,",Cultivos y productos de ganadería,",",032,",",Argentina,",",5412,",",Rendimiento,",",0117,",",Avena,","
"QCL,",Cultivos y productos de ganadería,",",032,",",Argentina,",",5510,",",Producción,",",0117,",",Avena,","
"QCL,",Cultivos y productos de ganadería,",",032,",",Argentina,",",5312,",",Área cosechada,",",0117,",",Avena,","
"QCL,",Cultivos y productos de ganadería,",",032,",",Argentina,",",5412,",",Rendimiento,",",0117,",",Avena,","
"QCL,",Cultivos y productos de ganadería,",",032,",",Argentina,",",5510,",",Producción,",",0117,",",Avena,","
"QCL,",Cultivos y productos de ganadería,",",032,",",Argentina,",",5312,",",Área cosechada,",",0117,",",Avena,","
"QCL,",Cultivos y productos de ganadería,",",032,",",Argentina,",",5412,",",Rendimiento,",",0117,",",Avena,","
"QCL,",Cultivos y productos de ganadería,",",032,",",Argentina,",",5510,",",Producción,",",0117,",",Avena,","
"QCL,",Cultivos y productos de ganadería,",",032,",",Argentina,",",5312,",",Área cosechada,",",0117,",",Avena,","
"QCL,",Cultivos y productos de ganadería,",",032,",",Argentina,",",5412,",",Rendimiento,",",0117,",",Avena,","
"QCL,",Cultivos y productos de ganadería,",",032,",",Argentina,",",5510,",",Producción,",",0117,",",Avena,","
"QCL,",Cultivos y productos de ganadería,",",032,",",Argentina,",",5312,",",Área cosechada,",",01802,",","Azucar, caña",","
"QCL,",Cultivos y productos de ganadería,",",032,",",Argentina,",",5412,",",Rendimiento,",",01802,",","Azucar, caña",","
"QCL,",Cultivos y productos de ganadería,",",032,",",Argentina,",",5510,",",Producción,",",01802,",","Azucar, caña",","
"QCL,",Cultivos y productos de ganadería,",",032,",",Argentina,",",5312,",",Área cosechada,",",01802,",","Azucar, caña",","
"QCL,",Cultivos y productos de ganadería,",",032,",",Argentina,",",5412,",",Rendimiento,",",01802,",","Azucar, caña",","
"QCL,",Cultivos y productos de ganadería,",",032,",",Argentina,",",5510,",",Producción,",",01802,",","Azucar, caña",","
"QCL,",Cultivos y productos de ganadería,",",032,",",Argentina,",",5312,",",Área cosechada,",",01802,",","Azucar, caña",","
"QCL,",Cultivos y productos de ganadería,",",032,",",Argentina,",",5412,",",Rendimiento,",",01802,",","Azucar, caña",","
"QCL,",Cultivos y productos de ganadería,",",032,",",Argentina,",",5510,",",Producción,",",01802,",","Azucar, caña",","
"QCL,",Cultivos y productos de ganadería,",",032,",",Argentina,",",5312,",",Área cosechada,",",01802,",","Azucar, caña",","
"QCL,",Cultivos y productos de ganadería,",",032,",",Argentina,",",5412,",",Rendimiento,",",01802,",","Azucar, caña",","
"QCL,",Cultivos y productos de ganadería,",",032,",",Argentina,",",5510,",",Producción,",",01802,",","Azucar, caña",","
"QCL,",Cultivos y productos de ganadería,",",032,",",Argentina,",",5312,",",Área cosechada,",",01802,",","Azucar, caña",","
"QCL,",Cultivos y productos de ganadería,",",032,",",Argentina,",",5412,",",Rendimiento,",",01802,",","Azucar, caña",","
"QCL,",Cultivos y productos de ganadería,",",032,",",Argentina,",",5510,",",Producción,",",01802,",","Azucar, caña",","
"QCL,",Cultivos y productos de ganadería,",",032,",",Argentina,",",5312,",",Área cosechada,",",01802,",","Azucar, caña",","
"QCL,",Cultivos y productos de ganadería,",",032,",",Argentina,",",5412,",",Rendimiento,",",01802,",","Azucar, caña",","
"QCL,",Cultivos y productos de ganadería,",",032,",",Argentina,",",5510,",",Producción,",",01802,",","Azucar, caña",","
"QCL,",Cultivos y productos de ganadería,",",032,",",Argentina,",",5312,",",Área cosechada,",",01802,",","Azucar, caña",","
"QCL,",Cultivos y productos de ganadería,",",032,",",Argentina,",",5412,",",Rendimiento,",",01802,",","Azucar, caña",","
"QCL,",Cultivos y productos de ganadería,",",032,",",Argentina,",",5510,",",Producción,",",01802,",","Azucar, caña",","
"QCL,",Cultivos y productos de ganadería,",",032,",",Argentina,",",5312,",",Área cosechada,",",01802,",","Azucar, caña",","
"QCL,",Cultivos y productos de ganadería,",",032,",",Argentina,",",5412,",",Rendimiento,",",01802,",","Azucar, caña",","
"QCL,",Cultivos y productos de ganadería,",",032,",",Argentina,",",5510,",",Producción,",",01802,",","Azucar, caña",","
"QCL,",Cultivos y productos de ganadería,",",032,",",Argentina,",",5312,",",Área cosechada,",",01802,",","Azucar, caña",","
"QCL,",Cultivos y productos de ganadería,",",032,",",Argentina,",",5412,",",Rendimiento,",",01802,",","Azucar, caña",","
"QCL,",Cultivos y productos de ganadería,",",032,",",Argentina,",",5510,",",Producción,",",01802,",","Azucar, caña",","
"QCL,",Cultivos y productos de ganadería,",",032,",",Argentina,",",5312,",",Área cosechada,",",01802,",","Azucar, caña",","
"QCL,",Cultivos y productos de ganadería,",",032,",",Argentina,",",5412,",",Rendimiento,",",01802,",","Azucar, caña",","
"QCL,",Cultivos y productos de ganadería,",",032,",",Argentina,",",5510,",",Producción,",",01802,",","Azucar, caña",","
"QCL,",Cultivos y productos de ganadería,",",032,",",Argentina,",",5312,",",Área cosechada,",",01802,",","Azucar, caña",","
"QCL,",Cultivos y productos de ganadería,",",032,",",Argentina,",",5412,",",Rendimiento,",",01802,",","Azucar, caña",","
"QCL,",Cultivos y productos de ganadería,",",032,",",Argentina,",",5510,",",Producción,",",01802,",","Azucar, caña",","
"QCL,",Cultivos y productos de ganadería,",",032,",",Argentina,",",5312,",",Área cosechada,",",01802,",","Azucar, caña",","
"QCL,",Cultivos y productos de ganadería,",",032,",",Argentina,",",5412,",",Rendimiento,",",01802,",","Azucar, caña",","
"QCL,",Cultivos y productos de ganadería,",",032,",",Argentina,",",5510,",",Producción,",",01802,",","Azucar, caña",","
"QCL,",Cultivos y productos de ganadería,",",032,",",Argentina,",",5312,",",Área cosechada,",",01802,",","Azucar, caña",","
"QCL,",Cultivos y productos de ganadería,",",032,",",Argentina,",",5412,",",Rendimiento,",",01802,",","Azucar, caña",","
"QCL,",Cultivos y productos de ganadería,",",032,",",Argentina,",",5510,",",Producción,",",01802,",","Azucar, caña",","
"QCL,",Cultivos y productos de ganadería,",",032,",",Argentina,",",5312,",",Área cosechada,",",01802,",","Azucar, caña",","
"QCL,",Cultivos y productos de ganadería,",",032,",",Argentina,",",5412,",",Rendimiento,",",01802,",","Azucar, caña",","
"QCL,",Cultivos y productos de ganadería,",",032,",",Argentina,",",5510,",",Producción,",",01802,",","Azucar, caña",","
"QCL,",Cultivos y productos de ganadería,",",032,",",Argentina,",",5312,",",Área cosechada,",",01802,",","Azucar, caña",","
"QCL,",Cultivos y productos de ganadería,",",032,",",Argentina,",",5412,",",Rendimiento,",",01802,",","Azucar, caña",","
"QCL,",Cultivos y productos de ganadería,",",032,",",Argentina,",",5510,",",Producción,",",01802,",","Azucar, caña",","
"QCL,",Cultivos y productos de ganadería,",",032,",",Argentina,",",5312,",",Área cosechada,",",01312,",",Bananos,","
"QCL,",Cultivos y productos de ganadería,",",032,",",Argentina,",",5412,",",Rendimiento,",",01312,",",Bananos,","
"QCL,",Cultivos y productos de ganadería,",",032,",",Argentina,",",5510,",",Producción,",",01312,",",Bananos,","
"QCL,",Cultivos y productos de ganadería,",",032,",",Argentina,",",5312,",",Área cosechada,",",01312,",",Bananos,","
"QCL,",Cultivos y productos de ganadería,",",032,",",Argentina,",",5412,",",Rendimiento,",",01312,",",Bananos,","
"QCL,",Cultivos y productos de ganadería,",",032,",",Argentina,",",5510,",",Producción,",",01312,",",Bananos,","
"QCL,",Cultivos y productos de ganadería,",",032,",",Argentina,",",5312,",",Área cosechada,",",01312,",",Bananos,","
"QCL,",Cultivos y productos de ganadería,",",032,",",Argentina,",",5412,",",Rendimiento,",",01312,",",Bananos,","
"QCL,",Cultivos y productos de ganadería,",",032,",",Argentina,",",5510,",",Producción,",",01312,",",Bananos,","
"QCL,",Cultivos y productos de ganadería,",",032,",",Argentina,",",5312,",",Área cosechada,",",01312,",",Bananos,","
"QCL,",Cultivos y productos de ganadería,",",032,",",Argentina,",",5412,",",Rendimiento,",",01312,",",Bananos,","
"QCL,",Cultivos y productos de ganadería,",",032,",",Argentina,",",5510,",",Producción,",",01312,",",Bananos,","
"QCL,",Cultivos y productos de ganadería,",",032,",",Argentina,",",5312,",",Área cosechada,",",01312,",",Bananos,","
"QCL,",Cultivos y productos de ganadería,",",032,",",Argentina,",",5412,",",Rendimiento,",",01312,",",Bananos,","
"QCL,",Cultivos y productos de ganadería,",",032,",",Argentina,",",5510,",",Producción,",",01312,",",Bananos,","
"QCL,",Cultivos y productos de ganadería,",",032,",",Argentina,",",5312,",",Área cosechada,",",01312,",",Bananos,","
"QCL,",Cultivos y productos de ganadería,",",032,",",Argentina,",",5412,",",Rendimiento,",",01312,",",Bananos,","
"QCL,",Cultivos y productos de ganadería,",",032,",",Argentina,",",5510,",",Producción,",",01312,",",Bananos,","
"QCL,",Cultivos y productos de ganadería,",",032,",",Argentina,",",5312,",",Área cosechada,",",01312,",",Bananos,","
"QCL,",Cultivos y productos de ganadería,",",032,",",Argentina,",",5412,",",Rendimiento,",",01312,",",Bananos,","
"QCL,",Cultivos y productos de ganadería,",",032,",",Argentina,",",5510,",",Producción,",",01312,",",Bananos,","
"QCL,",Cultivos y productos de ganadería,",",032,",",Argentina,",",5312,",",Área cosechada,",",01312,",",Bananos,","
"QCL,",Cultivos y productos de ganadería,",",032,",",Argentina,",",5412,",",Rendimiento,",",01312,",",Bananos,","
"QCL,",Cultivos y productos de ganadería,",",032,",",Argentina,",",5510,",",Producción,",",01312,",",Bananos,","
"QCL,",Cultivos y productos de ganadería,",",032,",",Argentina,",",5312,",",Área cosechada,",",01312,",",Bananos,","
"QCL,",Cultivos y productos de ganadería,",",032,",",Argentina,",",5412,",",Rendimiento,",",01312,",",Bananos,","
"QCL,",Cultivos y productos de ganadería,",",032,",",Argentina,",",5510,",",Producción,",",01312,",",Bananos,","
"QCL,",Cultivos y productos de ganadería,",",032,",",Argentina,",",5312,",",Área cosechada,",",01312,",",Bananos,","
"QCL,",Cultivos y productos de ganadería,",",032,",",Argentina,",",5412,",",Rendimiento,",",01312,",",Bananos,","
"QCL,",Cultivos y productos de ganadería,",",032,",",Argentina,",",5510,",",Producción,",",01312,",",Bananos,","
"QCL,",Cultivos y productos de ganadería,",",032,",",Argentina,",",5312,",",Área cosechada,",",01312,",",Bananos,","
"QCL,",Cultivos y productos de ganadería,",",032,",",Argentina,",",5412,",",Rendimiento,",",01312,",",Bananos,","
"QCL,",Cultivos y productos de ganadería,",",032,",",Argentina,",",5510,",",Producción,",",01312,",",Bananos,","
"QCL,",Cultivos y productos de ganadería,",",032,",",Argentina,",",5312,",",Área cosechada,",",01312,",",Bananos,","
"QCL,",Cultivos y productos de ganadería,",",032,",",Argentina,",",5412,",",Rendimiento,",",01312,",",Bananos,","
"QCL,",Cultivos y productos de ganadería,",",032,",",Argentina,",",5510,",",Producción,",",01312,",",Bananos,","
"QCL,",Cultivos y productos de ganadería,",",032,",",Argentina,",",5312,",",Área cosechada,",",01312,",",Bananos,","
"QCL,",Cultivos y productos de ganadería,",",032,",",Argentina,",",5412,",",Rendimiento,",",01312,",",Bananos,","
"QCL,",Cultivos y productos de ganadería,",",032,",",Argentina,",",5510,",",Producción,",",01312,",",Bananos,","
"QCL,",Cultivos y productos de ganadería,",",032,",",Argentina,",",5312,",",Área cosechada,",",01312,",",Bananos,","
"QCL,",Cultivos y productos de ganadería,",",032,",",Argentina,",",5412,",",Rendimiento,",",01312,",",Bananos,","
"QCL,",Cultivos y productos de ganadería,",",032,",",Argentina,",",5510,",",Producción,",",01312,",",Bananos,","
"QCL,",Cultivos y productos de ganadería,",",032,",",Argentina,",",5312,",",Área cosechada,",",01312,",",Bananos,","
"QCL,",Cultivos y productos de ganadería,",",032,",",Argentina,",",5412,",",Rendimiento,",",01312,",",Bananos,","
"QCL,",Cultivos y productos de ganadería,",",032,",",Argentina,",",5510,",",Producción,",",01312,",",Bananos,","
"QCL,",Cultivos y productos de ganadería,",",032,",",Argentina,",",5312,",",Área cosechada,",",01530,",","Batatas, boniatos",","
"QCL,",Cultivos y productos de ganadería,",",032,",",Argentina,",",5412,",",Rendimiento,",",01530,",","Batatas, boniatos",","
"QCL,",Cultivos y productos de ganadería,",",032,",",Argentina,",",5510,",",Producción,",",01530,",","Batatas, boniatos",","
"QCL,",Cultivos y productos de ganadería,",",032,",",Argentina,",",5312,",",Área cosechada,",",01530,",","Batatas, boniatos",","
"QCL,",Cultivos y productos de ganadería,",",032,",",Argentina,",",5412,",",Rendimiento,",",01530,",","Batatas, boniatos",","
"QCL,",Cultivos y productos de ganadería,",",032,",",Argentina,",",5510,",",Producción,",",01530,",","Batatas, boniatos",","
"QCL,",Cultivos y productos de ganadería,",",032,",",Argentina,",",5312,",",Área cosechada,",",01530,",","Batatas, boniatos",","
"QCL,",Cultivos y productos de ganadería,",",032,",",Argentina,",",5412,",",Rendimiento,",",01530,",","Batatas, boniatos",","
"QCL,",Cultivos y productos de ganadería,",",032,",",Argentina,",",5510,",",Producción,",",01530,",","Batatas, boniatos",","
"QCL,",Cultivos y productos de ganadería,",",032,",",Argentina,",",5312,",",Área cosechada,",",01530,",","Batatas, boniatos",","
"QCL,",Cultivos y productos de ganadería,",",032,",",Argentina,",",5412,",",Rendimiento,",",01530,",","Batatas, boniatos",","
"QCL,",Cultivos y productos de ganadería,",",032,",",Argentina,",",5510,",",Producción,",",01530,",","Batatas, boniatos",","
"QCL,",Cultivos y productos de ganadería,",",032,",",Argentina,",",5312,",",Área cosechada,",",01530,",","Batatas, boniatos",","
"QCL,",Cultivos y productos de ganadería,",",032,",",Argentina,",",5412,",",Rendimiento,",",01530,",","Batatas, boniatos",","
"QCL,",Cultivos y productos de ganadería,",",032,",",Argentina,",",5510,",",Producción,",",01530,",","Batatas, boniatos",","
"QCL,",Cultivos y productos de ganadería,",",032,",",Argentina,",",5312,",",Área cosechada,",",01530,",","Batatas, boniatos",","
"QCL,",Cultivos y productos de ganadería,",",032,",",Argentina,",",5412,",",Rendimiento,",",01530,",","Batatas, boniatos",","
"QCL,",Cultivos y productos de ganadería,",",032,",",Argentina,",",5510,",",Producción,",",01530,",","Batatas, boniatos",","
"QCL,",Cultivos y productos de ganadería,",",032,",",Argentina,",",5312,",",Área cosechada,",",01530,",","Batatas, boniatos",","
"QCL,",Cultivos y productos de ganadería,",",032,",",Argentina,",",5412,",",Rendimiento,",",01530,",","Batatas, boniatos",","
"QCL,",Cultivos y productos de ganadería,",",032,",",Argentina,",",5510,",",Producción,",",01530,",","Batatas, boniatos",","
"QCL,",Cultivos y productos de ganadería,",",032,",",Argentina,",",5312,",",Área cosechada,",",01530,",","Batatas, boniatos",","
"QCL,",Cultivos y productos de ganadería,",",032,",",Argentina,",",5412,",",Rendimiento,",",01530,",","Batatas, boniatos",","
"QCL,",Cultivos y productos de ganadería,",",032,",",Argentina,",",5510,",",Producción,",",01530,",","Batatas, boniatos",","
"QCL,",Cultivos y productos de ganadería,",",032,",",Argentina,",",5312,",",Área cosechada,",",01530,",","Batatas, boniatos",","
"QCL,",Cultivos y productos de ganadería,",",032,",",Argentina,",",5412,",",Rendimiento,",",01530,",","Batatas, boniatos",","
"QCL,",Cultivos y productos de ganadería,",",032,",",Argentina,",",5510,",",Producción,",",01530,",","Batatas, boniatos",","
"QCL,",Cultivos y productos de ganadería,",",032,",",Argentina,",",5312,",",Área cosechada,",",01530,",","Batatas, boniatos",","
"QCL,",Cultivos y productos de ganadería,",",032,",",Argentina,",",5412,",",Rendimiento,",",01530,",","Batatas, boniatos",","
"QCL,",Cultivos y productos de ganadería,",",032,",",Argentina,",",5510,",",Producción,",",01530,",","Batatas, boniatos",","
"QCL,",Cultivos y productos de ganadería,",",032,",",Argentina,",",5312,",",Área cosechada,",",01530,",","Batatas, boniatos",","
"QCL,",Cultivos y productos de ganadería,",",032,",",Argentina,",",5412,",",Rendimiento,",",01530,",","Batatas, boniatos",","
"QCL,",Cultivos y productos de ganadería,",",032,",",Argentina,",",5510,",",Producción,",",01530,",","Batatas, boniatos",","
"QCL,",Cultivos y productos de ganadería,",",032,",",Argentina,",",5312,",",Área cosechada,",",01530,",","Batatas, boniatos",","
"QCL,",Cultivos y productos de ganadería,",",032,",",Argentina,",",5412,",",Rendimiento,",",01530,",","Batatas, boniatos",","
"QCL,",Cultivos y productos de ganadería,",",032,",",Argentina,",",5510,",",Producción,",",01530,",","Batatas, boniatos",","
"QCL,",Cultivos y productos de ganadería,",",032,",",Argentina,",",5312,",",Área cosechada,",",01530,",","Batatas, boniatos",","
"QCL,",Cultivos y productos de ganadería,",",032,",",Argentina,",",5412,",",Rendimiento,",",01530,",","Batatas, boniatos",","
"QCL,",Cultivos y productos de ganadería,",",032,",",Argentina,",",5510,",",Producción,",",01530,",","Batatas, boniatos",","
"QCL,",Cultivos y productos de ganadería,",",032,",",Argentina,",",5312,",",Área cosechada,",",01530,",","Batatas, boniatos",","
"QCL,",Cultivos y productos de ganadería,",",032,",",Argentina,",",5412,",",Rendimiento,",",01530,",","Batatas, boniatos",","
"QCL,",Cultivos y productos de ganadería,",",032,",",Argentina,",",5510,",",Producción,",",01530,",","Batatas, boniatos",","
"QCL,",Cultivos y productos de ganadería,",",032,",",Argentina,",",5312,",",Área cosechada,",",01530,",","Batatas, boniatos",","
"QCL,",Cultivos y productos de ganadería,",",032,",",Argentina,",",5412,",",Rendimiento,",",01530,",","Batatas, boniatos",","
"QCL,",Cultivos y productos de ganadería,",",032,",",Argentina,",",5510,",",Producción,",",01530,",","Batatas, boniatos",","
"QCL,",Cultivos y productos de ganadería,",",032,",",Argentina,",",5312,",",Área cosechada,",",01235,",","Calabazas, zapayo, calabaza confitera",","
"QCL,",Cultivos y productos de ganadería,",",032,",",Argentina,",",5412,",",Rendimiento,",",01235,",","Calabazas, zapayo, calabaza confitera",","
"QCL,",Cultivos y productos de ganadería,",",032,",",Argentina,",",5510,",",Producción,",",01235,",","Calabazas, zapayo, calabaza confitera",","
"QCL,",Cultivos y productos de ganadería,",",032,",",Argentina,",",5312,",",Área cosechada,",",01235,",","Calabazas, zapayo, calabaza confitera",","
"QCL,",Cultivos y productos de ganadería,",",032,",",Argentina,",",5412,",",Rendimiento,",",01235,",","Calabazas, zapayo, calabaza confitera",","
"QCL,",Cultivos y productos de ganadería,",",032,",",Argentina,",",5510,",",Producción,",",01235,",","Calabazas, zapayo, calabaza confitera",","
"QCL,",Cultivos y productos de ganadería,",",032,",",Argentina,",",5312,",",Área cosechada,",",01235,",","Calabazas, zapayo, calabaza confitera",","
"QCL,",Cultivos y productos de ganadería,",",032,",",Argentina,",",5412,",",Rendimiento,",",01235,",","Calabazas, zapayo, calabaza confitera",","
"QCL,",Cultivos y productos de ganadería,",",032,",",Argentina,",",5510,",",Producción,",",01235,",","Calabazas, zapayo, calabaza confitera",","
"QCL,",Cultivos y productos de ganadería,",",032,",",Argentina,",",5312,",",Área cosechada,",",01235,",","Calabazas, zapayo, calabaza confitera",","
"QCL,",Cultivos y productos de ganadería,",",032,",",Argentina,",",5412,",",Rendimiento,",",01235,",","Calabazas, zapayo, calabaza confitera",","
"QCL,",Cultivos y productos de ganadería,",",032,",",Argentina,",",5510,",",Producción,",",01235,",","Calabazas, zapayo, calabaza confitera",","
"QCL,",Cultivos y productos de ganadería,",",032,",",Argentina,",",5312,",",Área cosechada,",",01235,",","Calabazas, zapayo, calabaza confitera",","
"QCL,",Cultivos y productos de ganadería,",",032,",",Argentina,",",5412,",",Rendimiento,",",01235,",","Calabazas, zapayo, calabaza confitera",","
"QCL,",Cultivos y productos de ganadería,",",032,",",Argentina,",",5510,",",Producción,",",01235,",","Calabazas, zapayo, calabaza confitera",","
"QCL,",Cultivos y productos de ganadería,",",032,",",Argentina,",",5312,",",Área cosechada,",",01235,",","Calabazas, zapayo, calabaza confitera",","
"QCL,",Cultivos y productos de ganadería,",",032,",",Argentina,",",5412,",",Rendimiento,",",01235,",","Calabazas, zapayo, calabaza confitera",","
"QCL,",Cultivos y productos de ganadería,",",032,",",Argentina,",",5510,",",Producción,",",01235,",","Calabazas, zapayo, calabaza confitera",","
"QCL,",Cultivos y productos de ganadería,",",032,",",Argentina,",",5312,",",Área cosechada,",",01235,",","Calabazas, zapayo, calabaza confitera",","
"QCL,",Cultivos y productos de ganadería,",",032,",",Argentina,",",5412,",",Rendimiento,",",01235,",","Calabazas, zapayo, calabaza confitera",","
"QCL,",Cultivos y productos de ganadería,",",032,",",Argentina,",",5510,",",Producción,",",01235,",","Calabazas, zapayo, calabaza confitera",","
"QCL,",Cultivos y productos de ganadería,",",032,",",Argentina,",",5312,",",Área cosechada,",",01235,",","Calabazas, zapayo, calabaza confitera",","
"QCL,",Cultivos y productos de ganadería,",",032,",",Argentina,",",5412,",",Rendimiento,",",01235,",","Calabazas, zapayo, calabaza confitera",","
"QCL,",Cultivos y productos de ganadería,",",032,",",Argentina,",",5510,",",Producción,",",01235,",","Calabazas, zapayo, calabaza confitera",","
"QCL,",Cultivos y productos de ganadería,",",032,",",Argentina,",",5312,",",Área cosechada,",",01235,",","Calabazas, zapayo, calabaza confitera",","
"QCL,",Cultivos y productos de ganadería,",",032,",",Argentina,",",5412,",",Rendimiento,",",01235,",","Calabazas, zapayo, calabaza confitera",","
"QCL,",Cultivos y productos de ganadería,",",032,",",Argentina,",",5510,",",Producción,",",01235,",","Calabazas, zapayo, calabaza confitera",","
"QCL,",Cultivos y productos de ganadería,",",032,",",Argentina,",",5312,",",Área cosechada,",",01235,",","Calabazas, zapayo, calabaza confitera",","
"QCL,",Cultivos y productos de ganadería,",",032,",",Argentina,",",5412,",",Rendimiento,",",01235,",","Calabazas, zapayo, calabaza confitera",","
"QCL,",Cultivos y productos de ganadería,",",032,",",Argentina,",",5510,",",Producción,",",01235,",","Calabazas, zapayo, calabaza confitera",","
"QCL,",Cultivos y productos de ganadería,",",032,",",Argentina,",",5312,",",Área cosechada,",",01235,",","Calabazas, zapayo, calabaza confitera",","
"QCL,",Cultivos y productos de ganadería,",",032,",",Argentina,",",5412,",",Rendimiento,",",01235,",","Calabazas, zapayo, calabaza confitera",","
"QCL,",Cultivos y productos de ganadería,",",032,",",Argentina,",",5510,",",Producción,",",01235,",","Calabazas, zapayo, calabaza confitera",","
"QCL,",Cultivos y productos de ganadería,",",032,",",Argentina,",",5312,",",Área cosechada,",",01235,",","Calabazas, zapayo, calabaza confitera",","
"QCL,",Cultivos y productos de ganadería,",",032,",",Argentina,",",5412,",",Rendimiento,",",01235,",","Calabazas, zapayo, calabaza confitera",","
"QCL,",Cultivos y productos de ganadería,",",032,",",Argentina,",",5510,",",Producción,",",01235,",","Calabazas, zapayo, calabaza confitera",","
"QCL,",Cultivos y productos de ganadería,",",032,",",Argentina,",",5312,",",Área cosechada,",",01235,",","Calabazas, zapayo, calabaza confitera",","
"QCL,",Cultivos y productos de ganadería,",",032,",",Argentina,",",5412,",",Rendimiento,",",01235,",","Calabazas, zapayo, calabaza confitera",","
"QCL,",Cultivos y productos de ganadería,",",032,",",Argentina,",",5510,",",Producción,",",01235,",","Calabazas, zapayo, calabaza confitera",","
"QCL,",Cultivos y productos de ganadería,",",032,",",Argentina,",",5312,",",Área cosechada,",",01235,",","Calabazas, zapayo, calabaza confitera",","
"QCL,",Cultivos y productos de ganadería,",",032,",",Argentina,",",5412,",",Rendimiento,",",01235,",","Calabazas, zapayo, calabaza confitera",","
"QCL,",Cultivos y productos de ganadería,",",032,",",Argentina,",",5510,",",Producción,",",01235,",","Calabazas, zapayo, calabaza confitera",","
"QCL,",Cultivos y productos de ganadería,",",032,",",Argentina,",",5312,",",Área cosechada,",",01235,",","Calabazas, zapayo, calabaza confitera",","
"QCL,",Cultivos y productos de ganadería,",",032,",",Argentina,",",5412,",",Rendimiento,",",01235,",","Calabazas, zapayo, calabaza confitera",","
"QCL,",Cultivos y productos de ganadería,",",032,",",Argentina,",",5510,",",Producción,",",01235,",","Calabazas, zapayo, calabaza confitera",","
"QCL,",Cultivos y productos de ganadería,",",032,",",Argentina,",",5312,",",Área cosechada,",",0115,",",Cebada,","
"QCL,",Cultivos y productos de ganadería,",",032,",",Argentina,",",5412,",",Rendimiento,",",0115,",",Cebada,","
"QCL,",Cultivos y productos de ganadería,",",032,",",Argentina,",",5510,",",Producción,",",0115,",",Cebada,","
"QCL,",Cultivos y productos de ganadería,",",032,",",Argentina,",",5312,",",Área cosechada,",",0115,",",Cebada,","
"QCL,",Cultivos y productos de ganadería,",",032,",",Argentina,",",5412,",",Rendimiento,",",0115,",",Cebada,","
"QCL,",Cultivos y productos de ganadería,",",032,",",Argentina,",",5510,",",Producción,",",0115,",",Cebada,","
"QCL,",Cultivos y productos de ganadería,",",032,",",Argentina,",",5312,",",Área cosechada,",",0115,",",Cebada,","
"QCL,",Cultivos y productos de ganadería,",",032,",",Argentina,",",5412,",",Rendimiento,",",0115,",",Cebada,","
"QCL,",Cultivos y productos de ganadería,",",032,",",Argentina,",",5510,",",Producción,",",0115,",",Cebada,","
"QCL,",Cultivos y productos de ganadería,",",032,",",Argentina,",",5312,",",Área cosechada,",",0115,",",Cebada,","
"QCL,",Cultivos y productos de ganadería,",",032,",",Argentina,",",5412,",",Rendimiento,",",0115,",",Cebada,","
"QCL,",Cultivos y productos de ganadería,",",032,",",Argentina,",",5510,",",Producción,",",0115,",",Cebada,","
"QCL,",Cultivos y productos de ganadería,",",032,",",Argentina,",",5312,",",Área cosechada,",",0115,",",Cebada,","
"QCL,",Cultivos y productos de ganadería,",",032,",",Argentina,",",5412,",",Rendimiento,",",0115,",",Cebada,","
"QCL,",Cultivos y productos de ganadería,",",032,",",Argentina,",",5510,",",Producción,",",0115,",",Cebada,","
"QCL,",Cultivos y productos de ganadería,",",032,",",Argentina,",",5312,",",Área cosechada,",",0115,",",Cebada,","
"QCL,",Cultivos y productos de ganadería,",",032,",",Argentina,",",5412,",",Rendimiento,",",0115,",",Cebada,","
"QCL,",Cultivos y productos de ganadería,",",032,",",Argentina,",",5510,",",Producción,",",0115,",",Cebada,","
"QCL,",Cultivos y productos de ganadería,",",032,",",Argentina,",",5312,",",Área cosechada,",",0115,",",Cebada,","
"QCL,",Cultivos y productos de ganadería,",",032,",",Argentina,",",5412,",",Rendimiento,",",0115,",",Cebada,","
"QCL,",Cultivos y productos de ganadería,",",032,",",Argentina,",",5510,",",Producción,",",0115,",",Cebada,","
"QCL,",Cultivos y productos de ganadería,",",032,",",Argentina,",",5312,",",Área cosechada,",",0115,",",Cebada,","
"QCL,",Cultivos y productos de ganadería,",",032,",",Argentina,",",5412,",",Rendimiento,",",0115,",",Cebada,","
"QCL,",Cultivos y productos de ganadería,",",032,",",Argentina,",",5510,",",Producción,",",0115,",",Cebada,","
"QCL,",Cultivos y productos de ganadería,",",032,",",Argentina,",",5312,",",Área cosechada,",",0115,",",Cebada,","
"QCL,",Cultivos y productos de ganadería,",",032,",",Argentina,",",5412,",",Rendimiento,",",0115,",",Cebada,","
"QCL,",Cultivos y productos de ganadería,",",032,",",Argentina,",",5510,",",Producción,",",0115,",",Cebada,","
"QCL,",Cultivos y productos de ganadería,",",032,",",Argentina,",",5312,",",Área cosechada,",",0115,",",Cebada,","
"QCL,",Cultivos y productos de ganadería,",",032,",",Argentina,",",5412,",",Rendimiento,",",0115,",",Cebada,","
"QCL,",Cultivos y productos de ganadería,",",032,",",Argentina,",",5510,",",Producción,",",0115,",",Cebada,","
"QCL,",Cultivos y productos de ganadería,",",032,",",Argentina,",",5312,",",Área cosechada,",",0115,",",Cebada,","
"QCL,",Cultivos y productos de ganadería,",",032,",",Argentina,",",5412,",",Rendimiento,",",0115,",",Cebada,","
"QCL,",Cultivos y productos de ganadería,",",032,",",Argentina,",",5510,",",Producción,",",0115,",",Cebada,","
"QCL,",Cultivos y productos de ganadería,",",032,",",Argentina,",",5312,",",Área cosechada,",",0115,",",Cebada,","
"QCL,",Cultivos y productos de ganadería,",",032,",",Argentina,",",5412,",",Rendimiento,",",0115,",",Cebada,","
"QCL,",Cultivos y productos de ganadería,",",032,",",Argentina,",",5510,",",Producción,",",0115,",",Cebada,","
"QCL,",Cultivos y productos de ganadería,",",032,",",Argentina,",",5312,",",Área cosechada,",",0115,",",Cebada,","
"QCL,",Cultivos y productos de ganadería,",",032,",",Argentina,",",5412,",",Rendimiento,",",0115,",",Cebada,","
"QCL,",Cultivos y productos de ganadería,",",032,",",Argentina,",",5510,",",Producción,",",0115,",",Cebada,","
"QCL,",Cultivos y productos de ganadería,",",032,",",Argentina,",",5312,",",Área cosechada,",",0115,",",Cebada,","
"QCL,",Cultivos y productos de ganadería,",",032,",",Argentina,",",5412,",",Rendimiento,",",0115,",",Cebada,","
"QCL,",Cultivos y productos de ganadería,",",032,",",Argentina,",",5510,",",Producción,",",0115,",",Cebada,","
"QCL,",Cultivos y productos de ganadería,",",032,",",Argentina,",",5312,",",Área cosechada,",",0115,",",Cebada,","
"QCL,",Cultivos y productos de ganadería,",",032,",",Argentina,",",5412,",",Rendimiento,",",0115,",",Cebada,","
"QCL,",Cultivos y productos de ganadería,",",032,",",Argentina,",",5510,",",Producción,",",0115,",",Cebada,","
"QCL,",Cultivos y productos de ganadería,",",032,",",Argentina,",",5312,",",Área cosechada,",",01253.02,",","Cebollas y chalotes, secos (excepto deshidratados)",","
"QCL,",Cultivos y productos de ganadería,",",032,",",Argentina,",",5412,",",Rendimiento,",",01253.02,",","Cebollas y chalotes, secos (excepto deshidratados)",","
"QCL,",Cultivos y productos de ganadería,",",032,",",Argentina,",",5510,",",Producción,",",01253.02,",","Cebollas y chalotes, secos (excepto deshidratados)",","
"QCL,",Cultivos y productos de ganadería,",",032,",",Argentina,",",5312,",",Área cosechada,",",01253.02,",","Cebollas y chalotes, secos (excepto deshidratados)",","
"QCL,",Cultivos y productos de ganadería,",",032,",",Argentina,",",5412,",",Rendimiento,",",01253.02,",","Cebollas y chalotes, secos (excepto deshidratados)",","
"QCL,",Cultivos y productos de ganadería,",",032,",",Argentina,",",5510,",",Producción,",",01253.02,",","Cebollas y chalotes, secos (excepto deshidratados)",","
"QCL,",Cultivos y productos de ganadería,",",032,",",Argentina,",",5312,",",Área cosechada,",",01253.02,",","Cebollas y chalotes, secos (excepto deshidratados)",","
"QCL,",Cultivos y productos de ganadería,",",032,",",Argentina,",",5412,",",Rendimiento,",",01253.02,",","Cebollas y chalotes, secos (excepto deshidratados)",","
"QCL,",Cultivos y productos de ganadería,",",032,",",Argentina,",",5510,",",Producción,",",01253.02,",","Cebollas y chalotes, secos (excepto deshidratados)",","
"QCL,",Cultivos y productos de ganadería,",",032,",",Argentina,",",5312,",",Área cosechada,",",01253.02,",","Cebollas y chalotes, secos (excepto deshidratados)",","
"QCL,",Cultivos y productos de ganadería,",",032,",",Argentina,",",5412,",",Rendimiento,",",01253.02,",","Cebollas y chalotes, secos (excepto deshidratados)",","
"QCL,",Cultivos y productos de ganadería,",",032,",",Argentina,",",5510,",",Producción,",",01253.02,",","Cebollas y chalotes, secos (excepto deshidratados)",","
"QCL,",Cultivos y productos de ganadería,",",032,",",Argentina,",",5312,",",Área cosechada,",",01253.02,",","Cebollas y chalotes, secos (excepto deshidratados)",","
"QCL,",Cultivos y productos de ganadería,",",032,",",Argentina,",",5412,",",Rendimiento,",",01253.02,",","Cebollas y chalotes, secos (excepto deshidratados)",","
"QCL,",Cultivos y productos de ganadería,",",032,",",Argentina,",",5510,",",Producción,",",01253.02,",","Cebollas y chalotes, secos (excepto deshidratados)",","
"QCL,",Cultivos y productos de ganadería,",",032,",",Argentina,",",5312,",",Área cosechada,",",01253.02,",","Cebollas y chalotes, secos (excepto deshidratados)",","
"QCL,",Cultivos y productos de ganadería,",",032,",",Argentina,",",5412,",",Rendimiento,",",01253.02,",","Cebollas y chalotes, secos (excepto deshidratados)",","
"QCL,",Cultivos y productos de ganadería,",",032,",",Argentina,",",5510,",",Producción,",",01253.02,",","Cebollas y chalotes, secos (excepto deshidratados)",","
"QCL,",Cultivos y productos de ganadería,",",032,",",Argentina,",",5312,",",Área cosechada,",",01253.02,",","Cebollas y chalotes, secos (excepto deshidratados)",","
"QCL,",Cultivos y productos de ganadería,",",032,",",Argentina,",",5412,",",Rendimiento,",",01253.02,",","Cebollas y chalotes, secos (excepto deshidratados)",","
"QCL,",Cultivos y productos de ganadería,",",032,",",Argentina,",",5510,",",Producción,",",01253.02,",","Cebollas y chalotes, secos (excepto deshidratados)",","
"QCL,",Cultivos y productos de ganadería,",",032,",",Argentina,",",5312,",",Área cosechada,",",01253.02,",","Cebollas y chalotes, secos (excepto deshidratados)",","
"QCL,",Cultivos y productos de ganadería,",",032,",",Argentina,",",5412,",",Rendimiento,",",01253.02,",","Cebollas y chalotes, secos (excepto deshidratados)",","
"QCL,",Cultivos y productos de ganadería,",",032,",",Argentina,",",5510,",",Producción,",",01253.02,",","Cebollas y chalotes, secos (excepto deshidratados)",","
"QCL,",Cultivos y productos de ganadería,",",032,",",Argentina,",",5312,",",Área cosechada,",",01253.02,",","Cebollas y chalotes, secos (excepto deshidratados)",","
"QCL,",Cultivos y productos de ganadería,",",032,",",Argentina,",",5412,",",Rendimiento,",",01253.02,",","Cebollas y chalotes, secos (excepto deshidratados)",","
"QCL,",Cultivos y productos de ganadería,",",032,",",Argentina,",",5510,",",Producción,",",01253.02,",","Cebollas y chalotes, secos (excepto deshidratados)",","
"QCL,",Cultivos y productos de ganadería,",",032,",",Argentina,",",5312,",",Área cosechada,",",01253.02,",","Cebollas y chalotes, secos (excepto deshidratados)",","
"QCL,",Cultivos y productos de ganadería,",",032,",",Argentina,",",5412,",",Rendimiento,",",01253.02,",","Cebollas y chalotes, secos (excepto deshidratados)",","
"QCL,",Cultivos y productos de ganadería,",",032,",",Argentina,",",5510,",",Producción,",",01253.02,",","Cebollas y chalotes, secos (excepto deshidratados)",","
"QCL,",Cultivos y productos de ganadería,",",032,",",Argentina,",",5312,",",Área cosechada,",",01253.02,",","Cebollas y chalotes, secos (excepto deshidratados)",","
"QCL,",Cultivos y productos de ganadería,",",032,",",Argentina,",",5412,",",Rendimiento,",",01253.02,",","Cebollas y chalotes, secos (excepto deshidratados)",","
"QCL,",Cultivos y productos de ganadería,",",032,",",Argentina,",",5510,",",Producción,",",01253.02,",","Cebollas y chalotes, secos (excepto deshidratados)",","
"QCL,",Cultivos y productos de ganadería,",",032,",",Argentina,",",5312,",",Área cosechada,",",01253.02,",","Cebollas y chalotes, secos (excepto deshidratados)",","
"QCL,",Cultivos y productos de ganadería,",",032,",",Argentina,",",5412,",",Rendimiento,",",01253.02,",","Cebollas y chalotes, secos (excepto deshidratados)",","
"QCL,",Cultivos y productos de ganadería,",",032,",",Argentina,",",5510,",",Producción,",",01253.02,",","Cebollas y chalotes, secos (excepto deshidratados)",","
"QCL,",Cultivos y productos de ganadería,",",032,",",Argentina,",",5312,",",Área cosechada,",",01253.02,",","Cebollas y chalotes, secos (excepto deshidratados)",","
"QCL,",Cultivos y productos de ganadería,",",032,",",Argentina,",",5412,",",Rendimiento,",",01253.02,",","Cebollas y chalotes, secos (excepto deshidratados)",","
"QCL,",Cultivos y productos de ganadería,",",032,",",Argentina,",",5510,",",Producción,",",01253.02,",","Cebollas y chalotes, secos (excepto deshidratados)",","
"QCL,",Cultivos y productos de ganadería,",",032,",",Argentina,",",5312,",",Área cosechada,",",01253.02,",","Cebollas y chalotes, secos (excepto deshidratados)",","
"QCL,",Cultivos y productos de ganadería,",",032,",",Argentina,",",5412,",",Rendimiento,",",01253.02,",","Cebollas y chalotes, secos (excepto deshidratados)",","
"QCL,",Cultivos y productos de ganadería,",",032,",",Argentina,",",5510,",",Producción,",",01253.02,",","Cebollas y chalotes, secos (excepto deshidratados)",","
"QCL,",Cultivos y productos de ganadería,",",032,",",Argentina,",",5312,",",Área cosechada,",",01253.02,",","Cebollas y chalotes, secos (excepto deshidratados)",","
"QCL,",Cultivos y productos de ganadería,",",032,",",Argentina,",",5412,",",Rendimiento,",",01253.02,",","Cebollas y chalotes, secos (excepto deshidratados)",","
"QCL,",Cultivos y productos de ganadería,",",032,",",Argentina,",",5510,",",Producción,",",01253.02,",","Cebollas y chalotes, secos (excepto deshidratados)",","
"QCL,",Cultivos y productos de ganadería,",",032,",",Argentina,",",5312,",",Área cosechada,",",0116,",",Centeno,","
"QCL,",Cultivos y productos de ganadería,",",032,",",Argentina,",",5412,",",Rendimiento,",",0116,",",Centeno,","
"QCL,",Cultivos y productos de ganadería,",",032,",",Argentina,",",5510,",",Producción,",",0116,",",Centeno,","
"QCL,",Cultivos y productos de ganadería,",",032,",",Argentina,",",5312,",",Área cosechada,",",0116,",",Centeno,","
"QCL,",Cultivos y productos de ganadería,",",032,",",Argentina,",",5412,",",Rendimiento,",",0116,",",Centeno,","
"QCL,",Cultivos y productos de ganadería,",",032,",",Argentina,",",5510,",",Producción,",",0116,",",Centeno,","
"QCL,",Cultivos y productos de ganadería,",",032,",",Argentina,",",5312,",",Área cosechada,",",0116,",",Centeno,","
"QCL,",Cultivos y productos de ganadería,",",032,",",Argentina,",",5412,",",Rendimiento,",",0116,",",Centeno,","
"QCL,",Cultivos y productos de ganadería,",",032,",",Argentina,",",5510,",",Producción,",",0116,",",Centeno,","
"QCL,",Cultivos y productos de ganadería,",",032,",",Argentina,",",5312,",",Área cosechada,",",0116,",",Centeno,","
"QCL,",Cultivos y productos de ganadería,",",032,",",Argentina,",",5412,",",Rendimiento,",",0116,",",Centeno,","
"QCL,",Cultivos y productos de ganadería,",",032,",",Argentina,",",5510,",",Producción,",",0116,",",Centeno,","
"QCL,",Cultivos y productos de ganadería,",",032,",",Argentina,",",5312,",",Área cosechada,",",0116,",",Centeno,","
"QCL,",Cultivos y productos de ganadería,",",032,",",Argentina,",",5412,",",Rendimiento,",",0116,",",Centeno,","
"QCL,",Cultivos y productos de ganadería,",",032,",",Argentina,",",5510,",",Producción,",",0116,",",Centeno,","
"QCL,",Cultivos y productos de ganadería,",",032,",",Argentina,",",5312,",",Área cosechada,",",0116,",",Centeno,","
"QCL,",Cultivos y productos de ganadería,",",032,",",Argentina,",",5412,",",Rendimiento,",",0116,",",Centeno,","
"QCL,",Cultivos y productos de ganadería,",",032,",",Argentina,",",5510,",",Producción,",",0116,",",Centeno,","
"QCL,",Cultivos y productos de ganadería,",",032,",",Argentina,",",5312,",",Área cosechada,",",0116,",",Centeno,","
"QCL,",Cultivos y productos de ganadería,",",032,",",Argentina,",",5412,",",Rendimiento,",",0116,",",Centeno,","
"QCL,",Cultivos y productos de ganadería,",",032,",",Argentina,",",5510,",",Producción,",",0116,",",Centeno,","
"QCL,",Cultivos y productos de ganadería,",",032,",",Argentina,",",5312,",",Área cosechada,",",0116,",",Centeno,","
"QCL,",Cultivos y productos de ganadería,",",032,",",Argentina,",",5412,",",Rendimiento,",",0116,",",Centeno,","
"QCL,",Cultivos y productos de ganadería,",",032,",",Argentina,",",5510,",",Producción,",",0116,",",Centeno,","
"QCL,",Cultivos y productos de ganadería,",",032,",",Argentina,",",5312,",",Área cosechada,",",0116,",",Centeno,","
"QCL,",Cultivos y productos de ganadería,",",032,",",Argentina,",",5412,",",Rendimiento,",",0116,",",Centeno,","
"QCL,",Cultivos y productos de ganadería,",",032,",",Argentina,",",5510,",",Producción,",",0116,",",Centeno,","
"QCL,",Cultivos y productos de ganadería,",",032,",",Argentina,",",5312,",",Área cosechada,",",0116,",",Centeno,","
"QCL,",Cultivos y productos de ganadería,",",032,",",Argentina,",",5412,",",Rendimiento,",",0116,",",Centeno,","
"QCL,",Cultivos y productos de ganadería,",",032,",",Argentina,",",5510,",",Producción,",",0116,",",Centeno,","
"QCL,",Cultivos y productos de ganadería,",",032,",",Argentina,",",5312,",",Área cosechada,",",0116,",",Centeno,","
"QCL,",Cultivos y productos de ganadería,",",032,",",Argentina,",",5412,",",Rendimiento,",",0116,",",Centeno,","
"QCL,",Cultivos y productos de ganadería,",",032,",",Argentina,",",5510,",",Producción,",",0116,",",Centeno,","
"QCL,",Cultivos y productos de ganadería,",",032,",",Argentina,",",5312,",",Área cosechada,",",0116,",",Centeno,","
"QCL,",Cultivos y productos de ganadería,",",032,",",Argentina,",",5412,",",Rendimiento,",",0116,",",Centeno,","
"QCL,",Cultivos y productos de ganadería,",",032,",",Argentina,",",5510,",",Producción,",",0116,",",Centeno,","
"QCL,",Cultivos y productos de ganadería,",",032,",",Argentina,",",5312,",",Área cosechada,",",0116,",",Centeno,","
"QCL,",Cultivos y productos de ganadería,",",032,",",Argentina,",",5412,",",Rendimiento,",",0116,",",Centeno,","
"QCL,",Cultivos y productos de ganadería,",",032,",",Argentina,",",5510,",",Producción,",",0116,",",Centeno,","
"QCL,",Cultivos y productos de ganadería,",",032,",",Argentina,",",5312,",",Área cosechada,",",0116,",",Centeno,","
"QCL,",Cultivos y productos de ganadería,",",032,",",Argentina,",",5412,",",Rendimiento,",",0116,",",Centeno,","
"QCL,",Cultivos y productos de ganadería,",",032,",",Argentina,",",5510,",",Producción,",",0116,",",Centeno,","
"QCL,",Cultivos y productos de ganadería,",",032,",",Argentina,",",5312,",",Área cosechada,",",0116,",",Centeno,","
"QCL,",Cultivos y productos de ganadería,",",032,",",Argentina,",",5412,",",Rendimiento,",",0116,",",Centeno,","
"QCL,",Cultivos y productos de ganadería,",",032,",",Argentina,",",5510,",",Producción,",",0116,",",Centeno,","
"QCL,",Cultivos y productos de ganadería,",",032,",",Argentina,",",5312,",",Área cosechada,",",01199.90,",",Cereales n.c.p.,","
"QCL,",Cultivos y productos de ganadería,",",032,",",Argentina,",",5412,",",Rendimiento,",",01199.90,",",Cereales n.c.p.,","
"QCL,",Cultivos y productos de ganadería,",",032,",",Argentina,",",5510,",",Producción,",",01199.90,",",Cereales n.c.p.,","
"QCL,",Cultivos y productos de ganadería,",",032,",",Argentina,",",5312,",",Área cosechada,",",01199.90,",",Cereales n.c.p.,","
"QCL,",Cultivos y productos de ganadería,",",032,",",Argentina,",",5412,",",Rendimiento,",",01199.90,",",Cereales n.c.p.,","
"QCL,",Cultivos y productos de ganadería,",",032,",",Argentina,",",5510,",",Producción,",",01199.90,",",Cereales n.c.p.,","
"QCL,",Cultivos y productos de ganadería,",",032,",",Argentina,",",5312,",",Área cosechada,",",01199.90,",",Cereales n.c.p.,","
"QCL,",Cultivos y productos de ganadería,",",032,",",Argentina,",",5412,",",Rendimiento,",",01199.90,",",Cereales n.c.p.,","
"QCL,",Cultivos y productos de ganadería,",",032,",",Argentina,",",5510,",",Producción,",",01199.90,",",Cereales n.c.p.,","
"QCL,",Cultivos y productos de ganadería,",",032,",",Argentina,",",5312,",",Área cosechada,",",01199.90,",",Cereales n.c.p.,","
"QCL,",Cultivos y productos de ganadería,",",032,",",Argentina,",",5412,",",Rendimiento,",",01199.90,",",Cereales n.c.p.,","
"QCL,",Cultivos y productos de ganadería,",",032,",",Argentina,",",5510,",",Producción,",",01199.90,",",Cereales n.c.p.,","
"QCL,",Cultivos y productos de ganadería,",",032,",",Argentina,",",5312,",",Área cosechada,",",01199.90,",",Cereales n.c.p.,","
"QCL,",Cultivos y productos de ganadería,",",032,",",Argentina,",",5412,",",Rendimiento,",",01199.90,",",Cereales n.c.p.,","
"QCL,",Cultivos y productos de ganadería,",",032,",",Argentina,",",5510,",",Producción,",",01199.90,",",Cereales n.c.p.,","
"QCL,",Cultivos y productos de ganadería,",",032,",",Argentina,",",5312,",",Área cosechada,",",01199.90,",",Cereales n.c.p.,","
"QCL,",Cultivos y productos de ganadería,",",032,",",Argentina,",",5412,",",Rendimiento,",",01199.90,",",Cereales n.c.p.,","
"QCL,",Cultivos y productos de ganadería,",",032,",",Argentina,",",5510,",",Producción,",",01199.90,",",Cereales n.c.p.,","
"QCL,",Cultivos y productos de ganadería,",",032,",",Argentina,",",5312,",",Área cosechada,",",01199.90,",",Cereales n.c.p.,","
"QCL,",Cultivos y productos de ganadería,",",032,",",Argentina,",",5412,",",Rendimiento,",",01199.90,",",Cereales n.c.p.,","
"QCL,",Cultivos y productos de ganadería,",",032,",",Argentina,",",5510,",",Producción,",",01199.90,",",Cereales n.c.p.,","
"QCL,",Cultivos y productos de ganadería,",",032,",",Argentina,",",5312,",",Área cosechada,",",01199.90,",",Cereales n.c.p.,","
"QCL,",Cultivos y productos de ganadería,",",032,",",Argentina,",",5412,",",Rendimiento,",",01199.90,",",Cereales n.c.p.,","
"QCL,",Cultivos y productos de ganadería,",",032,",",Argentina,",",5510,",",Producción,",",01199.90,",",Cereales n.c.p.,","
"QCL,",Cultivos y productos de ganadería,",",032,",",Argentina,",",5312,",",Área cosechada,",",01199.90,",",Cereales n.c.p.,","
"QCL,",Cultivos y productos de ganadería,",",032,",",Argentina,",",5412,",",Rendimiento,",",01199.90,",",Cereales n.c.p.,","
"QCL,",Cultivos y productos de ganadería,",",032,",",Argentina,",",5510,",",Producción,",",01199.90,",",Cereales n.c.p.,","
"QCL,",Cultivos y productos de ganadería,",",032,",",Argentina,",",5312,",",Área cosechada,",",01199.90,",",Cereales n.c.p.,","
"QCL,",Cultivos y productos de ganadería,",",032,",",Argentina,",",5412,",",Rendimiento,",",01199.90,",",Cereales n.c.p.,","
"QCL,",Cultivos y productos de ganadería,",",032,",",Argentina,",",5510,",",Producción,",",01199.90,",",Cereales n.c.p.,","
"QCL,",Cultivos y productos de ganadería,",",032,",",Argentina,",",5312,",",Área cosechada,",",01199.90,",",Cereales n.c.p.,","
"QCL,",Cultivos y productos de ganadería,",",032,",",Argentina,",",5412,",",Rendimiento,",",01199.90,",",Cereales n.c.p.,","
"QCL,",Cultivos y productos de ganadería,",",032,",",Argentina,",",5510,",",Producción,",",01199.90,",",Cereales n.c.p.,","
"QCL,",Cultivos y productos de ganadería,",",032,",",Argentina,",",5312,",",Área cosechada,",",01199.90,",",Cereales n.c.p.,","
"QCL,",Cultivos y productos de ganadería,",",032,",",Argentina,",",5412,",",Rendimiento,",",01199.90,",",Cereales n.c.p.,","
"QCL,",Cultivos y productos de ganadería,",",032,",",Argentina,",",5510,",",Producción,",",01199.90,",",Cereales n.c.p.,","
"QCL,",Cultivos y productos de ganadería,",",032,",",Argentina,",",5312,",",Área cosechada,",",01199.90,",",Cereales n.c.p.,","
"QCL,",Cultivos y productos de ganadería,",",032,",",Argentina,",",5412,",",Rendimiento,",",01199.90,",",Cereales n.c.p.,","
"QCL,",Cultivos y productos de ganadería,",",032,",",Argentina,",",5510,",",Producción,",",01199.90,",",Cereales n.c.p.,","
"QCL,",Cultivos y productos de ganadería,",",032,",",Argentina,",",5312,",",Área cosechada,",",01199.90,",",Cereales n.c.p.,","
"QCL,",Cultivos y productos de ganadería,",",032,",",Argentina,",",5412,",",Rendimiento,",",01199.90,",",Cereales n.c.p.,","
"QCL,",Cultivos y productos de ganadería,",",032,",",Argentina,",",5510,",",Producción,",",01199.90,",",Cereales n.c.p.,","
"QCL,",Cultivos y productos de ganadería,",",032,",",Argentina,",",5312,",",Área cosechada,",",01199.90,",",Cereales n.c.p.,","
"QCL,",Cultivos y productos de ganadería,",",032,",",Argentina,",",5412,",",Rendimiento,",",01199.90,",",Cereales n.c.p.,","
"QCL,",Cultivos y productos de ganadería,",",032,",",Argentina,",",5510,",",Producción,",",01199.90,",",Cereales n.c.p.,","
"QCL,",Cultivos y productos de ganadería,",",032,",",Argentina,",",5312,",",Área cosechada,",",01344.02,",",Cerezas,","
"QCL,",Cultivos y productos de ganadería,",",032,",",Argentina,",",5412,",",Rendimiento,",",01344.02,",",Cerezas,","
"QCL,",Cultivos y productos de ganadería,",",032,",",Argentina,",",5510,",",Producción,",",01344.02,",",Cerezas,","
"QCL,",Cultivos y productos de ganadería,",",032,",",Argentina,",",5312,",",Área cosechada,",",01344.02,",",Cerezas,","
"QCL,",Cultivos y productos de ganadería,",",032,",",Argentina,",",5412,",",Rendimiento,",",01344.02,",",Cerezas,","
"QCL,",Cultivos y productos de ganadería,",",032,",",Argentina,",",5510,",",Producción,",",01344.02,",",Cerezas,","
"QCL,",Cultivos y productos de ganadería,",",032,",",Argentina,",",5312,",",Área cosechada,",",01344.02,",",Cerezas,","
"QCL,",Cultivos y productos de ganadería,",",032,",",Argentina,",",5412,",",Rendimiento,",",01344.02,",",Cerezas,","
"QCL,",Cultivos y productos de ganadería,",",032,",",Argentina,",",5510,",",Producción,",",01344.02,",",Cerezas,","
"QCL,",Cultivos y productos de ganadería,",",032,",",Argentina,",",5312,",",Área cosechada,",",01344.02,",",Cerezas,","
"QCL,",Cultivos y productos de ganadería,",",032,",",Argentina,",",5412,",",Rendimiento,",",01344.02,",",Cerezas,","
"QCL,",Cultivos y productos de ganadería,",",032,",",Argentina,",",5510,",",Producción,",",01344.02,",",Cerezas,","
"QCL,",Cultivos y productos de ganadería,",",032,",",Argentina,",",5312,",",Área cosechada,",",01344.02,",",Cerezas,","
"QCL,",Cultivos y productos de ganadería,",",032,",",Argentina,",",5412,",",Rendimiento,",",01344.02,",",Cerezas,","
"QCL,",Cultivos y productos de ganadería,",",032,",",Argentina,",",5510,",",Producción,",",01344.02,",",Cerezas,","
"QCL,",Cultivos y productos de ganadería,",",032,",",Argentina,",",5312,",",Área cosechada,",",01344.02,",",Cerezas,","
"QCL,",Cultivos y productos de ganadería,",",032,",",Argentina,",",5412,",",Rendimiento,",",01344.02,",",Cerezas,","
"QCL,",Cultivos y productos de ganadería,",",032,",",Argentina,",",5510,",",Producción,",",01344.02,",",Cerezas,","
"QCL,",Cultivos y productos de ganadería,",",032,",",Argentina,",",5312,",",Área cosechada,",",01344.02,",",Cerezas,","
"QCL,",Cultivos y productos de ganadería,",",032,",",Argentina,",",5412,",",Rendimiento,",",01344.02,",",Cerezas,","
"QCL,",Cultivos y productos de ganadería,",",032,",",Argentina,",",5510,",",Producción,",",01344.02,",",Cerezas,","
"QCL,",Cultivos y productos de ganadería,",",032,",",Argentina,",",5312,",",Área cosechada,",",01344.02,",",Cerezas,","
"QCL,",Cultivos y productos de ganadería,",",032,",",Argentina,",",5412,",",Rendimiento,",",01344.02,",",Cerezas,","
"QCL,",Cultivos y productos de ganadería,",",032,",",Argentina,",",5510,",",Producción,",",01344.02,",",Cerezas,","
"QCL,",Cultivos y productos de ganadería,",",032,",",Argentina,",",5312,",",Área cosechada,",",01344.02,",",Cerezas,","
"QCL,",Cultivos y productos de ganadería,",",032,",",Argentina,",",5412,",",Rendimiento,",",01344.02,",",Cerezas,","
"QCL,",Cultivos y productos de ganadería,",",032,",",Argentina,",",5510,",",Producción,",",01344.02,",",Cerezas,","
"QCL,",Cultivos y productos de ganadería,",",032,",",Argentina,",",5312,",",Área cosechada,",",01344.02,",",Cerezas,","
"QCL,",Cultivos y productos de ganadería,",",032,",",Argentina,",",5412,",",Rendimiento,",",01344.02,",",Cerezas,","
"QCL,",Cultivos y productos de ganadería,",",032,",",Argentina,",",5510,",",Producción,",",01344.02,",",Cerezas,","
"QCL,",Cultivos y productos de ganadería,",",032,",",Argentina,",",5312,",",Área cosechada,",",01344.02,",",Cerezas,","
"QCL,",Cultivos y productos de ganadería,",",032,",",Argentina,",",5412,",",Rendimiento,",",01344.02,",",Cerezas,","
"QCL,",Cultivos y productos de ganadería,",",032,",",Argentina,",",5510,",",Producción,",",01344.02,",",Cerezas,","
"QCL,",Cultivos y productos de ganadería,",",032,",",Argentina,",",5312,",",Área cosechada,",",01344.02,",",Cerezas,","
"QCL,",Cultivos y productos de ganadería,",",032,",",Argentina,",",5412,",",Rendimiento,",",01344.02,",",Cerezas,","
"QCL,",Cultivos y productos de ganadería,",",032,",",Argentina,",",5510,",",Producción,",",01344.02,",",Cerezas,","
"QCL,",Cultivos y productos de ganadería,",",032,",",Argentina,",",5312,",",Área cosechada,",",01344.02,",",Cerezas,","
"QCL,",Cultivos y productos de ganadería,",",032,",",Argentina,",",5412,",",Rendimiento,",",01344.02,",",Cerezas,","
"QCL,",Cultivos y productos de ganadería,",",032,",",Argentina,",",5510,",",Producción,",",01344.02,",",Cerezas,","
"QCL,",Cultivos y productos de ganadería,",",032,",",Argentina,",",5312,",",Área cosechada,",",01344.02,",",Cerezas,","
"QCL,",Cultivos y productos de ganadería,",",032,",",Argentina,",",5412,",",Rendimiento,",",01344.02,",",Cerezas,","
"QCL,",Cultivos y productos de ganadería,",",032,",",Argentina,",",5510,",",Producción,",",01344.02,",",Cerezas,","
"QCL,",Cultivos y productos de ganadería,",",032,",",Argentina,",",5312,",",Área cosechada,",",01344.02,",",Cerezas,","
"QCL,",Cultivos y productos de ganadería,",",032,",",Argentina,",",5412,",",Rendimiento,",",01344.02,",",Cerezas,","
"QCL,",Cultivos y productos de ganadería,",",032,",",Argentina,",",5510,",",Producción,",",01344.02,",",Cerezas,","
"QCL,",Cultivos y productos de ganadería,",",032,",",Argentina,",",5312,",",Área cosechada,",",01346,",",Ciruelas y endrinas,","
"QCL,",Cultivos y productos de ganadería,",",032,",",Argentina,",",5412,",",Rendimiento,",",01346,",",Ciruelas y endrinas,","
"QCL,",Cultivos y productos de ganadería,",",032,",",Argentina,",",5510,",",Producción,",",01346,",",Ciruelas y endrinas,","
"QCL,",Cultivos y productos de ganadería,",",032,",",Argentina,",",5312,",",Área cosechada,",",01346,",",Ciruelas y endrinas,","
"QCL,",Cultivos y productos de ganadería,",",032,",",Argentina,",",5412,",",Rendimiento,",",01346,",",Ciruelas y endrinas,","
"QCL,",Cultivos y productos de ganadería,",",032,",",Argentina,",",5510,",",Producción,",",01346,",",Ciruelas y endrinas,","
"QCL,",Cultivos y productos de ganadería,",",032,",",Argentina,",",5312,",",Área cosechada,",",01346,",",Ciruelas y endrinas,","
"QCL,",Cultivos y productos de ganadería,",",032,",",Argentina,",",5412,",",Rendimiento,",",01346,",",Ciruelas y endrinas,","
"QCL,",Cultivos y productos de ganadería,",",032,",",Argentina,",",5510,",",Producción,",",01346,",",Ciruelas y endrinas,","
"QCL,",Cultivos y productos de ganadería,",",032,",",Argentina,",",5312,",",Área cosechada,",",01346,",",Ciruelas y endrinas,","
"QCL,",Cultivos y productos de ganadería,",",032,",",Argentina,",",5412,",",Rendimiento,",",01346,",",Ciruelas y endrinas,","
"QCL,",Cultivos y productos de ganadería,",",032,",",Argentina,",",5510,",",Producción,",",01346,",",Ciruelas y endrinas,","
"QCL,",Cultivos y productos de ganadería,",",032,",",Argentina,",",5312,",",Área cosechada,",",01346,",",Ciruelas y endrinas,","
"QCL,",Cultivos y productos de ganadería,",",032,",",Argentina,",",5412,",",Rendimiento,",",01346,",",Ciruelas y endrinas,","
"QCL,",Cultivos y productos de ganadería,",",032,",",Argentina,",",5510,",",Producción,",",01346,",",Ciruelas y endrinas,","
"QCL,",Cultivos y productos de ganadería,",",032,",",Argentina,",",5312,",",Área cosechada,",",01346,",",Ciruelas y endrinas,","
"QCL,",Cultivos y productos de ganadería,",",032,",",Argentina,",",5412,",",Rendimiento,",",01346,",",Ciruelas y endrinas,","
"QCL,",Cultivos y productos de ganadería,",",032,",",Argentina,",",5510,",",Producción,",",01346,",",Ciruelas y endrinas,","
"QCL,",Cultivos y productos de ganadería,",",032,",",Argentina,",",5312,",",Área cosechada,",",01346,",",Ciruelas y endrinas,","
"QCL,",Cultivos y productos de ganadería,",",032,",",Argentina,",",5412,",",Rendimiento,",",01346,",",Ciruelas y endrinas,","
"QCL,",Cultivos y productos de ganadería,",",032,",",Argentina,",",5510,",",Producción,",",01346,",",Ciruelas y endrinas,","
"QCL,",Cultivos y productos de ganadería,",",032,",",Argentina,",",5312,",",Área cosechada,",",01346,",",Ciruelas y endrinas,","
"QCL,",Cultivos y productos de ganadería,",",032,",",Argentina,",",5412,",",Rendimiento,",",01346,",",Ciruelas y endrinas,","
"QCL,",Cultivos y productos de ganadería,",",032,",",Argentina,",",5510,",",Producción,",",01346,",",Ciruelas y endrinas,","
"QCL,",Cultivos y productos de ganadería,",",032,",",Argentina,",",5312,",",Área cosechada,",",01346,",",Ciruelas y endrinas,","
"QCL,",Cultivos y productos de ganadería,",",032,",",Argentina,",",5412,",",Rendimiento,",",01346,",",Ciruelas y endrinas,","
"QCL,",Cultivos y productos de ganadería,",",032,",",Argentina,",",5510,",",Producción,",",01346,",",Ciruelas y endrinas,","
"QCL,",Cultivos y productos de ganadería,",",032,",",Argentina,",",5312,",",Área cosechada,",",01346,",",Ciruelas y endrinas,","
"QCL,",Cultivos y productos de ganadería,",",032,",",Argentina,",",5412,",",Rendimiento,",",01346,",",Ciruelas y endrinas,","
"QCL,",Cultivos y productos de ganadería,",",032,",",Argentina,",",5510,",",Producción,",",01346,",",Ciruelas y endrinas,","
"QCL,",Cultivos y productos de ganadería,",",032,",",Argentina,",",5312,",",Área cosechada,",",01346,",",Ciruelas y endrinas,","
"QCL,",Cultivos y productos de ganadería,",",032,",",Argentina,",",5412,",",Rendimiento,",",01346,",",Ciruelas y endrinas,","
"QCL,",Cultivos y productos de ganadería,",",032,",",Argentina,",",5510,",",Producción,",",01346,",",Ciruelas y endrinas,","
"QCL,",Cultivos y productos de ganadería,",",032,",",Argentina,",",5312,",",Área cosechada,",",01346,",",Ciruelas y endrinas,","
"QCL,",Cultivos y productos de ganadería,",",032,",",Argentina,",",5412,",",Rendimiento,",",01346,",",Ciruelas y endrinas,","
"QCL,",Cultivos y productos de ganadería,",",032,",",Argentina,",",5510,",",Producción,",",01346,",",Ciruelas y endrinas,","
"QCL,",Cultivos y productos de ganadería,",",032,",",Argentina,",",5312,",",Área cosechada,",",01346,",",Ciruelas y endrinas,","
"QCL,",Cultivos y productos de ganadería,",",032,",",Argentina,",",5412,",",Rendimiento,",",01346,",",Ciruelas y endrinas,","
"QCL,",Cultivos y productos de ganadería,",",032,",",Argentina,",",5510,",",Producción,",",01346,",",Ciruelas y endrinas,","
"QCL,",Cultivos y productos de ganadería,",",032,",",Argentina,",",5312,",",Área cosechada,",",01346,",",Ciruelas y endrinas,","
"QCL,",Cultivos y productos de ganadería,",",032,",",Argentina,",",5412,",",Rendimiento,",",01346,",",Ciruelas y endrinas,","
"QCL,",Cultivos y productos de ganadería,",",032,",",Argentina,",",5510,",",Producción,",",01346,",",Ciruelas y endrinas,","
"QCL,",Cultivos y productos de ganadería,",",032,",",Argentina,",",5312,",",Área cosechada,",",01346,",",Ciruelas y endrinas,","
"QCL,",Cultivos y productos de ganadería,",",032,",",Argentina,",",5412,",",Rendimiento,",",01346,",",Ciruelas y endrinas,","
"QCL,",Cultivos y productos de ganadería,",",032,",",Argentina,",",5510,",",Producción,",",01346,",",Ciruelas y endrinas,","
"QCL,",Cultivos y productos de ganadería,",",032,",",Argentina,",",5312,",",Área cosechada,",",01443,",",Colza o semillas de colza,","
"QCL,",Cultivos y productos de ganadería,",",032,",",Argentina,",",5412,",",Rendimiento,",",01443,",",Colza o semillas de colza,","
"QCL,",Cultivos y productos de ganadería,",",032,",",Argentina,",",5510,",",Producción,",",01443,",",Colza o semillas de colza,","
"QCL,",Cultivos y productos de ganadería,",",032,",",Argentina,",",5312,",",Área cosechada,",",01443,",",Colza o semillas de colza,","
"QCL,",Cultivos y productos de ganadería,",",032,",",Argentina,",",5412,",",Rendimiento,",",01443,",",Colza o semillas de colza,","
"QCL,",Cultivos y productos de ganadería,",",032,",",Argentina,",",5510,",",Producción,",",01443,",",Colza o semillas de colza,","
"QCL,",Cultivos y productos de ganadería,",",032,",",Argentina,",",5312,",",Área cosechada,",",01443,",",Colza o semillas de colza,","
"QCL,",Cultivos y productos de ganadería,",",032,",",Argentina,",",5412,",",Rendimiento,",",01443,",",Colza o semillas de colza,","
"QCL,",Cultivos y productos de ganadería,",",032,",",Argentina,",",5510,",",Producción,",",01443,",",Colza o semillas de colza,","
"QCL,",Cultivos y productos de ganadería,",",032,",",Argentina,",",5312,",",Área cosechada,",",01443,",",Colza o semillas de colza,","
"QCL,",Cultivos y productos de ganadería,",",032,",",Argentina,",",5412,",",Rendimiento,",",01443,",",Colza o semillas de colza,","
"QCL,",Cultivos y productos de ganadería,",",032,",",Argentina,",",5510,",",Producción,",",01443,",",Colza o semillas de colza,","
"QCL,",Cultivos y productos de ganadería,",",032,",",Argentina,",",5312,",",Área cosechada,",",01443,",",Colza o semillas de colza,","
"QCL,",Cultivos y productos de ganadería,",",032,",",Argentina,",",5412,",",Rendimiento,",",01443,",",Colza o semillas de colza,","
"QCL,",Cultivos y productos de ganadería,",",032,",",Argentina,",",5510,",",Producción,",",01443,",",Colza o semillas de colza,","
"QCL,",Cultivos y productos de ganadería,",",032,",",Argentina,",",5312,",",Área cosechada,",",01443,",",Colza o semillas de colza,","
"QCL,",Cultivos y productos de ganadería,",",032,",",Argentina,",",5412,",",Rendimiento,",",01443,",",Colza o semillas de colza,","
"QCL,",Cultivos y productos de ganadería,",",032,",",Argentina,",",5510,",",Producción,",",01443,",",Colza o semillas de colza,","
"QCL,",Cultivos y productos de ganadería,",",032,",",Argentina,",",5312,",",Área cosechada,",",01443,",",Colza o semillas de colza,","
"QCL,",Cultivos y productos de ganadería,",",032,",",Argentina,",",5412,",",Rendimiento,",",01443,",",Colza o semillas de colza,","
"QCL,",Cultivos y productos de ganadería,",",032,",",Argentina,",",5510,",",Producción,",",01443,",",Colza o semillas de colza,","
"QCL,",Cultivos y productos de ganadería,",",032,",",Argentina,",",5312,",",Área cosechada,",",01443,",",Colza o semillas de colza,","
"QCL,",Cultivos y productos de ganadería,",",032,",",Argentina,",",5412,",",Rendimiento,",",01443,",",Colza o semillas de colza,","
"QCL,",Cultivos y productos de ganadería,",",032,",",Argentina,",",5510,",",Producción,",",01443,",",Colza o semillas de colza,","
"QCL,",Cultivos y productos de ganadería,",",032,",",Argentina,",",5312,",",Área cosechada,",",01443,",",Colza o semillas de colza,","
"QCL,",Cultivos y productos de ganadería,",",032,",",Argentina,",",5412,",",Rendimiento,",",01443,",",Colza o semillas de colza,","
"QCL,",Cultivos y productos de ganadería,",",032,",",Argentina,",",5510,",",Producción,",",01443,",",Colza o semillas de colza,","
"QCL,",Cultivos y productos de ganadería,",",032,",",Argentina,",",5312,",",Área cosechada,",",01443,",",Colza o semillas de colza,","
"QCL,",Cultivos y productos de ganadería,",",032,",",Argentina,",",5412,",",Rendimiento,",",01443,",",Colza o semillas de colza,","
"QCL,",Cultivos y productos de ganadería,",",032,",",Argentina,",",5510,",",Producción,",",01443,",",Colza o semillas de colza,","
"QCL,",Cultivos y productos de ganadería,",",032,",",Argentina,",",5312,",",Área cosechada,",",01443,",",Colza o semillas de colza,","
"QCL,",Cultivos y productos de ganadería,",",032,",",Argentina,",",5412,",",Rendimiento,",",01443,",",Colza o semillas de colza,","
"QCL,",Cultivos y productos de ganadería,",",032,",",Argentina,",",5510,",",Producción,",",01443,",",Colza o semillas de colza,","
"QCL,",Cultivos y productos de ganadería,",",032,",",Argentina,",",5312,",",Área cosechada,",",01443,",",Colza o semillas de colza,","
"QCL,",Cultivos y productos de ganadería,",",032,",",Argentina,",",5412,",",Rendimiento,",",01443,",",Colza o semillas de colza,","
"QCL,",Cultivos y productos de ganadería,",",032,",",Argentina,",",5510,",",Producción,",",01443,",",Colza o semillas de colza,","
"QCL,",Cultivos y productos de ganadería,",",032,",",Argentina,",",5312,",",Área cosechada,",",01443,",",Colza o semillas de colza,","
"QCL,",Cultivos y productos de ganadería,",",032,",",Argentina,",",5412,",",Rendimiento,",",01443,",",Colza o semillas de colza,","
"QCL,",Cultivos y productos de ganadería,",",032,",",Argentina,",",5510,",",Producción,",",01443,",",Colza o semillas de colza,","
"QCL,",Cultivos y productos de ganadería,",",032,",",Argentina,",",5312,",",Área cosechada,",",01443,",",Colza o semillas de colza,","
"QCL,",Cultivos y productos de ganadería,",",032,",",Argentina,",",5412,",",Rendimiento,",",01443,",",Colza o semillas de colza,","
"QCL,",Cultivos y productos de ganadería,",",032,",",Argentina,",",5510,",",Producción,",",01443,",",Colza o semillas de colza,","
"QCL,",Cultivos y productos de ganadería,",",032,",",Argentina,",",5312,",",Área cosechada,",",01443,",",Colza o semillas de colza,","
"QCL,",Cultivos y productos de ganadería,",",032,",",Argentina,",",5412,",",Rendimiento,",",01443,",",Colza o semillas de colza,","
"QCL,",Cultivos y productos de ganadería,",",032,",",Argentina,",",5510,",",Producción,",",01443,",",Colza o semillas de colza,","
"QCL,",Cultivos y productos de ganadería,",",032,",",Argentina,",",5312,",",Área cosechada,",",01659,",",Conos de lúpulo,","
"QCL,",Cultivos y productos de ganadería,",",032,",",Argentina,",",5412,",",Rendimiento,",",01659,",",Conos de lúpulo,","
"QCL,",Cultivos y productos de ganadería,",",032,",",Argentina,",",5510,",",Producción,",",01659,",",Conos de lúpulo,","
"QCL,",Cultivos y productos de ganadería,",",032,",",Argentina,",",5312,",",Área cosechada,",",01659,",",Conos de lúpulo,","
"QCL,",Cultivos y productos de ganadería,",",032,",",Argentina,",",5412,",",Rendimiento,",",01659,",",Conos de lúpulo,","
"QCL,",Cultivos y productos de ganadería,",",032,",",Argentina,",",5510,",",Producción,",",01659,",",Conos de lúpulo,","
"QCL,",Cultivos y productos de ganadería,",",032,",",Argentina,",",5312,",",Área cosechada,",",01659,",",Conos de lúpulo,","
"QCL,",Cultivos y productos de ganadería,",",032,",",Argentina,",",5412,",",Rendimiento,",",01659,",",Conos de lúpulo,","
"QCL,",Cultivos y productos de ganadería,",",032,",",Argentina,",",5510,",",Producción,",",01659,",",Conos de lúpulo,","
"QCL,",Cultivos y productos de ganadería,",",032,",",Argentina,",",5312,",",Área cosechada,",",01659,",",Conos de lúpulo,","
"QCL,",Cultivos y productos de ganadería,",",032,",",Argentina,",",5412,",",Rendimiento,",",01659,",",Conos de lúpulo,","
"QCL,",Cultivos y productos de ganadería,",",032,",",Argentina,",",5510,",",Producción,",",01659,",",Conos de lúpulo,","
"QCL,",Cultivos y productos de ganadería,",",032,",",Argentina,",",5312,",",Área cosechada,",",01659,",",Conos de lúpulo,","
"QCL,",Cultivos y productos de ganadería,",",032,",",Argentina,",",5412,",",Rendimiento,",",01659,",",Conos de lúpulo,","
"QCL,",Cultivos y productos de ganadería,",",032,",",Argentina,",",5510,",",Producción,",",01659,",",Conos de lúpulo,","
"QCL,",Cultivos y productos de ganadería,",",032,",",Argentina,",",5312,",",Área cosechada,",",01659,",",Conos de lúpulo,","
"QCL,",Cultivos y productos de ganadería,",",032,",",Argentina,",",5412,",",Rendimiento,",",01659,",",Conos de lúpulo,","
"QCL,",Cultivos y productos de ganadería,",",032,",",Argentina,",",5510,",",Producción,",",01659,",",Conos de lúpulo,","
"QCL,",Cultivos y productos de ganadería,",",032,",",Argentina,",",5312,",",Área cosechada,",",01659,",",Conos de lúpulo,","
"QCL,",Cultivos y productos de ganadería,",",032,",",Argentina,",",5412,",",Rendimiento,",",01659,",",Conos de lúpulo,","
"QCL,",Cultivos y productos de ganadería,",",032,",",Argentina,",",5510,",",Producción,",",01659,",",Conos de lúpulo,","
"QCL,",Cultivos y productos de ganadería,",",032,",",Argentina,",",5312,",",Área cosechada,",",01659,",",Conos de lúpulo,","
"QCL,",Cultivos y productos de ganadería,",",032,",",Argentina,",",5412,",",Rendimiento,",",01659,",",Conos de lúpulo,","
"QCL,",Cultivos y productos de ganadería,",",032,",",Argentina,",",5510,",",Producción,",",01659,",",Conos de lúpulo,","
"QCL,",Cultivos y productos de ganadería,",",032,",",Argentina,",",5312,",",Área cosechada,",",01659,",",Conos de lúpulo,","
"QCL,",Cultivos y productos de ganadería,",",032,",",Argentina,",",5412,",",Rendimiento,",",01659,",",Conos de lúpulo,","
"QCL,",Cultivos y productos de ganadería,",",032,",",Argentina,",",5510,",",Producción,",",01659,",",Conos de lúpulo,","
"QCL,",Cultivos y productos de ganadería,",",032,",",Argentina,",",5312,",",Área cosechada,",",01659,",",Conos de lúpulo,","
"QCL,",Cultivos y productos de ganadería,",",032,",",Argentina,",",5412,",",Rendimiento,",",01659,",",Conos de lúpulo,","
"QCL,",Cultivos y productos de ganadería,",",032,",",Argentina,",",5510,",",Producción,",",01659,",",Conos de lúpulo,","
"QCL,",Cultivos y productos de ganadería,",",032,",",Argentina,",",5312,",",Área cosechada,",",01659,",",Conos de lúpulo,","
"QCL,",Cultivos y productos de ganadería,",",032,",",Argentina,",",5412,",",Rendimiento,",",01659,",",Conos de lúpulo,","
"QCL,",Cultivos y productos de ganadería,",",032,",",Argentina,",",5510,",",Producción,",",01659,",",Conos de lúpulo,","
"QCL,",Cultivos y productos de ganadería,",",032,",",Argentina,",",5312,",",Área cosechada,",",01659,",",Conos de lúpulo,","
"QCL,",Cultivos y productos de ganadería,",",032,",",Argentina,",",5412,",",Rendimiento,",",01659,",",Conos de lúpulo,","
"QCL,",Cultivos y productos de ganadería,",",032,",",Argentina,",",5510,",",Producción,",",01659,",",Conos de lúpulo,","
"QCL,",Cultivos y productos de ganadería,",",032,",",Argentina,",",5312,",",Área cosechada,",",01659,",",Conos de lúpulo,","
"QCL,",Cultivos y productos de ganadería,",",032,",",Argentina,",",5412,",",Rendimiento,",",01659,",",Conos de lúpulo,","
"QCL,",Cultivos y productos de ganadería,",",032,",",Argentina,",",5510,",",Producción,",",01659,",",Conos de lúpulo,","
"QCL,",Cultivos y productos de ganadería,",",032,",",Argentina,",",5312,",",Área cosechada,",",01659,",",Conos de lúpulo,","
"QCL,",Cultivos y productos de ganadería,",",032,",",Argentina,",",5412,",",Rendimiento,",",01659,",",Conos de lúpulo,","
"QCL,",Cultivos y productos de ganadería,",",032,",",Argentina,",",5510,",",Producción,",",01659,",",Conos de lúpulo,","
"QCL,",Cultivos y productos de ganadería,",",032,",",Argentina,",",5312,",",Área cosechada,",",01659,",",Conos de lúpulo,","
"QCL,",Cultivos y productos de ganadería,",",032,",",Argentina,",",5412,",",Rendimiento,",",01659,",",Conos de lúpulo,","
"QCL,",Cultivos y productos de ganadería,",",032,",",Argentina,",",5510,",",Producción,",",01659,",",Conos de lúpulo,","
"QCL,",Cultivos y productos de ganadería,",",032,",",Argentina,",",5312,",",Área cosechada,",",01211,",",Esparragos,","
"QCL,",Cultivos y productos de ganadería,",",032,",",Argentina,",",5412,",",Rendimiento,",",01211,",",Esparragos,","
"QCL,",Cultivos y productos de ganadería,",",032,",",Argentina,",",5510,",",Producción,",",01211,",",Esparragos,","
"QCL,",Cultivos y productos de ganadería,",",032,",",Argentina,",",5312,",",Área cosechada,",",01211,",",Esparragos,","
"QCL,",Cultivos y productos de ganadería,",",032,",",Argentina,",",5412,",",Rendimiento,",",01211,",",Esparragos,","
"QCL,",Cultivos y productos de ganadería,",",032,",",Argentina,",",5510,",",Producción,",",01211,",",Esparragos,","
"QCL,",Cultivos y productos de ganadería,",",032,",",Argentina,",",5312,",",Área cosechada,",",01211,",",Esparragos,","
"QCL,",Cultivos y productos de ganadería,",",032,",",Argentina,",",5412,",",Rendimiento,",",01211,",",Esparragos,","
"QCL,",Cultivos y productos de ganadería,",",032,",",Argentina,",",5510,",",Producción,",",01211,",",Esparragos,","
"QCL,",Cultivos y productos de ganadería,",",032,",",Argentina,",",5312,",",Área cosechada,",",01211,",",Esparragos,","
"QCL,",Cultivos y productos de ganadería,",",032,",",Argentina,",",5412,",",Rendimiento,",",01211,",",Esparragos,","
"QCL,",Cultivos y productos de ganadería,",",032,",",Argentina,",",5510,",",Producción,",",01211,",",Esparragos,","
"QCL,",Cultivos y productos de ganadería,",",032,",",Argentina,",",5312,",",Área cosechada,",",01211,",",Esparragos,","
"QCL,",Cultivos y productos de ganadería,",",032,",",Argentina,",",5412,",",Rendimiento,",",01211,",",Esparragos,","
"QCL,",Cultivos y productos de ganadería,",",032,",",Argentina,",",5510,",",Producción,",",01211,",",Esparragos,","
"QCL,",Cultivos y productos de ganadería,",",032,",",Argentina,",",5312,",",Área cosechada,",",01211,",",Esparragos,","
"QCL,",Cultivos y productos de ganadería,",",032,",",Argentina,",",5412,",",Rendimiento,",",01211,",",Esparragos,","
"QCL,",Cultivos y productos de ganadería,",",032,",",Argentina,",",5510,",",Producción,",",01211,",",Esparragos,","
"QCL,",Cultivos y productos de ganadería,",",032,",",Argentina,",",5312,",",Área cosechada,",",01211,",",Esparragos,","
"QCL,",Cultivos y productos de ganadería,",",032,",",Argentina,",",5412,",",Rendimiento,",",01211,",",Esparragos,","
"QCL,",Cultivos y productos de ganadería,",",032,",",Argentina,",",5510,",",Producción,",",01211,",",Esparragos,","
"QCL,",Cultivos y productos de ganadería,",",032,",",Argentina,",",5312,",",Área cosechada,",",01211,",",Esparragos,","
"QCL,",Cultivos y productos de ganadería,",",032,",",Argentina,",",5412,",",Rendimiento,",",01211,",",Esparragos,","
"QCL,",Cultivos y productos de ganadería,",",032,",",Argentina,",",5510,",",Producción,",",01211,",",Esparragos,","
"QCL,",Cultivos y productos de ganadería,",",032,",",Argentina,",",5312,",",Área cosechada,",",01211,",",Esparragos,","
"QCL,",Cultivos y productos de ganadería,",",032,",",Argentina,",",5412,",",Rendimiento,",",01211,",",Esparragos,","
"QCL,",Cultivos y productos de ganadería,",",032,",",Argentina,",",5510,",",Producción,",",01211,",",Esparragos,","
"QCL,",Cultivos y productos de ganadería,",",032,",",Argentina,",",5312,",",Área cosechada,",",01211,",",Esparragos,","
"QCL,",Cultivos y productos de ganadería,",",032,",",Argentina,",",5412,",",Rendimiento,",",01211,",",Esparragos,","
"QCL,",Cultivos y productos de ganadería,",",032,",",Argentina,",",5510,",",Producción,",",01211,",",Esparragos,","
"QCL,",Cultivos y productos de ganadería,",",032,",",Argentina,",",5312,",",Área cosechada,",",01211,",",Esparragos,","
"QCL,",Cultivos y productos de ganadería,",",032,",",Argentina,",",5412,",",Rendimiento,",",01211,",",Esparragos,","
"QCL,",Cultivos y productos de ganadería,",",032,",",Argentina,",",5510,",",Producción,",",01211,",",Esparragos,","
"QCL,",Cultivos y productos de ganadería,",",032,",",Argentina,",",5312,",",Área cosechada,",",01211,",",Esparragos,","
"QCL,",Cultivos y productos de ganadería,",",032,",",Argentina,",",5412,",",Rendimiento,",",01211,",",Esparragos,","
"QCL,",Cultivos y productos de ganadería,",",032,",",Argentina,",",5510,",",Producción,",",01211,",",Esparragos,","
"QCL,",Cultivos y productos de ganadería,",",032,",",Argentina,",",5312,",",Área cosechada,",",01211,",",Esparragos,","
"QCL,",Cultivos y productos de ganadería,",",032,",",Argentina,",",5412,",",Rendimiento,",",01211,",",Esparragos,","
"QCL,",Cultivos y productos de ganadería,",",032,",",Argentina,",",5510,",",Producción,",",01211,",",Esparragos,","
"QCL,",Cultivos y productos de ganadería,",",032,",",Argentina,",",5312,",",Área cosechada,",",01211,",",Esparragos,","
"QCL,",Cultivos y productos de ganadería,",",032,",",Argentina,",",5412,",",Rendimiento,",",01211,",",Esparragos,","
"QCL,",Cultivos y productos de ganadería,",",032,",",Argentina,",",5510,",",Producción,",",01211,",",Esparragos,","
"QCL,",Cultivos y productos de ganadería,",",032,",",Argentina,",",5312,",",Área cosechada,",",01211,",",Esparragos,","
"QCL,",Cultivos y productos de ganadería,",",032,",",Argentina,",",5412,",",Rendimiento,",",01211,",",Esparragos,","
"QCL,",Cultivos y productos de ganadería,",",032,",",Argentina,",",5510,",",Producción,",",01211,",",Esparragos,","
"QCL,",Cultivos y productos de ganadería,",",032,",",Argentina,",",5312,",",Área cosechada,",",01354,",",Fresas,","
"QCL,",Cultivos y productos de ganadería,",",032,",",Argentina,",",5412,",",Rendimiento,",",01354,",",Fresas,","
"QCL,",Cultivos y productos de ganadería,",",032,",",Argentina,",",5510,",",Producción,",",01354,",",Fresas,","
"QCL,",Cultivos y productos de ganadería,",",032,",",Argentina,",",5312,",",Área cosechada,",",01354,",",Fresas,","
"QCL,",Cultivos y productos de ganadería,",",032,",",Argentina,",",5412,",",Rendimiento,",",01354,",",Fresas,","
"QCL,",Cultivos y productos de ganadería,",",032,",",Argentina,",",5510,",",Producción,",",01354,",",Fresas,","
"QCL,",Cultivos y productos de ganadería,",",032,",",Argentina,",",5312,",",Área cosechada,",",01354,",",Fresas,","
"QCL,",Cultivos y productos de ganadería,",",032,",",Argentina,",",5412,",",Rendimiento,",",01354,",",Fresas,","
"QCL,",Cultivos y productos de ganadería,",",032,",",Argentina,",",5510,",",Producción,",",01354,",",Fresas,","
"QCL,",Cultivos y productos de ganadería,",",032,",",Argentina,",",5312,",",Área cosechada,",",01354,",",Fresas,","
"QCL,",Cultivos y productos de ganadería,",",032,",",Argentina,",",5412,",",Rendimiento,",",01354,",",Fresas,","
"QCL,",Cultivos y productos de ganadería,",",032,",",Argentina,",",5510,",",Producción,",",01354,",",Fresas,","
"QCL,",Cultivos y productos de ganadería,",",032,",",Argentina,",",5312,",",Área cosechada,",",01354,",",Fresas,","
"QCL,",Cultivos y productos de ganadería,",",032,",",Argentina,",",5412,",",Rendimiento,",",01354,",",Fresas,","
"QCL,",Cultivos y productos de ganadería,",",032,",",Argentina,",",5510,",",Producción,",",01354,",",Fresas,","
"QCL,",Cultivos y productos de ganadería,",",032,",",Argentina,",",5312,",",Área cosechada,",",01354,",",Fresas,","
"QCL,",Cultivos y productos de ganadería,",",032,",",Argentina,",",5412,",",Rendimiento,",",01354,",",Fresas,","
"QCL,",Cultivos y productos de ganadería,",",032,",",Argentina,",",5510,",",Producción,",",01354,",",Fresas,","
"QCL,",Cultivos y productos de ganadería,",",032,",",Argentina,",",5312,",",Área cosechada,",",01354,",",Fresas,","
"QCL,",Cultivos y productos de ganadería,",",032,",",Argentina,",",5412,",",Rendimiento,",",01354,",",Fresas,","
"QCL,",Cultivos y productos de ganadería,",",032,",",Argentina,",",5510,",",Producción,",",01354,",",Fresas,","
"QCL,",Cultivos y productos de ganadería,",",032,",",Argentina,",",5312,",",Área cosechada,",",01354,",",Fresas,","
"QCL,",Cultivos y productos de ganadería,",",032,",",Argentina,",",5412,",",Rendimiento,",",01354,",",Fresas,","
"QCL,",Cultivos y productos de ganadería,",",032,",",Argentina,",",5510,",",Producción,",",01354,",",Fresas,","
"QCL,",Cultivos y productos de ganadería,",",032,",",Argentina,",",5312,",",Área cosechada,",",01354,",",Fresas,","
"QCL,",Cultivos y productos de ganadería,",",032,",",Argentina,",",5412,",",Rendimiento,",",01354,",",Fresas,","
"QCL,",Cultivos y productos de ganadería,",",032,",",Argentina,",",5510,",",Producción,",",01354,",",Fresas,","
"QCL,",Cultivos y productos de ganadería,",",032,",",Argentina,",",5312,",",Área cosechada,",",01354,",",Fresas,","
"QCL,",Cultivos y productos de ganadería,",",032,",",Argentina,",",5412,",",Rendimiento,",",01354,",",Fresas,","
"QCL,",Cultivos y productos de ganadería,",",032,",",Argentina,",",5510,",",Producción,",",01354,",",Fresas,","
"QCL,",Cultivos y productos de ganadería,",",032,",",Argentina,",",5312,",",Área cosechada,",",01354,",",Fresas,","
"QCL,",Cultivos y productos de ganadería,",",032,",",Argentina,",",5412,",",Rendimiento,",",01354,",",Fresas,","
"QCL,",Cultivos y productos de ganadería,",",032,",",Argentina,",",5510,",",Producción,",",01354,",",Fresas,","
"QCL,",Cultivos y productos de ganadería,",",032,",",Argentina,",",5312,",",Área cosechada,",",01354,",",Fresas,","
"QCL,",Cultivos y productos de ganadería,",",032,",",Argentina,",",5412,",",Rendimiento,",",01354,",",Fresas,","
"QCL,",Cultivos y productos de ganadería,",",032,",",Argentina,",",5510,",",Producción,",",01354,",",Fresas,","
"QCL,",Cultivos y productos de ganadería,",",032,",",Argentina,",",5312,",",Área cosechada,",",01354,",",Fresas,","
"QCL,",Cultivos y productos de ganadería,",",032,",",Argentina,",",5412,",",Rendimiento,",",01354,",",Fresas,","
"QCL,",Cultivos y productos de ganadería,",",032,",",Argentina,",",5510,",",Producción,",",01354,",",Fresas,","
"QCL,",Cultivos y productos de ganadería,",",032,",",Argentina,",",5312,",",Área cosechada,",",01354,",",Fresas,","
"QCL,",Cultivos y productos de ganadería,",",032,",",Argentina,",",5412,",",Rendimiento,",",01354,",",Fresas,","
"QCL,",Cultivos y productos de ganadería,",",032,",",Argentina,",",5510,",",Producción,",",01354,",",Fresas,","
"QCL,",Cultivos y productos de ganadería,",",032,",",Argentina,",",5312,",",Área cosechada,",",01354,",",Fresas,","
"QCL,",Cultivos y productos de ganadería,",",032,",",Argentina,",",5412,",",Rendimiento,",",01354,",",Fresas,","
"QCL,",Cultivos y productos de ganadería,",",032,",",Argentina,",",5510,",",Producción,",",01354,",",Fresas,","
"QCL,",Cultivos y productos de ganadería,",",032,",",Argentina,",",5312,",",Área cosechada,",",01701,",","Frijoles, secos",","
"QCL,",Cultivos y productos de ganadería,",",032,",",Argentina,",",5412,",",Rendimiento,",",01701,",","Frijoles, secos",","
"QCL,",Cultivos y productos de ganadería,",",032,",",Argentina,",",5510,",",Producción,",",01701,",","Frijoles, secos",","
"QCL,",Cultivos y productos de ganadería,",",032,",",Argentina,",",5312,",",Área cosechada,",",01701,",","Frijoles, secos",","
"QCL,",Cultivos y productos de ganadería,",",032,",",Argentina,",",5412,",",Rendimiento,",",01701,",","Frijoles, secos",","
"QCL,",Cultivos y productos de ganadería,",",032,",",Argentina,",",5510,",",Producción,",",01701,",","Frijoles, secos",","
"QCL,",Cultivos y productos de ganadería,",",032,",",Argentina,",",5312,",",Área cosechada,",",01701,",","Frijoles, secos",","
"QCL,",Cultivos y productos de ganadería,",",032,",",Argentina,",",5412,",",Rendimiento,",",01701,",","Frijoles, secos",","
"QCL,",Cultivos y productos de ganadería,",",032,",",Argentina,",",5510,",",Producción,",",01701,",","Frijoles, secos",","
"QCL,",Cultivos y productos de ganadería,",",032,",",Argentina,",",5312,",",Área cosechada,",",01701,",","Frijoles, secos",","
"QCL,",Cultivos y productos de ganadería,",",032,",",Argentina,",",5412,",",Rendimiento,",",01701,",","Frijoles, secos",","
"QCL,",Cultivos y productos de ganadería,",",032,",",Argentina,",",5510,",",Producción,",",01701,",","Frijoles, secos",","
"QCL,",Cultivos y productos de ganadería,",",032,",",Argentina,",",5312,",",Área cosechada,",",01701,",","Frijoles, secos",","
"QCL,",Cultivos y productos de ganadería,",",032,",",Argentina,",",5412,",",Rendimiento,",",01701,",","Frijoles, secos",","
"QCL,",Cultivos y productos de ganadería,",",032,",",Argentina,",",5510,",",Producción,",",01701,",","Frijoles, secos",","
"QCL,",Cultivos y productos de ganadería,",",032,",",Argentina,",",5312,",",Área cosechada,",",01701,",","Frijoles, secos",","
"QCL,",Cultivos y productos de ganadería,",",032,",",Argentina,",",5412,",",Rendimiento,",",01701,",","Frijoles, secos",","
"QCL,",Cultivos y productos de ganadería,",",032,",",Argentina,",",5510,",",Producción,",",01701,",","Frijoles, secos",","
"QCL,",Cultivos y productos de ganadería,",",032,",",Argentina,",",5312,",",Área cosechada,",",01701,",","Frijoles, secos",","
"QCL,",Cultivos y productos de ganadería,",",032,",",Argentina,",",5412,",",Rendimiento,",",01701,",","Frijoles, secos",","
"QCL,",Cultivos y productos de ganadería,",",032,",",Argentina,",",5510,",",Producción,",",01701,",","Frijoles, secos",","
"QCL,",Cultivos y productos de ganadería,",",032,",",Argentina,",",5312,",",Área cosechada,",",01701,",","Frijoles, secos",","
"QCL,",Cultivos y productos de ganadería,",",032,",",Argentina,",",5412,",",Rendimiento,",",01701,",","Frijoles, secos",","
"QCL,",Cultivos y productos de ganadería,",",032,",",Argentina,",",5510,",",Producción,",",01701,",","Frijoles, secos",","
"QCL,",Cultivos y productos de ganadería,",",032,",",Argentina,",",5312,",",Área cosechada,",",01701,",","Frijoles, secos",","
"QCL,",Cultivos y productos de ganadería,",",032,",",Argentina,",",5412,",",Rendimiento,",",01701,",","Frijoles, secos",","
"QCL,",Cultivos y productos de ganadería,",",032,",",Argentina,",",5510,",",Producción,",",01701,",","Frijoles, secos",","
"QCL,",Cultivos y productos de ganadería,",",032,",",Argentina,",",5312,",",Área cosechada,",",01701,",","Frijoles, secos",","
"QCL,",Cultivos y productos de ganadería,",",032,",",Argentina,",",5412,",",Rendimiento,",",01701,",","Frijoles, secos",","
"QCL,",Cultivos y productos de ganadería,",",032,",",Argentina,",",5510,",",Producción,",",01701,",","Frijoles, secos",","
"QCL,",Cultivos y productos de ganadería,",",032,",",Argentina,",",5312,",",Área cosechada,",",01701,",","Frijoles, secos",","
"QCL,",Cultivos y productos de ganadería,",",032,",",Argentina,",",5412,",",Rendimiento,",",01701,",","Frijoles, secos",","
"QCL,",Cultivos y productos de ganadería,",",032,",",Argentina,",",5510,",",Producción,",",01701,",","Frijoles, secos",","
"QCL,",Cultivos y productos de ganadería,",",032,",",Argentina,",",5312,",",Área cosechada,",",01701,",","Frijoles, secos",","
"QCL,",Cultivos y productos de ganadería,",",032,",",Argentina,",",5412,",",Rendimiento,",",01701,",","Frijoles, secos",","
"QCL,",Cultivos y productos de ganadería,",",032,",",Argentina,",",5510,",",Producción,",",01701,",","Frijoles, secos",","
"QCL,",Cultivos y productos de ganadería,",",032,",",Argentina,",",5312,",",Área cosechada,",",01701,",","Frijoles, secos",","
"QCL,",Cultivos y productos de ganadería,",",032,",",Argentina,",",5412,",",Rendimiento,",",01701,",","Frijoles, secos",","
"QCL,",Cultivos y productos de ganadería,",",032,",",Argentina,",",5510,",",Producción,",",01701,",","Frijoles, secos",","
"QCL,",Cultivos y productos de ganadería,",",032,",",Argentina,",",5312,",",Área cosechada,",",01701,",","Frijoles, secos",","
"QCL,",Cultivos y productos de ganadería,",",032,",",Argentina,",",5412,",",Rendimiento,",",01701,",","Frijoles, secos",","
"QCL,",Cultivos y productos de ganadería,",",032,",",Argentina,",",5510,",",Producción,",",01701,",","Frijoles, secos",","
"QCL,",Cultivos y productos de ganadería,",",032,",",Argentina,",",5312,",",Área cosechada,",",01701,",","Frijoles, secos",","
"QCL,",Cultivos y productos de ganadería,",",032,",",Argentina,",",5412,",",Rendimiento,",",01701,",","Frijoles, secos",","
"QCL,",Cultivos y productos de ganadería,",",032,",",Argentina,",",5510,",",Producción,",",01701,",","Frijoles, secos",","
"QCL,",Cultivos y productos de ganadería,",",032,",",Argentina,",",5312,",",Área cosechada,",",01703,",",Garbanzos secos,","
"QCL,",Cultivos y productos de ganadería,",",032,",",Argentina,",",5412,",",Rendimiento,",",01703,",",Garbanzos secos,","
"QCL,",Cultivos y productos de ganadería,",",032,",",Argentina,",",5510,",",Producción,",",01703,",",Garbanzos secos,","
"QCL,",Cultivos y productos de ganadería,",",032,",",Argentina,",",5312,",",Área cosechada,",",01703,",",Garbanzos secos,","
"QCL,",Cultivos y productos de ganadería,",",032,",",Argentina,",",5412,",",Rendimiento,",",01703,",",Garbanzos secos,","
"QCL,",Cultivos y productos de ganadería,",",032,",",Argentina,",",5510,",",Producción,",",01703,",",Garbanzos secos,","
"QCL,",Cultivos y productos de ganadería,",",032,",",Argentina,",",5312,",",Área cosechada,",",01703,",",Garbanzos secos,","
"QCL,",Cultivos y productos de ganadería,",",032,",",Argentina,",",5412,",",Rendimiento,",",01703,",",Garbanzos secos,","
"QCL,",Cultivos y productos de ganadería,",",032,",",Argentina,",",5510,",",Producción,",",01703,",",Garbanzos secos,","
"QCL,",Cultivos y productos de ganadería,",",032,",",Argentina,",",5312,",",Área cosechada,",",01703,",",Garbanzos secos,","
"QCL,",Cultivos y productos de ganadería,",",032,",",Argentina,",",5412,",",Rendimiento,",",01703,",",Garbanzos secos,","
"QCL,",Cultivos y productos de ganadería,",",032,",",Argentina,",",5510,",",Producción,",",01703,",",Garbanzos secos,","
"QCL,",Cultivos y productos de ganadería,",",032,",",Argentina,",",5312,",",Área cosechada,",",01703,",",Garbanzos secos,","
"QCL,",Cultivos y productos de ganadería,",",032,",",Argentina,",",5412,",",Rendimiento,",",01703,",",Garbanzos secos,","
"QCL,",Cultivos y productos de ganadería,",",032,",",Argentina,",",5510,",",Producción,",",01703,",",Garbanzos secos,","
"QCL,",Cultivos y productos de ganadería,",",032,",",Argentina,",",5312,",",Área cosechada,",",01703,",",Garbanzos secos,","
"QCL,",Cultivos y productos de ganadería,",",032,",",Argentina,",",5412,",",Rendimiento,",",01703,",",Garbanzos secos,","
"QCL,",Cultivos y productos de ganadería,",",032,",",Argentina,",",5510,",",Producción,",",01703,",",Garbanzos secos,","
"QCL,",Cultivos y productos de ganadería,",",032,",",Argentina,",",5312,",",Área cosechada,",",01703,",",Garbanzos secos,","
"QCL,",Cultivos y productos de ganadería,",",032,",",Argentina,",",5412,",",Rendimiento,",",01703,",",Garbanzos secos,","
"QCL,",Cultivos y productos de ganadería,",",032,",",Argentina,",",5510,",",Producción,",",01703,",",Garbanzos secos,","
"QCL,",Cultivos y productos de ganadería,",",032,",",Argentina,",",5312,",",Área cosechada,",",01703,",",Garbanzos secos,","
"QCL,",Cultivos y productos de ganadería,",",032,",",Argentina,",",5412,",",Rendimiento,",",01703,",",Garbanzos secos,","
"QCL,",Cultivos y productos de ganadería,",",032,",",Argentina,",",5510,",",Producción,",",01703,",",Garbanzos secos,","
"QCL,",Cultivos y productos de ganadería,",",032,",",Argentina,",",5312,",",Área cosechada,",",01703,",",Garbanzos secos,","
"QCL,",Cultivos y productos de ganadería,",",032,",",Argentina,",",5412,",",Rendimiento,",",01703,",",Garbanzos secos,","
"QCL,",Cultivos y productos de ganadería,",",032,",",Argentina,",",5510,",",Producción,",",01703,",",Garbanzos secos,","
"QCL,",Cultivos y productos de ganadería,",",032,",",Argentina,",",5312,",",Área cosechada,",",01703,",",Garbanzos secos,","
"QCL,",Cultivos y productos de ganadería,",",032,",",Argentina,",",5412,",",Rendimiento,",",01703,",",Garbanzos secos,","
"QCL,",Cultivos y productos de ganadería,",",032,",",Argentina,",",5510,",",Producción,",",01703,",",Garbanzos secos,","
"QCL,",Cultivos y productos de ganadería,",",032,",",Argentina,",",5312,",",Área cosechada,",",01703,",",Garbanzos secos,","
"QCL,",Cultivos y productos de ganadería,",",032,",",Argentina,",",5412,",",Rendimiento,",",01703,",",Garbanzos secos,","
"QCL,",Cultivos y productos de ganadería,",",032,",",Argentina,",",5510,",",Producción,",",01703,",",Garbanzos secos,","
"QCL,",Cultivos y productos de ganadería,",",032,",",Argentina,",",5312,",",Área cosechada,",",01703,",",Garbanzos secos,","
"QCL,",Cultivos y productos de ganadería,",",032,",",Argentina,",",5412,",",Rendimiento,",",01703,",",Garbanzos secos,","
"QCL,",Cultivos y productos de ganadería,",",032,",",Argentina,",",5510,",",Producción,",",01703,",",Garbanzos secos,","
"QCL,",Cultivos y productos de ganadería,",",032,",",Argentina,",",5312,",",Área cosechada,",",01703,",",Garbanzos secos,","
"QCL,",Cultivos y productos de ganadería,",",032,",",Argentina,",",5412,",",Rendimiento,",",01703,",",Garbanzos secos,","
"QCL,",Cultivos y productos de ganadería,",",032,",",Argentina,",",5510,",",Producción,",",01703,",",Garbanzos secos,","
"QCL,",Cultivos y productos de ganadería,",",032,",",Argentina,",",5312,",",Área cosechada,",",01703,",",Garbanzos secos,","
"QCL,",Cultivos y productos de ganadería,",",032,",",Argentina,",",5412,",",Rendimiento,",",01703,",",Garbanzos secos,","
"QCL,",Cultivos y productos de ganadería,",",032,",",Argentina,",",5510,",",Producción,",",01703,",",Garbanzos secos,","
"QCL,",Cultivos y productos de ganadería,",",032,",",Argentina,",",5312,",",Área cosechada,",",01703,",",Garbanzos secos,","
"QCL,",Cultivos y productos de ganadería,",",032,",",Argentina,",",5412,",",Rendimiento,",",01703,",",Garbanzos secos,","
"QCL,",Cultivos y productos de ganadería,",",032,",",Argentina,",",5510,",",Producción,",",01703,",",Garbanzos secos,","
"QCL,",Cultivos y productos de ganadería,",",032,",",Argentina,",",5312,",",Área cosechada,",",0141,",",Grano se soja,","
"QCL,",Cultivos y productos de ganadería,",",032,",",Argentina,",",5412,",",Rendimiento,",",0141,",",Grano se soja,","
"QCL,",Cultivos y productos de ganadería,",",032,",",Argentina,",",5510,",",Producción,",",0141,",",Grano se soja,","
"QCL,",Cultivos y productos de ganadería,",",032,",",Argentina,",",5312,",",Área cosechada,",",0141,",",Grano se soja,","
"QCL,",Cultivos y productos de ganadería,",",032,",",Argentina,",",5412,",",Rendimiento,",",0141,",",Grano se soja,","
"QCL,",Cultivos y productos de ganadería,",",032,",",Argentina,",",5510,",",Producción,",",0141,",",Grano se soja,","
"QCL,",Cultivos y productos de ganadería,",",032,",",Argentina,",",5312,",",Área cosechada,",",0141,",",Grano se soja,","
"QCL,",Cultivos y productos de ganadería,",",032,",",Argentina,",",5412,",",Rendimiento,",",0141,",",Grano se soja,","
"QCL,",Cultivos y productos de ganadería,",",032,",",Argentina,",",5510,",",Producción,",",0141,",",Grano se soja,","
"QCL,",Cultivos y productos de ganadería,",",032,",",Argentina,",",5312,",",Área cosechada,",",0141,",",Grano se soja,","
"QCL,",Cultivos y productos de ganadería,",",032,",",Argentina,",",5412,",",Rendimiento,",",0141,",",Grano se soja,","
"QCL,",Cultivos y productos de ganadería,",",032,",",Argentina,",",5510,",",Producción,",",0141,",",Grano se soja,","
"QCL,",Cultivos y productos de ganadería,",",032,",",Argentina,",",5312,",",Área cosechada,",",0141,",",Grano se soja,","
"QCL,",Cultivos y productos de ganadería,",",032,",",Argentina,",",5412,",",Rendimiento,",",0141,",",Grano se soja,","
"QCL,",Cultivos y productos de ganadería,",",032,",",Argentina,",",5510,",",Producción,",",0141,",",Grano se soja,","
"QCL,",Cultivos y productos de ganadería,",",032,",",Argentina,",",5312,",",Área cosechada,",",0141,",",Grano se soja,","
"QCL,",Cultivos y productos de ganadería,",",032,",",Argentina,",",5412,",",Rendimiento,",",0141,",",Grano se soja,","
"QCL,",Cultivos y productos de ganadería,",",032,",",Argentina,",",5510,",",Producción,",",0141,",",Grano se soja,","
"QCL,",Cultivos y productos de ganadería,",",032,",",Argentina,",",5312,",",Área cosechada,",",0141,",",Grano se soja,","
"QCL,",Cultivos y productos de ganadería,",",032,",",Argentina,",",5412,",",Rendimiento,",",0141,",",Grano se soja,","
"QCL,",Cultivos y productos de ganadería,",",032,",",Argentina,",",5510,",",Producción,",",0141,",",Grano se soja,","
"QCL,",Cultivos y productos de ganadería,",",032,",",Argentina,",",5312,",",Área cosechada,",",0141,",",Grano se soja,","
"QCL,",Cultivos y productos de ganadería,",",032,",",Argentina,",",5412,",",Rendimiento,",",0141,",",Grano se soja,","
"QCL,",Cultivos y productos de ganadería,",",032,",",Argentina,",",5510,",",Producción,",",0141,",",Grano se soja,","
"QCL,",Cultivos y productos de ganadería,",",032,",",Argentina,",",5312,",",Área cosechada,",",0141,",",Grano se soja,","
"QCL,",Cultivos y productos de ganadería,",",032,",",Argentina,",",5412,",",Rendimiento,",",0141,",",Grano se soja,","
"QCL,",Cultivos y productos de ganadería,",",032,",",Argentina,",",5510,",",Producción,",",0141,",",Grano se soja,","
"QCL,",Cultivos y productos de ganadería,",",032,",",Argentina,",",5312,",",Área cosechada,",",0141,",",Grano se soja,","
"QCL,",Cultivos y productos de ganadería,",",032,",",Argentina,",",5412,",",Rendimiento,",",0141,",",Grano se soja,","
"QCL,",Cultivos y productos de ganadería,",",032,",",Argentina,",",5510,",",Producción,",",0141,",",Grano se soja,","
"QCL,",Cultivos y productos de ganadería,",",032,",",Argentina,",",5312,",",Área cosechada,",",0141,",",Grano se soja,","
"QCL,",Cultivos y productos de ganadería,",",032,",",Argentina,",",5412,",",Rendimiento,",",0141,",",Grano se soja,","
"QCL,",Cultivos y productos de ganadería,",",032,",",Argentina,",",5510,",",Producción,",",0141,",",Grano se soja,","
"QCL,",Cultivos y productos de ganadería,",",032,",",Argentina,",",5312,",",Área cosechada,",",0141,",",Grano se soja,","
"QCL,",Cultivos y productos de ganadería,",",032,",",Argentina,",",5412,",",Rendimiento,",",0141,",",Grano se soja,","
"QCL,",Cultivos y productos de ganadería,",",032,",",Argentina,",",5510,",",Producción,",",0141,",",Grano se soja,","
"QCL,",Cultivos y productos de ganadería,",",032,",",Argentina,",",5312,",",Área cosechada,",",0141,",",Grano se soja,","
"QCL,",Cultivos y productos de ganadería,",",032,",",Argentina,",",5412,",",Rendimiento,",",0141,",",Grano se soja,","
"QCL,",Cultivos y productos de ganadería,",",032,",",Argentina,",",5510,",",Producción,",",0141,",",Grano se soja,","
"QCL,",Cultivos y productos de ganadería,",",032,",",Argentina,",",5312,",",Área cosechada,",",0141,",",Grano se soja,","
"QCL,",Cultivos y productos de ganadería,",",032,",",Argentina,",",5412,",",Rendimiento,",",0141,",",Grano se soja,","
"QCL,",Cultivos y productos de ganadería,",",032,",",Argentina,",",5510,",",Producción,",",0141,",",Grano se soja,","
"QCL,",Cultivos y productos de ganadería,",",032,",",Argentina,",",5312,",",Área cosechada,",",0141,",",Grano se soja,","
"QCL,",Cultivos y productos de ganadería,",",032,",",Argentina,",",5412,",",Rendimiento,",",0141,",",Grano se soja,","
"QCL,",Cultivos y productos de ganadería,",",032,",",Argentina,",",5510,",",Producción,",",0141,",",Grano se soja,","
"QCL,",Cultivos y productos de ganadería,",",032,",",Argentina,",",5312,",",Área cosechada,",",01705,",","Guisantes, secos",","
"QCL,",Cultivos y productos de ganadería,",",032,",",Argentina,",",5412,",",Rendimiento,",",01705,",","Guisantes, secos",","
"QCL,",Cultivos y productos de ganadería,",",032,",",Argentina,",",5510,",",Producción,",",01705,",","Guisantes, secos",","
"QCL,",Cultivos y productos de ganadería,",",032,",",Argentina,",",5312,",",Área cosechada,",",01705,",","Guisantes, secos",","
"QCL,",Cultivos y productos de ganadería,",",032,",",Argentina,",",5412,",",Rendimiento,",",01705,",","Guisantes, secos",","
"QCL,",Cultivos y productos de ganadería,",",032,",",Argentina,",",5510,",",Producción,",",01705,",","Guisantes, secos",","
"QCL,",Cultivos y productos de ganadería,",",032,",",Argentina,",",5312,",",Área cosechada,",",01705,",","Guisantes, secos",","
"QCL,",Cultivos y productos de ganadería,",",032,",",Argentina,",",5412,",",Rendimiento,",",01705,",","Guisantes, secos",","
"QCL,",Cultivos y productos de ganadería,",",032,",",Argentina,",",5510,",",Producción,",",01705,",","Guisantes, secos",","
"QCL,",Cultivos y productos de ganadería,",",032,",",Argentina,",",5312,",",Área cosechada,",",01705,",","Guisantes, secos",","
"QCL,",Cultivos y productos de ganadería,",",032,",",Argentina,",",5412,",",Rendimiento,",",01705,",","Guisantes, secos",","
"QCL,",Cultivos y productos de ganadería,",",032,",",Argentina,",",5510,",",Producción,",",01705,",","Guisantes, secos",","
"QCL,",Cultivos y productos de ganadería,",",032,",",Argentina,",",5312,",",Área cosechada,",",01705,",","Guisantes, secos",","
"QCL,",Cultivos y productos de ganadería,",",032,",",Argentina,",",5412,",",Rendimiento,",",01705,",","Guisantes, secos",","
"QCL,",Cultivos y productos de ganadería,",",032,",",Argentina,",",5510,",",Producción,",",01705,",","Guisantes, secos",","
"QCL,",Cultivos y productos de ganadería,",",032,",",Argentina,",",5312,",",Área cosechada,",",01705,",","Guisantes, secos",","
"QCL,",Cultivos y productos de ganadería,",",032,",",Argentina,",",5412,",",Rendimiento,",",01705,",","Guisantes, secos",","
"QCL,",Cultivos y productos de ganadería,",",032,",",Argentina,",",5510,",",Producción,",",01705,",","Guisantes, secos",","
"QCL,",Cultivos y productos de ganadería,",",032,",",Argentina,",",5312,",",Área cosechada,",",01705,",","Guisantes, secos",","
"QCL,",Cultivos y productos de ganadería,",",032,",",Argentina,",",5412,",",Rendimiento,",",01705,",","Guisantes, secos",","
"QCL,",Cultivos y productos de ganadería,",",032,",",Argentina,",",5510,",",Producción,",",01705,",","Guisantes, secos",","
"QCL,",Cultivos y productos de ganadería,",",032,",",Argentina,",",5312,",",Área cosechada,",",01705,",","Guisantes, secos",","
"QCL,",Cultivos y productos de ganadería,",",032,",",Argentina,",",5412,",",Rendimiento,",",01705,",","Guisantes, secos",","
"QCL,",Cultivos y productos de ganadería,",",032,",",Argentina,",",5510,",",Producción,",",01705,",","Guisantes, secos",","
"QCL,",Cultivos y productos de ganadería,",",032,",",Argentina,",",5312,",",Área cosechada,",",01705,",","Guisantes, secos",","
"QCL,",Cultivos y productos de ganadería,",",032,",",Argentina,",",5412,",",Rendimiento,",",01705,",","Guisantes, secos",","
"QCL,",Cultivos y productos de ganadería,",",032,",",Argentina,",",5510,",",Producción,",",01705,",","Guisantes, secos",","
"QCL,",Cultivos y productos de ganadería,",",032,",",Argentina,",",5312,",",Área cosechada,",",01705,",","Guisantes, secos",","
"QCL,",Cultivos y productos de ganadería,",",032,",",Argentina,",",5412,",",Rendimiento,",",01705,",","Guisantes, secos",","
"QCL,",Cultivos y productos de ganadería,",",032,",",Argentina,",",5510,",",Producción,",",01705,",","Guisantes, secos",","
"QCL,",Cultivos y productos de ganadería,",",032,",",Argentina,",",5312,",",Área cosechada,",",01705,",","Guisantes, secos",","
"QCL,",Cultivos y productos de ganadería,",",032,",",Argentina,",",5412,",",Rendimiento,",",01705,",","Guisantes, secos",","
"QCL,",Cultivos y productos de ganadería,",",032,",",Argentina,",",5510,",",Producción,",",01705,",","Guisantes, secos",","
"QCL,",Cultivos y productos de ganadería,",",032,",",Argentina,",",5312,",",Área cosechada,",",01705,",","Guisantes, secos",","
"QCL,",Cultivos y productos de ganadería,",",032,",",Argentina,",",5412,",",Rendimiento,",",01705,",","Guisantes, secos",","
"QCL,",Cultivos y productos de ganadería,",",032,",",Argentina,",",5510,",",Producción,",",01705,",","Guisantes, secos",","
"QCL,",Cultivos y productos de ganadería,",",032,",",Argentina,",",5312,",",Área cosechada,",",01705,",","Guisantes, secos",","
"QCL,",Cultivos y productos de ganadería,",",032,",",Argentina,",",5412,",",Rendimiento,",",01705,",","Guisantes, secos",","
"QCL,",Cultivos y productos de ganadería,",",032,",",Argentina,",",5510,",",Producción,",",01705,",","Guisantes, secos",","
"QCL,",Cultivos y productos de ganadería,",",032,",",Argentina,",",5312,",",Área cosechada,",",01705,",","Guisantes, secos",","
"QCL,",Cultivos y productos de ganadería,",",032,",",Argentina,",",5412,",",Rendimiento,",",01705,",","Guisantes, secos",","
"QCL,",Cultivos y productos de ganadería,",",032,",",Argentina,",",5510,",",Producción,",",01705,",","Guisantes, secos",","
"QCL,",Cultivos y productos de ganadería,",",032,",",Argentina,",",5312,",",Área cosechada,",",01705,",","Guisantes, secos",","
"QCL,",Cultivos y productos de ganadería,",",032,",",Argentina,",",5412,",",Rendimiento,",",01705,",","Guisantes, secos",","
"QCL,",Cultivos y productos de ganadería,",",032,",",Argentina,",",5510,",",Producción,",",01705,",","Guisantes, secos",","
"QCL,",Cultivos y productos de ganadería,",",032,",",Argentina,",",5312,",",Área cosechada,",",01242,",","Guisantes, verdes",","
"QCL,",Cultivos y productos de ganadería,",",032,",",Argentina,",",5412,",",Rendimiento,",",01242,",","Guisantes, verdes",","
"QCL,",Cultivos y productos de ganadería,",",032,",",Argentina,",",5510,",",Producción,",",01242,",","Guisantes, verdes",","
"QCL,",Cultivos y productos de ganadería,",",032,",",Argentina,",",5312,",",Área cosechada,",",01242,",","Guisantes, verdes",","
"QCL,",Cultivos y productos de ganadería,",",032,",",Argentina,",",5412,",",Rendimiento,",",01242,",","Guisantes, verdes",","
"QCL,",Cultivos y productos de ganadería,",",032,",",Argentina,",",5510,",",Producción,",",01242,",","Guisantes, verdes",","
"QCL,",Cultivos y productos de ganadería,",",032,",",Argentina,",",5312,",",Área cosechada,",",01242,",","Guisantes, verdes",","
"QCL,",Cultivos y productos de ganadería,",",032,",",Argentina,",",5412,",",Rendimiento,",",01242,",","Guisantes, verdes",","
"QCL,",Cultivos y productos de ganadería,",",032,",",Argentina,",",5510,",",Producción,",",01242,",","Guisantes, verdes",","
"QCL,",Cultivos y productos de ganadería,",",032,",",Argentina,",",5312,",",Área cosechada,",",01242,",","Guisantes, verdes",","
"QCL,",Cultivos y productos de ganadería,",",032,",",Argentina,",",5412,",",Rendimiento,",",01242,",","Guisantes, verdes",","
"QCL,",Cultivos y productos de ganadería,",",032,",",Argentina,",",5510,",",Producción,",",01242,",","Guisantes, verdes",","
"QCL,",Cultivos y productos de ganadería,",",032,",",Argentina,",",5312,",",Área cosechada,",",01242,",","Guisantes, verdes",","
"QCL,",Cultivos y productos de ganadería,",",032,",",Argentina,",",5412,",",Rendimiento,",",01242,",","Guisantes, verdes",","
"QCL,",Cultivos y productos de ganadería,",",032,",",Argentina,",",5510,",",Producción,",",01242,",","Guisantes, verdes",","
"QCL,",Cultivos y productos de ganadería,",",032,",",Argentina,",",5312,",",Área cosechada,",",01242,",","Guisantes, verdes",","
"QCL,",Cultivos y productos de ganadería,",",032,",",Argentina,",",5412,",",Rendimiento,",",01242,",","Guisantes, verdes",","
"QCL,",Cultivos y productos de ganadería,",",032,",",Argentina,",",5510,",",Producción,",",01242,",","Guisantes, verdes",","
"QCL,",Cultivos y productos de ganadería,",",032,",",Argentina,",",5312,",",Área cosechada,",",01242,",","Guisantes, verdes",","
"QCL,",Cultivos y productos de ganadería,",",032,",",Argentina,",",5412,",",Rendimiento,",",01242,",","Guisantes, verdes",","
"QCL,",Cultivos y productos de ganadería,",",032,",",Argentina,",",5510,",",Producción,",",01242,",","Guisantes, verdes",","
"QCL,",Cultivos y productos de ganadería,",",032,",",Argentina,",",5312,",",Área cosechada,",",01242,",","Guisantes, verdes",","
"QCL,",Cultivos y productos de ganadería,",",032,",",Argentina,",",5412,",",Rendimiento,",",01242,",","Guisantes, verdes",","
"QCL,",Cultivos y productos de ganadería,",",032,",",Argentina,",",5510,",",Producción,",",01242,",","Guisantes, verdes",","
"QCL,",Cultivos y productos de ganadería,",",032,",",Argentina,",",5312,",",Área cosechada,",",01242,",","Guisantes, verdes",","
"QCL,",Cultivos y productos de ganadería,",",032,",",Argentina,",",5412,",",Rendimiento,",",01242,",","Guisantes, verdes",","
"QCL,",Cultivos y productos de ganadería,",",032,",",Argentina,",",5510,",",Producción,",",01242,",","Guisantes, verdes",","
"QCL,",Cultivos y productos de ganadería,",",032,",",Argentina,",",5312,",",Área cosechada,",",01242,",","Guisantes, verdes",","
"QCL,",Cultivos y productos de ganadería,",",032,",",Argentina,",",5412,",",Rendimiento,",",01242,",","Guisantes, verdes",","
"QCL,",Cultivos y productos de ganadería,",",032,",",Argentina,",",5510,",",Producción,",",01242,",","Guisantes, verdes",","
"QCL,",Cultivos y productos de ganadería,",",032,",",Argentina,",",5312,",",Área cosechada,",",01242,",","Guisantes, verdes",","
"QCL,",Cultivos y productos de ganadería,",",032,",",Argentina,",",5412,",",Rendimiento,",",01242,",","Guisantes, verdes",","
"QCL,",Cultivos y productos de ganadería,",",032,",",Argentina,",",5510,",",Producción,",",01242,",","Guisantes, verdes",","
"QCL,",Cultivos y productos de ganadería,",",032,",",Argentina,",",5312,",",Área cosechada,",",01242,",","Guisantes, verdes",","
"QCL,",Cultivos y productos de ganadería,",",032,",",Argentina,",",5412,",",Rendimiento,",",01242,",","Guisantes, verdes",","
"QCL,",Cultivos y productos de ganadería,",",032,",",Argentina,",",5510,",",Producción,",",01242,",","Guisantes, verdes",","
"QCL,",Cultivos y productos de ganadería,",",032,",",Argentina,",",5312,",",Área cosechada,",",01242,",","Guisantes, verdes",","
"QCL,",Cultivos y productos de ganadería,",",032,",",Argentina,",",5412,",",Rendimiento,",",01242,",","Guisantes, verdes",","
"QCL,",Cultivos y productos de ganadería,",",032,",",Argentina,",",5510,",",Producción,",",01242,",","Guisantes, verdes",","
"QCL,",Cultivos y productos de ganadería,",",032,",",Argentina,",",5312,",",Área cosechada,",",01242,",","Guisantes, verdes",","
"QCL,",Cultivos y productos de ganadería,",",032,",",Argentina,",",5412,",",Rendimiento,",",01242,",","Guisantes, verdes",","
"QCL,",Cultivos y productos de ganadería,",",032,",",Argentina,",",5510,",",Producción,",",01242,",","Guisantes, verdes",","
"QCL,",Cultivos y productos de ganadería,",",032,",",Argentina,",",5312,",",Área cosechada,",",01242,",","Guisantes, verdes",","
"QCL,",Cultivos y productos de ganadería,",",032,",",Argentina,",",5412,",",Rendimiento,",",01242,",","Guisantes, verdes",","
"QCL,",Cultivos y productos de ganadería,",",032,",",Argentina,",",5510,",",Producción,",",01242,",","Guisantes, verdes",","
"QCL,",Cultivos y productos de ganadería,",",032,",",Argentina,",",5312,",",Área cosechada,",",01702,",","Habas y haba caballar, secas",","
"QCL,",Cultivos y productos de ganadería,",",032,",",Argentina,",",5412,",",Rendimiento,",",01702,",","Habas y haba caballar, secas",","
"QCL,",Cultivos y productos de ganadería,",",032,",",Argentina,",",5510,",",Producción,",",01702,",","Habas y haba caballar, secas",","
"QCL,",Cultivos y productos de ganadería,",",032,",",Argentina,",",5312,",",Área cosechada,",",01702,",","Habas y haba caballar, secas",","
"QCL,",Cultivos y productos de ganadería,",",032,",",Argentina,",",5412,",",Rendimiento,",",01702,",","Habas y haba caballar, secas",","
"QCL,",Cultivos y productos de ganadería,",",032,",",Argentina,",",5510,",",Producción,",",01702,",","Habas y haba caballar, secas",","
"QCL,",Cultivos y productos de ganadería,",",032,",",Argentina,",",5312,",",Área cosechada,",",01702,",","Habas y haba caballar, secas",","
"QCL,",Cultivos y productos de ganadería,",",032,",",Argentina,",",5412,",",Rendimiento,",",01702,",","Habas y haba caballar, secas",","
"QCL,",Cultivos y productos de ganadería,",",032,",",Argentina,",",5510,",",Producción,",",01702,",","Habas y haba caballar, secas",","
"QCL,",Cultivos y productos de ganadería,",",032,",",Argentina,",",5312,",",Área cosechada,",",01702,",","Habas y haba caballar, secas",","
"QCL,",Cultivos y productos de ganadería,",",032,",",Argentina,",",5412,",",Rendimiento,",",01702,",","Habas y haba caballar, secas",","
"QCL,",Cultivos y productos de ganadería,",",032,",",Argentina,",",5510,",",Producción,",",01702,",","Habas y haba caballar, secas",","
"QCL,",Cultivos y productos de ganadería,",",032,",",Argentina,",",5312,",",Área cosechada,",",01702,",","Habas y haba caballar, secas",","
"QCL,",Cultivos y productos de ganadería,",",032,",",Argentina,",",5412,",",Rendimiento,",",01702,",","Habas y haba caballar, secas",","
"QCL,",Cultivos y productos de ganadería,",",032,",",Argentina,",",5510,",",Producción,",",01702,",","Habas y haba caballar, secas",","
"QCL,",Cultivos y productos de ganadería,",",032,",",Argentina,",",5312,",",Área cosechada,",",01702,",","Habas y haba caballar, secas",","
"QCL,",Cultivos y productos de ganadería,",",032,",",Argentina,",",5412,",",Rendimiento,",",01702,",","Habas y haba caballar, secas",","
"QCL,",Cultivos y productos de ganadería,",",032,",",Argentina,",",5510,",",Producción,",",01702,",","Habas y haba caballar, secas",","
"QCL,",Cultivos y productos de ganadería,",",032,",",Argentina,",",5312,",",Área cosechada,",",01702,",","Habas y haba caballar, secas",","
"QCL,",Cultivos y productos de ganadería,",",032,",",Argentina,",",5412,",",Rendimiento,",",01702,",","Habas y haba caballar, secas",","
"QCL,",Cultivos y productos de ganadería,",",032,",",Argentina,",",5510,",",Producción,",",01702,",","Habas y haba caballar, secas",","
"QCL,",Cultivos y productos de ganadería,",",032,",",Argentina,",",5312,",",Área cosechada,",",01702,",","Habas y haba caballar, secas",","
"QCL,",Cultivos y productos de ganadería,",",032,",",Argentina,",",5412,",",Rendimiento,",",01702,",","Habas y haba caballar, secas",","
"QCL,",Cultivos y productos de ganadería,",",032,",",Argentina,",",5510,",",Producción,",",01702,",","Habas y haba caballar, secas",","
"QCL,",Cultivos y productos de ganadería,",",032,",",Argentina,",",5312,",",Área cosechada,",",01702,",","Habas y haba caballar, secas",","
"QCL,",Cultivos y productos de ganadería,",",032,",",Argentina,",",5412,",",Rendimiento,",",01702,",","Habas y haba caballar, secas",","
"QCL,",Cultivos y productos de ganadería,",",032,",",Argentina,",",5510,",",Producción,",",01702,",","Habas y haba caballar, secas",","
"QCL,",Cultivos y productos de ganadería,",",032,",",Argentina,",",5312,",",Área cosechada,",",01702,",","Habas y haba caballar, secas",","
"QCL,",Cultivos y productos de ganadería,",",032,",",Argentina,",",5412,",",Rendimiento,",",01702,",","Habas y haba caballar, secas",","
"QCL,",Cultivos y productos de ganadería,",",032,",",Argentina,",",5510,",",Producción,",",01702,",","Habas y haba caballar, secas",","
"QCL,",Cultivos y productos de ganadería,",",032,",",Argentina,",",5312,",",Área cosechada,",",01702,",","Habas y haba caballar, secas",","
"QCL,",Cultivos y productos de ganadería,",",032,",",Argentina,",",5412,",",Rendimiento,",",01702,",","Habas y haba caballar, secas",","
"QCL,",Cultivos y productos de ganadería,",",032,",",Argentina,",",5510,",",Producción,",",01702,",","Habas y haba caballar, secas",","
"QCL,",Cultivos y productos de ganadería,",",032,",",Argentina,",",5312,",",Área cosechada,",",01702,",","Habas y haba caballar, secas",","
"QCL,",Cultivos y productos de ganadería,",",032,",",Argentina,",",5412,",",Rendimiento,",",01702,",","Habas y haba caballar, secas",","
"QCL,",Cultivos y productos de ganadería,",",032,",",Argentina,",",5510,",",Producción,",",01702,",","Habas y haba caballar, secas",","
"QCL,",Cultivos y productos de ganadería,",",032,",",Argentina,",",5312,",",Área cosechada,",",01702,",","Habas y haba caballar, secas",","
"QCL,",Cultivos y productos de ganadería,",",032,",",Argentina,",",5412,",",Rendimiento,",",01702,",","Habas y haba caballar, secas",","
"QCL,",Cultivos y productos de ganadería,",",032,",",Argentina,",",5510,",",Producción,",",01702,",","Habas y haba caballar, secas",","
"QCL,",Cultivos y productos de ganadería,",",032,",",Argentina,",",5312,",",Área cosechada,",",01702,",","Habas y haba caballar, secas",","
"QCL,",Cultivos y productos de ganadería,",",032,",",Argentina,",",5412,",",Rendimiento,",",01702,",","Habas y haba caballar, secas",","
"QCL,",Cultivos y productos de ganadería,",",032,",",Argentina,",",5510,",",Producción,",",01702,",","Habas y haba caballar, secas",","
"QCL,",Cultivos y productos de ganadería,",",032,",",Argentina,",",5312,",",Área cosechada,",",01702,",","Habas y haba caballar, secas",","
"QCL,",Cultivos y productos de ganadería,",",032,",",Argentina,",",5412,",",Rendimiento,",",01702,",","Habas y haba caballar, secas",","
"QCL,",Cultivos y productos de ganadería,",",032,",",Argentina,",",5510,",",Producción,",",01702,",","Habas y haba caballar, secas",","
"QCL,",Cultivos y productos de ganadería,",",032,",",Argentina,",",5312,",",Área cosechada,",",01315,",",Higos,","
"QCL,",Cultivos y productos de ganadería,",",032,",",Argentina,",",5412,",",Rendimiento,",",01315,",",Higos,","
"QCL,",Cultivos y productos de ganadería,",",032,",",Argentina,",",5510,",",Producción,",",01315,",",Higos,","
"QCL,",Cultivos y productos de ganadería,",",032,",",Argentina,",",5312,",",Área cosechada,",",01315,",",Higos,","
"QCL,",Cultivos y productos de ganadería,",",032,",",Argentina,",",5412,",",Rendimiento,",",01315,",",Higos,","
"QCL,",Cultivos y productos de ganadería,",",032,",",Argentina,",",5510,",",Producción,",",01315,",",Higos,","
"QCL,",Cultivos y productos de ganadería,",",032,",",Argentina,",",5312,",",Área cosechada,",",01315,",",Higos,","
"QCL,",Cultivos y productos de ganadería,",",032,",",Argentina,",",5412,",",Rendimiento,",",01315,",",Higos,","
"QCL,",Cultivos y productos de ganadería,",",032,",",Argentina,",",5510,",",Producción,",",01315,",",Higos,","
"QCL,",Cultivos y productos de ganadería,",",032,",",Argentina,",",5312,",",Área cosechada,",",01315,",",Higos,","
"QCL,",Cultivos y productos de ganadería,",",032,",",Argentina,",",5412,",",Rendimiento,",",01315,",",Higos,","
"QCL,",Cultivos y productos de ganadería,",",032,",",Argentina,",",5510,",",Producción,",",01315,",",Higos,","
"QCL,",Cultivos y productos de ganadería,",",032,",",Argentina,",",5312,",",Área cosechada,",",01315,",",Higos,","
"QCL,",Cultivos y productos de ganadería,",",032,",",Argentina,",",5412,",",Rendimiento,",",01315,",",Higos,","
"QCL,",Cultivos y productos de ganadería,",",032,",",Argentina,",",5510,",",Producción,",",01315,",",Higos,","
"QCL,",Cultivos y productos de ganadería,",",032,",",Argentina,",",5312,",",Área cosechada,",",01315,",",Higos,","
"QCL,",Cultivos y productos de ganadería,",",032,",",Argentina,",",5412,",",Rendimiento,",",01315,",",Higos,","
"QCL,",Cultivos y productos de ganadería,",",032,",",Argentina,",",5510,",",Producción,",",01315,",",Higos,","
"QCL,",Cultivos y productos de ganadería,",",032,",",Argentina,",",5312,",",Área cosechada,",",01315,",",Higos,","
"QCL,",Cultivos y productos de ganadería,",",032,",",Argentina,",",5412,",",Rendimiento,",",01315,",",Higos,","
"QCL,",Cultivos y productos de ganadería,",",032,",",Argentina,",",5510,",",Producción,",",01315,",",Higos,","
"QCL,",Cultivos y productos de ganadería,",",032,",",Argentina,",",5312,",",Área cosechada,",",01315,",",Higos,","
"QCL,",Cultivos y productos de ganadería,",",032,",",Argentina,",",5412,",",Rendimiento,",",01315,",",Higos,","
"QCL,",Cultivos y productos de ganadería,",",032,",",Argentina,",",5510,",",Producción,",",01315,",",Higos,","
"QCL,",Cultivos y productos de ganadería,",",032,",",Argentina,",",5312,",",Área cosechada,",",01315,",",Higos,","
"QCL,",Cultivos y productos de ganadería,",",032,",",Argentina,",",5412,",",Rendimiento,",",01315,",",Higos,","
"QCL,",Cultivos y productos de ganadería,",",032,",",Argentina,",",5510,",",Producción,",",01315,",",Higos,","
"QCL,",Cultivos y productos de ganadería,",",032,",",Argentina,",",5312,",",Área cosechada,",",01315,",",Higos,","
"QCL,",Cultivos y productos de ganadería,",",032,",",Argentina,",",5412,",",Rendimiento,",",01315,",",Higos,","
"QCL,",Cultivos y productos de ganadería,",",032,",",Argentina,",",5510,",",Producción,",",01315,",",Higos,","
"QCL,",Cultivos y productos de ganadería,",",032,",",Argentina,",",5312,",",Área cosechada,",",01315,",",Higos,","
"QCL,",Cultivos y productos de ganadería,",",032,",",Argentina,",",5412,",",Rendimiento,",",01315,",",Higos,","
"QCL,",Cultivos y productos de ganadería,",",032,",",Argentina,",",5510,",",Producción,",",01315,",",Higos,","
"QCL,",Cultivos y productos de ganadería,",",032,",",Argentina,",",5312,",",Área cosechada,",",01315,",",Higos,","
"QCL,",Cultivos y productos de ganadería,",",032,",",Argentina,",",5412,",",Rendimiento,",",01315,",",Higos,","
"QCL,",Cultivos y productos de ganadería,",",032,",",Argentina,",",5510,",",Producción,",",01315,",",Higos,","
"QCL,",Cultivos y productos de ganadería,",",032,",",Argentina,",",5312,",",Área cosechada,",",01315,",",Higos,","
"QCL,",Cultivos y productos de ganadería,",",032,",",Argentina,",",5412,",",Rendimiento,",",01315,",",Higos,","
"QCL,",Cultivos y productos de ganadería,",",032,",",Argentina,",",5510,",",Producción,",",01315,",",Higos,","
"QCL,",Cultivos y productos de ganadería,",",032,",",Argentina,",",5312,",",Área cosechada,",",01315,",",Higos,","
"QCL,",Cultivos y productos de ganadería,",",032,",",Argentina,",",5412,",",Rendimiento,",",01315,",",Higos,","
"QCL,",Cultivos y productos de ganadería,",",032,",",Argentina,",",5510,",",Producción,",",01315,",",Higos,","
"QCL,",Cultivos y productos de ganadería,",",032,",",Argentina,",",5312,",",Área cosechada,",",01315,",",Higos,","
"QCL,",Cultivos y productos de ganadería,",",032,",",Argentina,",",5412,",",Rendimiento,",",01315,",",Higos,","
"QCL,",Cultivos y productos de ganadería,",",032,",",Argentina,",",5510,",",Producción,",",01315,",",Higos,","
"QCL,",Cultivos y productos de ganadería,",",032,",",Argentina,",",5312,",",Área cosechada,",",01620,",",Hojas de té,","
"QCL,",Cultivos y productos de ganadería,",",032,",",Argentina,",",5412,",",Rendimiento,",",01620,",",Hojas de té,","
"QCL,",Cultivos y productos de ganadería,",",032,",",Argentina,",",5510,",",Producción,",",01620,",",Hojas de té,","
"QCL,",Cultivos y productos de ganadería,",",032,",",Argentina,",",5312,",",Área cosechada,",",01620,",",Hojas de té,","
"QCL,",Cultivos y productos de ganadería,",",032,",",Argentina,",",5412,",",Rendimiento,",",01620,",",Hojas de té,","
"QCL,",Cultivos y productos de ganadería,",",032,",",Argentina,",",5510,",",Producción,",",01620,",",Hojas de té,","
"QCL,",Cultivos y productos de ganadería,",",032,",",Argentina,",",5312,",",Área cosechada,",",01620,",",Hojas de té,","
"QCL,",Cultivos y productos de ganadería,",",032,",",Argentina,",",5412,",",Rendimiento,",",01620,",",Hojas de té,","
"QCL,",Cultivos y productos de ganadería,",",032,",",Argentina,",",5510,",",Producción,",",01620,",",Hojas de té,","
"QCL,",Cultivos y productos de ganadería,",",032,",",Argentina,",",5312,",",Área cosechada,",",01620,",",Hojas de té,","
"QCL,",Cultivos y productos de ganadería,",",032,",",Argentina,",",5412,",",Rendimiento,",",01620,",",Hojas de té,","
"QCL,",Cultivos y productos de ganadería,",",032,",",Argentina,",",5510,",",Producción,",",01620,",",Hojas de té,","
"QCL,",Cultivos y productos de ganadería,",",032,",",Argentina,",",5312,",",Área cosechada,",",01620,",",Hojas de té,","
"QCL,",Cultivos y productos de ganadería,",",032,",",Argentina,",",5412,",",Rendimiento,",",01620,",",Hojas de té,","
"QCL,",Cultivos y productos de ganadería,",",032,",",Argentina,",",5510,",",Producción,",",01620,",",Hojas de té,","
"QCL,",Cultivos y productos de ganadería,",",032,",",Argentina,",",5312,",",Área cosechada,",",01620,",",Hojas de té,","
"QCL,",Cultivos y productos de ganadería,",",032,",",Argentina,",",5412,",",Rendimiento,",",01620,",",Hojas de té,","
"QCL,",Cultivos y productos de ganadería,",",032,",",Argentina,",",5510,",",Producción,",",01620,",",Hojas de té,","
"QCL,",Cultivos y productos de ganadería,",",032,",",Argentina,",",5312,",",Área cosechada,",",01620,",",Hojas de té,","
"QCL,",Cultivos y productos de ganadería,",",032,",",Argentina,",",5412,",",Rendimiento,",",01620,",",Hojas de té,","
"QCL,",Cultivos y productos de ganadería,",",032,",",Argentina,",",5510,",",Producción,",",01620,",",Hojas de té,","
"QCL,",Cultivos y productos de ganadería,",",032,",",Argentina,",",5312,",",Área cosechada,",",01620,",",Hojas de té,","
"QCL,",Cultivos y productos de ganadería,",",032,",",Argentina,",",5412,",",Rendimiento,",",01620,",",Hojas de té,","
"QCL,",Cultivos y productos de ganadería,",",032,",",Argentina,",",5510,",",Producción,",",01620,",",Hojas de té,","
"QCL,",Cultivos y productos de ganadería,",",032,",",Argentina,",",5312,",",Área cosechada,",",01620,",",Hojas de té,","
"QCL,",Cultivos y productos de ganadería,",",032,",",Argentina,",",5412,",",Rendimiento,",",01620,",",Hojas de té,","
"QCL,",Cultivos y productos de ganadería,",",032,",",Argentina,",",5510,",",Producción,",",01620,",",Hojas de té,","
"QCL,",Cultivos y productos de ganadería,",",032,",",Argentina,",",5312,",",Área cosechada,",",01620,",",Hojas de té,","
"QCL,",Cultivos y productos de ganadería,",",032,",",Argentina,",",5412,",",Rendimiento,",",01620,",",Hojas de té,","
"QCL,",Cultivos y productos de ganadería,",",032,",",Argentina,",",5510,",",Producción,",",01620,",",Hojas de té,","
"QCL,",Cultivos y productos de ganadería,",",032,",",Argentina,",",5312,",",Área cosechada,",",01620,",",Hojas de té,","
"QCL,",Cultivos y productos de ganadería,",",032,",",Argentina,",",5412,",",Rendimiento,",",01620,",",Hojas de té,","
"QCL,",Cultivos y productos de ganadería,",",032,",",Argentina,",",5510,",",Producción,",",01620,",",Hojas de té,","
"QCL,",Cultivos y productos de ganadería,",",032,",",Argentina,",",5312,",",Área cosechada,",",01620,",",Hojas de té,","
"QCL,",Cultivos y productos de ganadería,",",032,",",Argentina,",",5412,",",Rendimiento,",",01620,",",Hojas de té,","
"QCL,",Cultivos y productos de ganadería,",",032,",",Argentina,",",5510,",",Producción,",",01620,",",Hojas de té,","
"QCL,",Cultivos y productos de ganadería,",",032,",",Argentina,",",5312,",",Área cosechada,",",01620,",",Hojas de té,","
"QCL,",Cultivos y productos de ganadería,",",032,",",Argentina,",",5412,",",Rendimiento,",",01620,",",Hojas de té,","
"QCL,",Cultivos y productos de ganadería,",",032,",",Argentina,",",5510,",",Producción,",",01620,",",Hojas de té,","
"QCL,",Cultivos y productos de ganadería,",",032,",",Argentina,",",5312,",",Área cosechada,",",01620,",",Hojas de té,","
"QCL,",Cultivos y productos de ganadería,",",032,",",Argentina,",",5412,",",Rendimiento,",",01620,",",Hojas de té,","
"QCL,",Cultivos y productos de ganadería,",",032,",",Argentina,",",5510,",",Producción,",",01620,",",Hojas de té,","
"QCL,",Cultivos y productos de ganadería,",",032,",",Argentina,",",5312,",",Área cosechada,",",01620,",",Hojas de té,","
"QCL,",Cultivos y productos de ganadería,",",032,",",Argentina,",",5412,",",Rendimiento,",",01620,",",Hojas de té,","
"QCL,",Cultivos y productos de ganadería,",",032,",",Argentina,",",5510,",",Producción,",",01620,",",Hojas de té,","
"QCL,",Cultivos y productos de ganadería,",",032,",",Argentina,",",5312,",",Área cosechada,",",01630,",",Hojas de yerba mate,","
"QCL,",Cultivos y productos de ganadería,",",032,",",Argentina,",",5412,",",Rendimiento,",",01630,",",Hojas de yerba mate,","
"QCL,",Cultivos y productos de ganadería,",",032,",",Argentina,",",5510,",",Producción,",",01630,",",Hojas de yerba mate,","
"QCL,",Cultivos y productos de ganadería,",",032,",",Argentina,",",5312,",",Área cosechada,",",01630,",",Hojas de yerba mate,","
"QCL,",Cultivos y productos de ganadería,",",032,",",Argentina,",",5412,",",Rendimiento,",",01630,",",Hojas de yerba mate,","
"QCL,",Cultivos y productos de ganadería,",",032,",",Argentina,",",5510,",",Producción,",",01630,",",Hojas de yerba mate,","
"QCL,",Cultivos y productos de ganadería,",",032,",",Argentina,",",5312,",",Área cosechada,",",01630,",",Hojas de yerba mate,","
"QCL,",Cultivos y productos de ganadería,",",032,",",Argentina,",",5412,",",Rendimiento,",",01630,",",Hojas de yerba mate,","
"QCL,",Cultivos y productos de ganadería,",",032,",",Argentina,",",5510,",",Producción,",",01630,",",Hojas de yerba mate,","
"QCL,",Cultivos y productos de ganadería,",",032,",",Argentina,",",5312,",",Área cosechada,",",01630,",",Hojas de yerba mate,","
"QCL,",Cultivos y productos de ganadería,",",032,",",Argentina,",",5412,",",Rendimiento,",",01630,",",Hojas de yerba mate,","
"QCL,",Cultivos y productos de ganadería,",",032,",",Argentina,",",5510,",",Producción,",",01630,",",Hojas de yerba mate,","
"QCL,",Cultivos y productos de ganadería,",",032,",",Argentina,",",5312,",",Área cosechada,",",01630,",",Hojas de yerba mate,","
"QCL,",Cultivos y productos de ganadería,",",032,",",Argentina,",",5412,",",Rendimiento,",",01630,",",Hojas de yerba mate,","
"QCL,",Cultivos y productos de ganadería,",",032,",",Argentina,",",5510,",",Producción,",",01630,",",Hojas de yerba mate,","
"QCL,",Cultivos y productos de ganadería,",",032,",",Argentina,",",5312,",",Área cosechada,",",01630,",",Hojas de yerba mate,","
"QCL,",Cultivos y productos de ganadería,",",032,",",Argentina,",",5412,",",Rendimiento,",",01630,",",Hojas de yerba mate,","
"QCL,",Cultivos y productos de ganadería,",",032,",",Argentina,",",5510,",",Producción,",",01630,",",Hojas de yerba mate,","
"QCL,",Cultivos y productos de ganadería,",",032,",",Argentina,",",5312,",",Área cosechada,",",01630,",",Hojas de yerba mate,","
"QCL,",Cultivos y productos de ganadería,",",032,",",Argentina,",",5412,",",Rendimiento,",",01630,",",Hojas de yerba mate,","
"QCL,",Cultivos y productos de ganadería,",",032,",",Argentina,",",5510,",",Producción,",",01630,",",Hojas de yerba mate,","
"QCL,",Cultivos y productos de ganadería,",",032,",",Argentina,",",5312,",",Área cosechada,",",01630,",",Hojas de yerba mate,","
"QCL,",Cultivos y productos de ganadería,",",032,",",Argentina,",",5412,",",Rendimiento,",",01630,",",Hojas de yerba mate,","
"QCL,",Cultivos y productos de ganadería,",",032,",",Argentina,",",5510,",",Producción,",",01630,",",Hojas de yerba mate,","
"QCL,",Cultivos y productos de ganadería,",",032,",",Argentina,",",5312,",",Área cosechada,",",01630,",",Hojas de yerba mate,","
"QCL,",Cultivos y productos de ganadería,",",032,",",Argentina,",",5412,",",Rendimiento,",",01630,",",Hojas de yerba mate,","
"QCL,",Cultivos y productos de ganadería,",",032,",",Argentina,",",5510,",",Producción,",",01630,",",Hojas de yerba mate,","
"QCL,",Cultivos y productos de ganadería,",",032,",",Argentina,",",5312,",",Área cosechada,",",01630,",",Hojas de yerba mate,","
"QCL,",Cultivos y productos de ganadería,",",032,",",Argentina,",",5412,",",Rendimiento,",",01630,",",Hojas de yerba mate,","
"QCL,",Cultivos y productos de ganadería,",",032,",",Argentina,",",5510,",",Producción,",",01630,",",Hojas de yerba mate,","
"QCL,",Cultivos y productos de ganadería,",",032,",",Argentina,",",5312,",",Área cosechada,",",01630,",",Hojas de yerba mate,","
"QCL,",Cultivos y productos de ganadería,",",032,",",Argentina,",",5412,",",Rendimiento,",",01630,",",Hojas de yerba mate,","
"QCL,",Cultivos y productos de ganadería,",",032,",",Argentina,",",5510,",",Producción,",",01630,",",Hojas de yerba mate,","
"QCL,",Cultivos y productos de ganadería,",",032,",",Argentina,",",5312,",",Área cosechada,",",01630,",",Hojas de yerba mate,","
"QCL,",Cultivos y productos de ganadería,",",032,",",Argentina,",",5412,",",Rendimiento,",",01630,",",Hojas de yerba mate,","
"QCL,",Cultivos y productos de ganadería,",",032,",",Argentina,",",5510,",",Producción,",",01630,",",Hojas de yerba mate,","
"QCL,",Cultivos y productos de ganadería,",",032,",",Argentina,",",5312,",",Área cosechada,",",01630,",",Hojas de yerba mate,","
"QCL,",Cultivos y productos de ganadería,",",032,",",Argentina,",",5412,",",Rendimiento,",",01630,",",Hojas de yerba mate,","
"QCL,",Cultivos y productos de ganadería,",",032,",",Argentina,",",5510,",",Producción,",",01630,",",Hojas de yerba mate,","
"QCL,",Cultivos y productos de ganadería,",",032,",",Argentina,",",5312,",",Área cosechada,",",01630,",",Hojas de yerba mate,","
"QCL,",Cultivos y productos de ganadería,",",032,",",Argentina,",",5412,",",Rendimiento,",",01630,",",Hojas de yerba mate,","
"QCL,",Cultivos y productos de ganadería,",",032,",",Argentina,",",5510,",",Producción,",",01630,",",Hojas de yerba mate,","
"QCL,",Cultivos y productos de ganadería,",",032,",",Argentina,",",5312,",",Área cosechada,",",01630,",",Hojas de yerba mate,","
"QCL,",Cultivos y productos de ganadería,",",032,",",Argentina,",",5412,",",Rendimiento,",",01630,",",Hojas de yerba mate,","
"QCL,",Cultivos y productos de ganadería,",",032,",",Argentina,",",5510,",",Producción,",",01630,",",Hojas de yerba mate,","
"QCL,",Cultivos y productos de ganadería,",",032,",",Argentina,",",5312,",",Área cosechada,",",01241.01,",",Judías verdes con hilo,","
"QCL,",Cultivos y productos de ganadería,",",032,",",Argentina,",",5412,",",Rendimiento,",",01241.01,",",Judías verdes con hilo,","
"QCL,",Cultivos y productos de ganadería,",",032,",",Argentina,",",5510,",",Producción,",",01241.01,",",Judías verdes con hilo,","
"QCL,",Cultivos y productos de ganadería,",",032,",",Argentina,",",5312,",",Área cosechada,",",01241.01,",",Judías verdes con hilo,","
"QCL,",Cultivos y productos de ganadería,",",032,",",Argentina,",",5412,",",Rendimiento,",",01241.01,",",Judías verdes con hilo,","
"QCL,",Cultivos y productos de ganadería,",",032,",",Argentina,",",5510,",",Producción,",",01241.01,",",Judías verdes con hilo,","
"QCL,",Cultivos y productos de ganadería,",",032,",",Argentina,",",5312,",",Área cosechada,",",01241.01,",",Judías verdes con hilo,","
"QCL,",Cultivos y productos de ganadería,",",032,",",Argentina,",",5412,",",Rendimiento,",",01241.01,",",Judías verdes con hilo,","
"QCL,",Cultivos y productos de ganadería,",",032,",",Argentina,",",5510,",",Producción,",",01241.01,",",Judías verdes con hilo,","
"QCL,",Cultivos y productos de ganadería,",",032,",",Argentina,",",5312,",",Área cosechada,",",01241.01,",",Judías verdes con hilo,","
"QCL,",Cultivos y productos de ganadería,",",032,",",Argentina,",",5412,",",Rendimiento,",",01241.01,",",Judías verdes con hilo,","
"QCL,",Cultivos y productos de ganadería,",",032,",",Argentina,",",5510,",",Producción,",",01241.01,",",Judías verdes con hilo,","
"QCL,",Cultivos y productos de ganadería,",",032,",",Argentina,",",5312,",",Área cosechada,",",01241.01,",",Judías verdes con hilo,","
"QCL,",Cultivos y productos de ganadería,",",032,",",Argentina,",",5412,",",Rendimiento,",",01241.01,",",Judías verdes con hilo,","
"QCL,",Cultivos y productos de ganadería,",",032,",",Argentina,",",5510,",",Producción,",",01241.01,",",Judías verdes con hilo,","
"QCL,",Cultivos y productos de ganadería,",",032,",",Argentina,",",5312,",",Área cosechada,",",01241.01,",",Judías verdes con hilo,","
"QCL,",Cultivos y productos de ganadería,",",032,",",Argentina,",",5412,",",Rendimiento,",",01241.01,",",Judías verdes con hilo,","
"QCL,",Cultivos y productos de ganadería,",",032,",",Argentina,",",5510,",",Producción,",",01241.01,",",Judías verdes con hilo,","
"QCL,",Cultivos y productos de ganadería,",",032,",",Argentina,",",5312,",",Área cosechada,",",01241.01,",",Judías verdes con hilo,","
"QCL,",Cultivos y productos de ganadería,",",032,",",Argentina,",",5412,",",Rendimiento,",",01241.01,",",Judías verdes con hilo,","
"QCL,",Cultivos y productos de ganadería,",",032,",",Argentina,",",5510,",",Producción,",",01241.01,",",Judías verdes con hilo,","
"QCL,",Cultivos y productos de ganadería,",",032,",",Argentina,",",5312,",",Área cosechada,",",01241.01,",",Judías verdes con hilo,","
"QCL,",Cultivos y productos de ganadería,",",032,",",Argentina,",",5412,",",Rendimiento,",",01241.01,",",Judías verdes con hilo,","
"QCL,",Cultivos y productos de ganadería,",",032,",",Argentina,",",5510,",",Producción,",",01241.01,",",Judías verdes con hilo,","
"QCL,",Cultivos y productos de ganadería,",",032,",",Argentina,",",5312,",",Área cosechada,",",01241.01,",",Judías verdes con hilo,","
"QCL,",Cultivos y productos de ganadería,",",032,",",Argentina,",",5412,",",Rendimiento,",",01241.01,",",Judías verdes con hilo,","
"QCL,",Cultivos y productos de ganadería,",",032,",",Argentina,",",5510,",",Producción,",",01241.01,",",Judías verdes con hilo,","
"QCL,",Cultivos y productos de ganadería,",",032,",",Argentina,",",5312,",",Área cosechada,",",01241.01,",",Judías verdes con hilo,","
"QCL,",Cultivos y productos de ganadería,",",032,",",Argentina,",",5412,",",Rendimiento,",",01241.01,",",Judías verdes con hilo,","
"QCL,",Cultivos y productos de ganadería,",",032,",",Argentina,",",5510,",",Producción,",",01241.01,",",Judías verdes con hilo,","
"QCL,",Cultivos y productos de ganadería,",",032,",",Argentina,",",5312,",",Área cosechada,",",01241.01,",",Judías verdes con hilo,","
"QCL,",Cultivos y productos de ganadería,",",032,",",Argentina,",",5412,",",Rendimiento,",",01241.01,",",Judías verdes con hilo,","
"QCL,",Cultivos y productos de ganadería,",",032,",",Argentina,",",5510,",",Producción,",",01241.01,",",Judías verdes con hilo,","
"QCL,",Cultivos y productos de ganadería,",",032,",",Argentina,",",5312,",",Área cosechada,",",01241.01,",",Judías verdes con hilo,","
"QCL,",Cultivos y productos de ganadería,",",032,",",Argentina,",",5412,",",Rendimiento,",",01241.01,",",Judías verdes con hilo,","
"QCL,",Cultivos y productos de ganadería,",",032,",",Argentina,",",5510,",",Producción,",",01241.01,",",Judías verdes con hilo,","
"QCL,",Cultivos y productos de ganadería,",",032,",",Argentina,",",5312,",",Área cosechada,",",01241.01,",",Judías verdes con hilo,","
"QCL,",Cultivos y productos de ganadería,",",032,",",Argentina,",",5412,",",Rendimiento,",",01241.01,",",Judías verdes con hilo,","
"QCL,",Cultivos y productos de ganadería,",",032,",",Argentina,",",5510,",",Producción,",",01241.01,",",Judías verdes con hilo,","
"QCL,",Cultivos y productos de ganadería,",",032,",",Argentina,",",5312,",",Área cosechada,",",01241.01,",",Judías verdes con hilo,","
"QCL,",Cultivos y productos de ganadería,",",032,",",Argentina,",",5412,",",Rendimiento,",",01241.01,",",Judías verdes con hilo,","
"QCL,",Cultivos y productos de ganadería,",",032,",",Argentina,",",5510,",",Producción,",",01241.01,",",Judías verdes con hilo,","
"QCL,",Cultivos y productos de ganadería,",",032,",",Argentina,",",5312,",",Área cosechada,",",01241.01,",",Judías verdes con hilo,","
"QCL,",Cultivos y productos de ganadería,",",032,",",Argentina,",",5412,",",Rendimiento,",",01241.01,",",Judías verdes con hilo,","
"QCL,",Cultivos y productos de ganadería,",",032,",",Argentina,",",5510,",",Producción,",",01241.01,",",Judías verdes con hilo,","
"QCL,",Cultivos y productos de ganadería,",",032,",",Argentina,",",5312,",",Área cosechada,",",01704,",",Lentejas secas,","
"QCL,",Cultivos y productos de ganadería,",",032,",",Argentina,",",5412,",",Rendimiento,",",01704,",",Lentejas secas,","
"QCL,",Cultivos y productos de ganadería,",",032,",",Argentina,",",5510,",",Producción,",",01704,",",Lentejas secas,","
"QCL,",Cultivos y productos de ganadería,",",032,",",Argentina,",",5312,",",Área cosechada,",",01704,",",Lentejas secas,","
"QCL,",Cultivos y productos de ganadería,",",032,",",Argentina,",",5412,",",Rendimiento,",",01704,",",Lentejas secas,","
"QCL,",Cultivos y productos de ganadería,",",032,",",Argentina,",",5510,",",Producción,",",01704,",",Lentejas secas,","
"QCL,",Cultivos y productos de ganadería,",",032,",",Argentina,",",5312,",",Área cosechada,",",01704,",",Lentejas secas,","
"QCL,",Cultivos y productos de ganadería,",",032,",",Argentina,",",5412,",",Rendimiento,",",01704,",",Lentejas secas,","
"QCL,",Cultivos y productos de ganadería,",",032,",",Argentina,",",5510,",",Producción,",",01704,",",Lentejas secas,","
"QCL,",Cultivos y productos de ganadería,",",032,",",Argentina,",",5312,",",Área cosechada,",",01704,",",Lentejas secas,","
"QCL,",Cultivos y productos de ganadería,",",032,",",Argentina,",",5412,",",Rendimiento,",",01704,",",Lentejas secas,","
"QCL,",Cultivos y productos de ganadería,",",032,",",Argentina,",",5510,",",Producción,",",01704,",",Lentejas secas,","
"QCL,",Cultivos y productos de ganadería,",",032,",",Argentina,",",5312,",",Área cosechada,",",01704,",",Lentejas secas,","
"QCL,",Cultivos y productos de ganadería,",",032,",",Argentina,",",5412,",",Rendimiento,",",01704,",",Lentejas secas,","
"QCL,",Cultivos y productos de ganadería,",",032,",",Argentina,",",5510,",",Producción,",",01704,",",Lentejas secas,","
"QCL,",Cultivos y productos de ganadería,",",032,",",Argentina,",",5312,",",Área cosechada,",",01704,",",Lentejas secas,","
"QCL,",Cultivos y productos de ganadería,",",032,",",Argentina,",",5412,",",Rendimiento,",",01704,",",Lentejas secas,","
"QCL,",Cultivos y productos de ganadería,",",032,",",Argentina,",",5510,",",Producción,",",01704,",",Lentejas secas,","
"QCL,",Cultivos y productos de ganadería,",",032,",",Argentina,",",5312,",",Área cosechada,",",01704,",",Lentejas secas,","
"QCL,",Cultivos y productos de ganadería,",",032,",",Argentina,",",5412,",",Rendimiento,",",01704,",",Lentejas secas,","
"QCL,",Cultivos y productos de ganadería,",",032,",",Argentina,",",5510,",",Producción,",",01704,",",Lentejas secas,","
"QCL,",Cultivos y productos de ganadería,",",032,",",Argentina,",",5312,",",Área cosechada,",",01704,",",Lentejas secas,","
"QCL,",Cultivos y productos de ganadería,",",032,",",Argentina,",",5412,",",Rendimiento,",",01704,",",Lentejas secas,","
"QCL,",Cultivos y productos de ganadería,",",032,",",Argentina,",",5510,",",Producción,",",01704,",",Lentejas secas,","
"QCL,",Cultivos y productos de ganadería,",",032,",",Argentina,",",5312,",",Área cosechada,",",01704,",",Lentejas secas,","
"QCL,",Cultivos y productos de ganadería,",",032,",",Argentina,",",5412,",",Rendimiento,",",01704,",",Lentejas secas,","
"QCL,",Cultivos y productos de ganadería,",",032,",",Argentina,",",5510,",",Producción,",",01704,",",Lentejas secas,","
"QCL,",Cultivos y productos de ganadería,",",032,",",Argentina,",",5312,",",Área cosechada,",",01704,",",Lentejas secas,","
"QCL,",Cultivos y productos de ganadería,",",032,",",Argentina,",",5412,",",Rendimiento,",",01704,",",Lentejas secas,","
"QCL,",Cultivos y productos de ganadería,",",032,",",Argentina,",",5510,",",Producción,",",01704,",",Lentejas secas,","
"QCL,",Cultivos y productos de ganadería,",",032,",",Argentina,",",5312,",",Área cosechada,",",01704,",",Lentejas secas,","
"QCL,",Cultivos y productos de ganadería,",",032,",",Argentina,",",5412,",",Rendimiento,",",01704,",",Lentejas secas,","
"QCL,",Cultivos y productos de ganadería,",",032,",",Argentina,",",5510,",",Producción,",",01704,",",Lentejas secas,","
"QCL,",Cultivos y productos de ganadería,",",032,",",Argentina,",",5312,",",Área cosechada,",",01704,",",Lentejas secas,","
"QCL,",Cultivos y productos de ganadería,",",032,",",Argentina,",",5412,",",Rendimiento,",",01704,",",Lentejas secas,","
"QCL,",Cultivos y productos de ganadería,",",032,",",Argentina,",",5510,",",Producción,",",01704,",",Lentejas secas,","
"QCL,",Cultivos y productos de ganadería,",",032,",",Argentina,",",5312,",",Área cosechada,",",01704,",",Lentejas secas,","
"QCL,",Cultivos y productos de ganadería,",",032,",",Argentina,",",5412,",",Rendimiento,",",01704,",",Lentejas secas,","
"QCL,",Cultivos y productos de ganadería,",",032,",",Argentina,",",5510,",",Producción,",",01704,",",Lentejas secas,","
"QCL,",Cultivos y productos de ganadería,",",032,",",Argentina,",",5312,",",Área cosechada,",",01704,",",Lentejas secas,","
"QCL,",Cultivos y productos de ganadería,",",032,",",Argentina,",",5412,",",Rendimiento,",",01704,",",Lentejas secas,","
"QCL,",Cultivos y productos de ganadería,",",032,",",Argentina,",",5510,",",Producción,",",01704,",",Lentejas secas,","
"QCL,",Cultivos y productos de ganadería,",",032,",",Argentina,",",5312,",",Área cosechada,",",01704,",",Lentejas secas,","
"QCL,",Cultivos y productos de ganadería,",",032,",",Argentina,",",5412,",",Rendimiento,",",01704,",",Lentejas secas,","
"QCL,",Cultivos y productos de ganadería,",",032,",",Argentina,",",5510,",",Producción,",",01704,",",Lentejas secas,","
"QCL,",Cultivos y productos de ganadería,",",032,",",Argentina,",",5312,",",Área cosechada,",",01322,",",Limones y limas,","
"QCL,",Cultivos y productos de ganadería,",",032,",",Argentina,",",5412,",",Rendimiento,",",01322,",",Limones y limas,","
"QCL,",Cultivos y productos de ganadería,",",032,",",Argentina,",",5510,",",Producción,",",01322,",",Limones y limas,","
"QCL,",Cultivos y productos de ganadería,",",032,",",Argentina,",",5312,",",Área cosechada,",",01322,",",Limones y limas,","
"QCL,",Cultivos y productos de ganadería,",",032,",",Argentina,",",5412,",",Rendimiento,",",01322,",",Limones y limas,","
"QCL,",Cultivos y productos de ganadería,",",032,",",Argentina,",",5510,",",Producción,",",01322,",",Limones y limas,","
"QCL,",Cultivos y productos de ganadería,",",032,",",Argentina,",",5312,",",Área cosechada,",",01322,",",Limones y limas,","
"QCL,",Cultivos y productos de ganadería,",",032,",",Argentina,",",5412,",",Rendimiento,",",01322,",",Limones y limas,","
"QCL,",Cultivos y productos de ganadería,",",032,",",Argentina,",",5510,",",Producción,",",01322,",",Limones y limas,","
"QCL,",Cultivos y productos de ganadería,",",032,",",Argentina,",",5312,",",Área cosechada,",",01322,",",Limones y limas,","
"QCL,",Cultivos y productos de ganadería,",",032,",",Argentina,",",5412,",",Rendimiento,",",01322,",",Limones y limas,","
"QCL,",Cultivos y productos de ganadería,",",032,",",Argentina,",",5510,",",Producción,",",01322,",",Limones y limas,","
"QCL,",Cultivos y productos de ganadería,",",032,",",Argentina,",",5312,",",Área cosechada,",",01322,",",Limones y limas,","
"QCL,",Cultivos y productos de ganadería,",",032,",",Argentina,",",5412,",",Rendimiento,",",01322,",",Limones y limas,","
"QCL,",Cultivos y productos de ganadería,",",032,",",Argentina,",",5510,",",Producción,",",01322,",",Limones y limas,","
"QCL,",Cultivos y productos de ganadería,",",032,",",Argentina,",",5312,",",Área cosechada,",",01322,",",Limones y limas,","
"QCL,",Cultivos y productos de ganadería,",",032,",",Argentina,",",5412,",",Rendimiento,",",01322,",",Limones y limas,","
"QCL,",Cultivos y productos de ganadería,",",032,",",Argentina,",",5510,",",Producción,",",01322,",",Limones y limas,","
"QCL,",Cultivos y productos de ganadería,",",032,",",Argentina,",",5312,",",Área cosechada,",",01322,",",Limones y limas,","
"QCL,",Cultivos y productos de ganadería,",",032,",",Argentina,",",5412,",",Rendimiento,",",01322,",",Limones y limas,","
"QCL,",Cultivos y productos de ganadería,",",032,",",Argentina,",",5510,",",Producción,",",01322,",",Limones y limas,","
"QCL,",Cultivos y productos de ganadería,",",032,",",Argentina,",",5312,",",Área cosechada,",",01322,",",Limones y limas,","
"QCL,",Cultivos y productos de ganadería,",",032,",",Argentina,",",5412,",",Rendimiento,",",01322,",",Limones y limas,","
"QCL,",Cultivos y productos de ganadería,",",032,",",Argentina,",",5510,",",Producción,",",01322,",",Limones y limas,","
"QCL,",Cultivos y productos de ganadería,",",032,",",Argentina,",",5312,",",Área cosechada,",",01322,",",Limones y limas,","
"QCL,",Cultivos y productos de ganadería,",",032,",",Argentina,",",5412,",",Rendimiento,",",01322,",",Limones y limas,","
"QCL,",Cultivos y productos de ganadería,",",032,",",Argentina,",",5510,",",Producción,",",01322,",",Limones y limas,","
"QCL,",Cultivos y productos de ganadería,",",032,",",Argentina,",",5312,",",Área cosechada,",",01322,",",Limones y limas,","
"QCL,",Cultivos y productos de ganadería,",",032,",",Argentina,",",5412,",",Rendimiento,",",01322,",",Limones y limas,","
"QCL,",Cultivos y productos de ganadería,",",032,",",Argentina,",",5510,",",Producción,",",01322,",",Limones y limas,","
"QCL,",Cultivos y productos de ganadería,",",032,",",Argentina,",",5312,",",Área cosechada,",",01322,",",Limones y limas,","
"QCL,",Cultivos y productos de ganadería,",",032,",",Argentina,",",5412,",",Rendimiento,",",01322,",",Limones y limas,","
"QCL,",Cultivos y productos de ganadería,",",032,",",Argentina,",",5510,",",Producción,",",01322,",",Limones y limas,","
"QCL,",Cultivos y productos de ganadería,",",032,",",Argentina,",",5312,",",Área cosechada,",",01322,",",Limones y limas,","
"QCL,",Cultivos y productos de ganadería,",",032,",",Argentina,",",5412,",",Rendimiento,",",01322,",",Limones y limas,","
"QCL,",Cultivos y productos de ganadería,",",032,",",Argentina,",",5510,",",Producción,",",01322,",",Limones y limas,","
"QCL,",Cultivos y productos de ganadería,",",032,",",Argentina,",",5312,",",Área cosechada,",",01322,",",Limones y limas,","
"QCL,",Cultivos y productos de ganadería,",",032,",",Argentina,",",5412,",",Rendimiento,",",01322,",",Limones y limas,","
"QCL,",Cultivos y productos de ganadería,",",032,",",Argentina,",",5510,",",Producción,",",01322,",",Limones y limas,","
"QCL,",Cultivos y productos de ganadería,",",032,",",Argentina,",",5312,",",Área cosechada,",",01322,",",Limones y limas,","
"QCL,",Cultivos y productos de ganadería,",",032,",",Argentina,",",5412,",",Rendimiento,",",01322,",",Limones y limas,","
"QCL,",Cultivos y productos de ganadería,",",032,",",Argentina,",",5510,",",Producción,",",01322,",",Limones y limas,","
"QCL,",Cultivos y productos de ganadería,",",032,",",Argentina,",",5312,",",Área cosechada,",",01322,",",Limones y limas,","
"QCL,",Cultivos y productos de ganadería,",",032,",",Argentina,",",5412,",",Rendimiento,",",01322,",",Limones y limas,","
"QCL,",Cultivos y productos de ganadería,",",032,",",Argentina,",",5510,",",Producción,",",01322,",",Limones y limas,","
"QCL,",Cultivos y productos de ganadería,",",032,",",Argentina,",",5312,",",Área cosechada,",",01441,",",Linaza,","
"QCL,",Cultivos y productos de ganadería,",",032,",",Argentina,",",5412,",",Rendimiento,",",01441,",",Linaza,","
"QCL,",Cultivos y productos de ganadería,",",032,",",Argentina,",",5510,",",Producción,",",01441,",",Linaza,","
"QCL,",Cultivos y productos de ganadería,",",032,",",Argentina,",",5312,",",Área cosechada,",",01441,",",Linaza,","
"QCL,",Cultivos y productos de ganadería,",",032,",",Argentina,",",5412,",",Rendimiento,",",01441,",",Linaza,","
"QCL,",Cultivos y productos de ganadería,",",032,",",Argentina,",",5510,",",Producción,",",01441,",",Linaza,","
"QCL,",Cultivos y productos de ganadería,",",032,",",Argentina,",",5312,",",Área cosechada,",",01441,",",Linaza,","
"QCL,",Cultivos y productos de ganadería,",",032,",",Argentina,",",5412,",",Rendimiento,",",01441,",",Linaza,","
"QCL,",Cultivos y productos de ganadería,",",032,",",Argentina,",",5510,",",Producción,",",01441,",",Linaza,","
"QCL,",Cultivos y productos de ganadería,",",032,",",Argentina,",",5312,",",Área cosechada,",",01441,",",Linaza,","
"QCL,",Cultivos y productos de ganadería,",",032,",",Argentina,",",5412,",",Rendimiento,",",01441,",",Linaza,","
"QCL,",Cultivos y productos de ganadería,",",032,",",Argentina,",",5510,",",Producción,",",01441,",",Linaza,","
"QCL,",Cultivos y productos de ganadería,",",032,",",Argentina,",",5312,",",Área cosechada,",",01441,",",Linaza,","
"QCL,",Cultivos y productos de ganadería,",",032,",",Argentina,",",5412,",",Rendimiento,",",01441,",",Linaza,","
"QCL,",Cultivos y productos de ganadería,",",032,",",Argentina,",",5510,",",Producción,",",01441,",",Linaza,","
"QCL,",Cultivos y productos de ganadería,",",032,",",Argentina,",",5312,",",Área cosechada,",",01441,",",Linaza,","
"QCL,",Cultivos y productos de ganadería,",",032,",",Argentina,",",5412,",",Rendimiento,",",01441,",",Linaza,","
"QCL,",Cultivos y productos de ganadería,",",032,",",Argentina,",",5510,",",Producción,",",01441,",",Linaza,","
"QCL,",Cultivos y productos de ganadería,",",032,",",Argentina,",",5312,",",Área cosechada,",",01441,",",Linaza,","
"QCL,",Cultivos y productos de ganadería,",",032,",",Argentina,",",5412,",",Rendimiento,",",01441,",",Linaza,","
"QCL,",Cultivos y productos de ganadería,",",032,",",Argentina,",",5510,",",Producción,",",01441,",",Linaza,","
"QCL,",Cultivos y productos de ganadería,",",032,",",Argentina,",",5312,",",Área cosechada,",",01441,",",Linaza,","
"QCL,",Cultivos y productos de ganadería,",",032,",",Argentina,",",5412,",",Rendimiento,",",01441,",",Linaza,","
"QCL,",Cultivos y productos de ganadería,",",032,",",Argentina,",",5510,",",Producción,",",01441,",",Linaza,","
"QCL,",Cultivos y productos de ganadería,",",032,",",Argentina,",",5312,",",Área cosechada,",",01441,",",Linaza,","
"QCL,",Cultivos y productos de ganadería,",",032,",",Argentina,",",5412,",",Rendimiento,",",01441,",",Linaza,","
"QCL,",Cultivos y productos de ganadería,",",032,",",Argentina,",",5510,",",Producción,",",01441,",",Linaza,","
"QCL,",Cultivos y productos de ganadería,",",032,",",Argentina,",",5312,",",Área cosechada,",",01441,",",Linaza,","
"QCL,",Cultivos y productos de ganadería,",",032,",",Argentina,",",5412,",",Rendimiento,",",01441,",",Linaza,","
"QCL,",Cultivos y productos de ganadería,",",032,",",Argentina,",",5510,",",Producción,",",01441,",",Linaza,","
"QCL,",Cultivos y productos de ganadería,",",032,",",Argentina,",",5312,",",Área cosechada,",",01441,",",Linaza,","
"QCL,",Cultivos y productos de ganadería,",",032,",",Argentina,",",5412,",",Rendimiento,",",01441,",",Linaza,","
"QCL,",Cultivos y productos de ganadería,",",032,",",Argentina,",",5510,",",Producción,",",01441,",",Linaza,","
"QCL,",Cultivos y productos de ganadería,",",032,",",Argentina,",",5312,",",Área cosechada,",",01441,",",Linaza,","
"QCL,",Cultivos y productos de ganadería,",",032,",",Argentina,",",5412,",",Rendimiento,",",01441,",",Linaza,","
"QCL,",Cultivos y productos de ganadería,",",032,",",Argentina,",",5510,",",Producción,",",01441,",",Linaza,","
"QCL,",Cultivos y productos de ganadería,",",032,",",Argentina,",",5312,",",Área cosechada,",",01441,",",Linaza,","
"QCL,",Cultivos y productos de ganadería,",",032,",",Argentina,",",5412,",",Rendimiento,",",01441,",",Linaza,","
"QCL,",Cultivos y productos de ganadería,",",032,",",Argentina,",",5510,",",Producción,",",01441,",",Linaza,","
"QCL,",Cultivos y productos de ganadería,",",032,",",Argentina,",",5312,",",Área cosechada,",",01441,",",Linaza,","
"QCL,",Cultivos y productos de ganadería,",",032,",",Argentina,",",5412,",",Rendimiento,",",01441,",",Linaza,","
"QCL,",Cultivos y productos de ganadería,",",032,",",Argentina,",",5510,",",Producción,",",01441,",",Linaza,","
"QCL,",Cultivos y productos de ganadería,",",032,",",Argentina,",",5312,",",Área cosechada,",",01441,",",Linaza,","
"QCL,",Cultivos y productos de ganadería,",",032,",",Argentina,",",5412,",",Rendimiento,",",01441,",",Linaza,","
"QCL,",Cultivos y productos de ganadería,",",032,",",Argentina,",",5510,",",Producción,",",01441,",",Linaza,","
"QCL,",Cultivos y productos de ganadería,",",032,",",Argentina,",",5312,",",Área cosechada,",",01929.01,",","Lino, en rama o enriado",","
"QCL,",Cultivos y productos de ganadería,",",032,",",Argentina,",",5412,",",Rendimiento,",",01929.01,",","Lino, en rama o enriado",","
"QCL,",Cultivos y productos de ganadería,",",032,",",Argentina,",",5510,",",Producción,",",01929.01,",","Lino, en rama o enriado",","
"QCL,",Cultivos y productos de ganadería,",",032,",",Argentina,",",5312,",",Área cosechada,",",01929.01,",","Lino, en rama o enriado",","
"QCL,",Cultivos y productos de ganadería,",",032,",",Argentina,",",5412,",",Rendimiento,",",01929.01,",","Lino, en rama o enriado",","
"QCL,",Cultivos y productos de ganadería,",",032,",",Argentina,",",5510,",",Producción,",",01929.01,",","Lino, en rama o enriado",","
"QCL,",Cultivos y productos de ganadería,",",032,",",Argentina,",",5312,",",Área cosechada,",",01929.01,",","Lino, en rama o enriado",","
"QCL,",Cultivos y productos de ganadería,",",032,",",Argentina,",",5412,",",Rendimiento,",",01929.01,",","Lino, en rama o enriado",","
"QCL,",Cultivos y productos de ganadería,",",032,",",Argentina,",",5510,",",Producción,",",01929.01,",","Lino, en rama o enriado",","
"QCL,",Cultivos y productos de ganadería,",",032,",",Argentina,",",5312,",",Área cosechada,",",01929.01,",","Lino, en rama o enriado",","
"QCL,",Cultivos y productos de ganadería,",",032,",",Argentina,",",5412,",",Rendimiento,",",01929.01,",","Lino, en rama o enriado",","
"QCL,",Cultivos y productos de ganadería,",",032,",",Argentina,",",5510,",",Producción,",",01929.01,",","Lino, en rama o enriado",","
"QCL,",Cultivos y productos de ganadería,",",032,",",Argentina,",",5312,",",Área cosechada,",",01929.01,",","Lino, en rama o enriado",","
"QCL,",Cultivos y productos de ganadería,",",032,",",Argentina,",",5412,",",Rendimiento,",",01929.01,",","Lino, en rama o enriado",","
"QCL,",Cultivos y productos de ganadería,",",032,",",Argentina,",",5510,",",Producción,",",01929.01,",","Lino, en rama o enriado",","
"QCL,",Cultivos y productos de ganadería,",",032,",",Argentina,",",5312,",",Área cosechada,",",01929.01,",","Lino, en rama o enriado",","
"QCL,",Cultivos y productos de ganadería,",",032,",",Argentina,",",5412,",",Rendimiento,",",01929.01,",","Lino, en rama o enriado",","
"QCL,",Cultivos y productos de ganadería,",",032,",",Argentina,",",5510,",",Producción,",",01929.01,",","Lino, en rama o enriado",","
"QCL,",Cultivos y productos de ganadería,",",032,",",Argentina,",",5312,",",Área cosechada,",",01929.01,",","Lino, en rama o enriado",","
"QCL,",Cultivos y productos de ganadería,",",032,",",Argentina,",",5412,",",Rendimiento,",",01929.01,",","Lino, en rama o enriado",","
"QCL,",Cultivos y productos de ganadería,",",032,",",Argentina,",",5510,",",Producción,",",01929.01,",","Lino, en rama o enriado",","
"QCL,",Cultivos y productos de ganadería,",",032,",",Argentina,",",5312,",",Área cosechada,",",01929.01,",","Lino, en rama o enriado",","
"QCL,",Cultivos y productos de ganadería,",",032,",",Argentina,",",5412,",",Rendimiento,",",01929.01,",","Lino, en rama o enriado",","
"QCL,",Cultivos y productos de ganadería,",",032,",",Argentina,",",5510,",",Producción,",",01929.01,",","Lino, en rama o enriado",","
"QCL,",Cultivos y productos de ganadería,",",032,",",Argentina,",",5312,",",Área cosechada,",",01929.01,",","Lino, en rama o enriado",","
"QCL,",Cultivos y productos de ganadería,",",032,",",Argentina,",",5412,",",Rendimiento,",",01929.01,",","Lino, en rama o enriado",","
"QCL,",Cultivos y productos de ganadería,",",032,",",Argentina,",",5510,",",Producción,",",01929.01,",","Lino, en rama o enriado",","
"QCL,",Cultivos y productos de ganadería,",",032,",",Argentina,",",5312,",",Área cosechada,",",01929.01,",","Lino, en rama o enriado",","
"QCL,",Cultivos y productos de ganadería,",",032,",",Argentina,",",5412,",",Rendimiento,",",01929.01,",","Lino, en rama o enriado",","
"QCL,",Cultivos y productos de ganadería,",",032,",",Argentina,",",5510,",",Producción,",",01929.01,",","Lino, en rama o enriado",","
"QCL,",Cultivos y productos de ganadería,",",032,",",Argentina,",",5312,",",Área cosechada,",",01929.01,",","Lino, en rama o enriado",","
"QCL,",Cultivos y productos de ganadería,",",032,",",Argentina,",",5412,",",Rendimiento,",",01929.01,",","Lino, en rama o enriado",","
"QCL,",Cultivos y productos de ganadería,",",032,",",Argentina,",",5510,",",Producción,",",01929.01,",","Lino, en rama o enriado",","
"QCL,",Cultivos y productos de ganadería,",",032,",",Argentina,",",5312,",",Área cosechada,",",01929.01,",","Lino, en rama o enriado",","
"QCL,",Cultivos y productos de ganadería,",",032,",",Argentina,",",5412,",",Rendimiento,",",01929.01,",","Lino, en rama o enriado",","
"QCL,",Cultivos y productos de ganadería,",",032,",",Argentina,",",5510,",",Producción,",",01929.01,",","Lino, en rama o enriado",","
"QCL,",Cultivos y productos de ganadería,",",032,",",Argentina,",",5312,",",Área cosechada,",",01929.01,",","Lino, en rama o enriado",","
"QCL,",Cultivos y productos de ganadería,",",032,",",Argentina,",",5412,",",Rendimiento,",",01929.01,",","Lino, en rama o enriado",","
"QCL,",Cultivos y productos de ganadería,",",032,",",Argentina,",",5510,",",Producción,",",01929.01,",","Lino, en rama o enriado",","
"QCL,",Cultivos y productos de ganadería,",",032,",",Argentina,",",5312,",",Área cosechada,",",01929.01,",","Lino, en rama o enriado",","
"QCL,",Cultivos y productos de ganadería,",",032,",",Argentina,",",5412,",",Rendimiento,",",01929.01,",","Lino, en rama o enriado",","
"QCL,",Cultivos y productos de ganadería,",",032,",",Argentina,",",5510,",",Producción,",",01929.01,",","Lino, en rama o enriado",","
"QCL,",Cultivos y productos de ganadería,",",032,",",Argentina,",",5312,",",Área cosechada,",",01929.01,",","Lino, en rama o enriado",","
"QCL,",Cultivos y productos de ganadería,",",032,",",Argentina,",",5412,",",Rendimiento,",",01929.01,",","Lino, en rama o enriado",","
"QCL,",Cultivos y productos de ganadería,",",032,",",Argentina,",",5510,",",Producción,",",01929.01,",","Lino, en rama o enriado",","
"QCL,",Cultivos y productos de ganadería,",",032,",",Argentina,",",5312,",",Área cosechada,",",0112,",",Maíz,","
"QCL,",Cultivos y productos de ganadería,",",032,",",Argentina,",",5412,",",Rendimiento,",",0112,",",Maíz,","
"QCL,",Cultivos y productos de ganadería,",",032,",",Argentina,",",5510,",",Producción,",",0112,",",Maíz,","
"QCL,",Cultivos y productos de ganadería,",",032,",",Argentina,",",5312,",",Área cosechada,",",0112,",",Maíz,","
"QCL,",Cultivos y productos de ganadería,",",032,",",Argentina,",",5412,",",Rendimiento,",",0112,",",Maíz,","
"QCL,",Cultivos y productos de ganadería,",",032,",",Argentina,",",5510,",",Producción,",",0112,",",Maíz,","
"QCL,",Cultivos y productos de ganadería,",",032,",",Argentina,",",5312,",",Área cosechada,",",0112,",",Maíz,","
"QCL,",Cultivos y productos de ganadería,",",032,",",Argentina,",",5412,",",Rendimiento,",",0112,",",Maíz,","
"QCL,",Cultivos y productos de ganadería,",",032,",",Argentina,",",5510,",",Producción,",",0112,",",Maíz,","
"QCL,",Cultivos y productos de ganadería,",",032,",",Argentina,",",5312,",",Área cosechada,",",0112,",",Maíz,","
"QCL,",Cultivos y productos de ganadería,",",032,",",Argentina,",",5412,",",Rendimiento,",",0112,",",Maíz,","
"QCL,",Cultivos y productos de ganadería,",",032,",",Argentina,",",5510,",",Producción,",",0112,",",Maíz,","
"QCL,",Cultivos y productos de ganadería,",",032,",",Argentina,",",5312,",",Área cosechada,",",0112,",",Maíz,","
"QCL,",Cultivos y productos de ganadería,",",032,",",Argentina,",",5412,",",Rendimiento,",",0112,",",Maíz,","
"QCL,",Cultivos y productos de ganadería,",",032,",",Argentina,",",5510,",",Producción,",",0112,",",Maíz,","
"QCL,",Cultivos y productos de ganadería,",",032,",",Argentina,",",5312,",",Área cosechada,",",0112,",",Maíz,","
"QCL,",Cultivos y productos de ganadería,",",032,",",Argentina,",",5412,",",Rendimiento,",",0112,",",Maíz,","
"QCL,",Cultivos y productos de ganadería,",",032,",",Argentina,",",5510,",",Producción,",",0112,",",Maíz,","
"QCL,",Cultivos y productos de ganadería,",",032,",",Argentina,",",5312,",",Área cosechada,",",0112,",",Maíz,","
"QCL,",Cultivos y productos de ganadería,",",032,",",Argentina,",",5412,",",Rendimiento,",",0112,",",Maíz,","
"QCL,",Cultivos y productos de ganadería,",",032,",",Argentina,",",5510,",",Producción,",",0112,",",Maíz,","
"QCL,",Cultivos y productos de ganadería,",",032,",",Argentina,",",5312,",",Área cosechada,",",0112,",",Maíz,","
"QCL,",Cultivos y productos de ganadería,",",032,",",Argentina,",",5412,",",Rendimiento,",",0112,",",Maíz,","
"QCL,",Cultivos y productos de ganadería,",",032,",",Argentina,",",5510,",",Producción,",",0112,",",Maíz,","
"QCL,",Cultivos y productos de ganadería,",",032,",",Argentina,",",5312,",",Área cosechada,",",0112,",",Maíz,","
"QCL,",Cultivos y productos de ganadería,",",032,",",Argentina,",",5412,",",Rendimiento,",",0112,",",Maíz,","
"QCL,",Cultivos y productos de ganadería,",",032,",",Argentina,",",5510,",",Producción,",",0112,",",Maíz,","
"QCL,",Cultivos y productos de ganadería,",",032,",",Argentina,",",5312,",",Área cosechada,",",0112,",",Maíz,","
"QCL,",Cultivos y productos de ganadería,",",032,",",Argentina,",",5412,",",Rendimiento,",",0112,",",Maíz,","
"QCL,",Cultivos y productos de ganadería,",",032,",",Argentina,",",5510,",",Producción,",",0112,",",Maíz,","
"QCL,",Cultivos y productos de ganadería,",",032,",",Argentina,",",5312,",",Área cosechada,",",0112,",",Maíz,","
"QCL,",Cultivos y productos de ganadería,",",032,",",Argentina,",",5412,",",Rendimiento,",",0112,",",Maíz,","
"QCL,",Cultivos y productos de ganadería,",",032,",",Argentina,",",5510,",",Producción,",",0112,",",Maíz,","
"QCL,",Cultivos y productos de ganadería,",",032,",",Argentina,",",5312,",",Área cosechada,",",0112,",",Maíz,","
"QCL,",Cultivos y productos de ganadería,",",032,",",Argentina,",",5412,",",Rendimiento,",",0112,",",Maíz,","
"QCL,",Cultivos y productos de ganadería,",",032,",",Argentina,",",5510,",",Producción,",",0112,",",Maíz,","
"QCL,",Cultivos y productos de ganadería,",",032,",",Argentina,",",5312,",",Área cosechada,",",0112,",",Maíz,","
"QCL,",Cultivos y productos de ganadería,",",032,",",Argentina,",",5412,",",Rendimiento,",",0112,",",Maíz,","
"QCL,",Cultivos y productos de ganadería,",",032,",",Argentina,",",5510,",",Producción,",",0112,",",Maíz,","
"QCL,",Cultivos y productos de ganadería,",",032,",",Argentina,",",5312,",",Área cosechada,",",0112,",",Maíz,","
"QCL,",Cultivos y productos de ganadería,",",032,",",Argentina,",",5412,",",Rendimiento,",",0112,",",Maíz,","
"QCL,",Cultivos y productos de ganadería,",",032,",",Argentina,",",5510,",",Producción,",",0112,",",Maíz,","
"QCL,",Cultivos y productos de ganadería,",",032,",",Argentina,",",5312,",",Área cosechada,",",0112,",",Maíz,","
"QCL,",Cultivos y productos de ganadería,",",032,",",Argentina,",",5412,",",Rendimiento,",",0112,",",Maíz,","
"QCL,",Cultivos y productos de ganadería,",",032,",",Argentina,",",5510,",",Producción,",",0112,",",Maíz,","
"QCL,",Cultivos y productos de ganadería,",",032,",",Argentina,",",5312,",",Área cosechada,",",01316,",","Mangos, guayabas y mangostanes",","
"QCL,",Cultivos y productos de ganadería,",",032,",",Argentina,",",5412,",",Rendimiento,",",01316,",","Mangos, guayabas y mangostanes",","
"QCL,",Cultivos y productos de ganadería,",",032,",",Argentina,",",5510,",",Producción,",",01316,",","Mangos, guayabas y mangostanes",","
"QCL,",Cultivos y productos de ganadería,",",032,",",Argentina,",",5312,",",Área cosechada,",",01316,",","Mangos, guayabas y mangostanes",","
"QCL,",Cultivos y productos de ganadería,",",032,",",Argentina,",",5412,",",Rendimiento,",",01316,",","Mangos, guayabas y mangostanes",","
"QCL,",Cultivos y productos de ganadería,",",032,",",Argentina,",",5510,",",Producción,",",01316,",","Mangos, guayabas y mangostanes",","
"QCL,",Cultivos y productos de ganadería,",",032,",",Argentina,",",5312,",",Área cosechada,",",01316,",","Mangos, guayabas y mangostanes",","
"QCL,",Cultivos y productos de ganadería,",",032,",",Argentina,",",5412,",",Rendimiento,",",01316,",","Mangos, guayabas y mangostanes",","
"QCL,",Cultivos y productos de ganadería,",",032,",",Argentina,",",5510,",",Producción,",",01316,",","Mangos, guayabas y mangostanes",","
"QCL,",Cultivos y productos de ganadería,",",032,",",Argentina,",",5312,",",Área cosechada,",",01316,",","Mangos, guayabas y mangostanes",","
"QCL,",Cultivos y productos de ganadería,",",032,",",Argentina,",",5412,",",Rendimiento,",",01316,",","Mangos, guayabas y mangostanes",","
"QCL,",Cultivos y productos de ganadería,",",032,",",Argentina,",",5510,",",Producción,",",01316,",","Mangos, guayabas y mangostanes",","
"QCL,",Cultivos y productos de ganadería,",",032,",",Argentina,",",5312,",",Área cosechada,",",01316,",","Mangos, guayabas y mangostanes",","
"QCL,",Cultivos y productos de ganadería,",",032,",",Argentina,",",5412,",",Rendimiento,",",01316,",","Mangos, guayabas y mangostanes",","
"QCL,",Cultivos y productos de ganadería,",",032,",",Argentina,",",5510,",",Producción,",",01316,",","Mangos, guayabas y mangostanes",","
"QCL,",Cultivos y productos de ganadería,",",032,",",Argentina,",",5312,",",Área cosechada,",",01316,",","Mangos, guayabas y mangostanes",","
"QCL,",Cultivos y productos de ganadería,",",032,",",Argentina,",",5412,",",Rendimiento,",",01316,",","Mangos, guayabas y mangostanes",","
"QCL,",Cultivos y productos de ganadería,",",032,",",Argentina,",",5510,",",Producción,",",01316,",","Mangos, guayabas y mangostanes",","
"QCL,",Cultivos y productos de ganadería,",",032,",",Argentina,",",5312,",",Área cosechada,",",01316,",","Mangos, guayabas y mangostanes",","
"QCL,",Cultivos y productos de ganadería,",",032,",",Argentina,",",5412,",",Rendimiento,",",01316,",","Mangos, guayabas y mangostanes",","
"QCL,",Cultivos y productos de ganadería,",",032,",",Argentina,",",5510,",",Producción,",",01316,",","Mangos, guayabas y mangostanes",","
"QCL,",Cultivos y productos de ganadería,",",032,",",Argentina,",",5312,",",Área cosechada,",",01316,",","Mangos, guayabas y mangostanes",","
"QCL,",Cultivos y productos de ganadería,",",032,",",Argentina,",",5412,",",Rendimiento,",",01316,",","Mangos, guayabas y mangostanes",","
"QCL,",Cultivos y productos de ganadería,",",032,",",Argentina,",",5510,",",Producción,",",01316,",","Mangos, guayabas y mangostanes",","
"QCL,",Cultivos y productos de ganadería,",",032,",",Argentina,",",5312,",",Área cosechada,",",01316,",","Mangos, guayabas y mangostanes",","
"QCL,",Cultivos y productos de ganadería,",",032,",",Argentina,",",5412,",",Rendimiento,",",01316,",","Mangos, guayabas y mangostanes",","
"QCL,",Cultivos y productos de ganadería,",",032,",",Argentina,",",5510,",",Producción,",",01316,",","Mangos, guayabas y mangostanes",","
"QCL,",Cultivos y productos de ganadería,",",032,",",Argentina,",",5312,",",Área cosechada,",",01316,",","Mangos, guayabas y mangostanes",","
"QCL,",Cultivos y productos de ganadería,",",032,",",Argentina,",",5412,",",Rendimiento,",",01316,",","Mangos, guayabas y mangostanes",","
"QCL,",Cultivos y productos de ganadería,",",032,",",Argentina,",",5510,",",Producción,",",01316,",","Mangos, guayabas y mangostanes",","
"QCL,",Cultivos y productos de ganadería,",",032,",",Argentina,",",5312,",",Área cosechada,",",01316,",","Mangos, guayabas y mangostanes",","
"QCL,",Cultivos y productos de ganadería,",",032,",",Argentina,",",5412,",",Rendimiento,",",01316,",","Mangos, guayabas y mangostanes",","
"QCL,",Cultivos y productos de ganadería,",",032,",",Argentina,",",5510,",",Producción,",",01316,",","Mangos, guayabas y mangostanes",","
"QCL,",Cultivos y productos de ganadería,",",032,",",Argentina,",",5312,",",Área cosechada,",",01316,",","Mangos, guayabas y mangostanes",","
"QCL,",Cultivos y productos de ganadería,",",032,",",Argentina,",",5412,",",Rendimiento,",",01316,",","Mangos, guayabas y mangostanes",","
"QCL,",Cultivos y productos de ganadería,",",032,",",Argentina,",",5510,",",Producción,",",01316,",","Mangos, guayabas y mangostanes",","
"QCL,",Cultivos y productos de ganadería,",",032,",",Argentina,",",5312,",",Área cosechada,",",01316,",","Mangos, guayabas y mangostanes",","
"QCL,",Cultivos y productos de ganadería,",",032,",",Argentina,",",5412,",",Rendimiento,",",01316,",","Mangos, guayabas y mangostanes",","
"QCL,",Cultivos y productos de ganadería,",",032,",",Argentina,",",5510,",",Producción,",",01316,",","Mangos, guayabas y mangostanes",","
"QCL,",Cultivos y productos de ganadería,",",032,",",Argentina,",",5312,",",Área cosechada,",",01316,",","Mangos, guayabas y mangostanes",","
"QCL,",Cultivos y productos de ganadería,",",032,",",Argentina,",",5412,",",Rendimiento,",",01316,",","Mangos, guayabas y mangostanes",","
"QCL,",Cultivos y productos de ganadería,",",032,",",Argentina,",",5510,",",Producción,",",01316,",","Mangos, guayabas y mangostanes",","
"QCL,",Cultivos y productos de ganadería,",",032,",",Argentina,",",5312,",",Área cosechada,",",01316,",","Mangos, guayabas y mangostanes",","
"QCL,",Cultivos y productos de ganadería,",",032,",",Argentina,",",5412,",",Rendimiento,",",01316,",","Mangos, guayabas y mangostanes",","
"QCL,",Cultivos y productos de ganadería,",",032,",",Argentina,",",5510,",",Producción,",",01316,",","Mangos, guayabas y mangostanes",","
"QCL,",Cultivos y productos de ganadería,",",032,",",Argentina,",",5312,",",Área cosechada,",",0142,",",Maní con cáscara,","
"QCL,",Cultivos y productos de ganadería,",",032,",",Argentina,",",5412,",",Rendimiento,",",0142,",",Maní con cáscara,","
"QCL,",Cultivos y productos de ganadería,",",032,",",Argentina,",",5510,",",Producción,",",0142,",",Maní con cáscara,","
"QCL,",Cultivos y productos de ganadería,",",032,",",Argentina,",",5312,",",Área cosechada,",",0142,",",Maní con cáscara,","
"QCL,",Cultivos y productos de ganadería,",",032,",",Argentina,",",5412,",",Rendimiento,",",0142,",",Maní con cáscara,","
"QCL,",Cultivos y productos de ganadería,",",032,",",Argentina,",",5510,",",Producción,",",0142,",",Maní con cáscara,","
"QCL,",Cultivos y productos de ganadería,",",032,",",Argentina,",",5312,",",Área cosechada,",",0142,",",Maní con cáscara,","
"QCL,",Cultivos y productos de ganadería,",",032,",",Argentina,",",5412,",",Rendimiento,",",0142,",",Maní con cáscara,","
"QCL,",Cultivos y productos de ganadería,",",032,",",Argentina,",",5510,",",Producción,",",0142,",",Maní con cáscara,","
"QCL,",Cultivos y productos de ganadería,",",032,",",Argentina,",",5312,",",Área cosechada,",",0142,",",Maní con cáscara,","
"QCL,",Cultivos y productos de ganadería,",",032,",",Argentina,",",5412,",",Rendimiento,",",0142,",",Maní con cáscara,","
"QCL,",Cultivos y productos de ganadería,",",032,",",Argentina,",",5510,",",Producción,",",0142,",",Maní con cáscara,","
"QCL,",Cultivos y productos de ganadería,",",032,",",Argentina,",",5312,",",Área cosechada,",",0142,",",Maní con cáscara,","
"QCL,",Cultivos y productos de ganadería,",",032,",",Argentina,",",5412,",",Rendimiento,",",0142,",",Maní con cáscara,","
"QCL,",Cultivos y productos de ganadería,",",032,",",Argentina,",",5510,",",Producción,",",0142,",",Maní con cáscara,","
"QCL,",Cultivos y productos de ganadería,",",032,",",Argentina,",",5312,",",Área cosechada,",",0142,",",Maní con cáscara,","
"QCL,",Cultivos y productos de ganadería,",",032,",",Argentina,",",5412,",",Rendimiento,",",0142,",",Maní con cáscara,","
"QCL,",Cultivos y productos de ganadería,",",032,",",Argentina,",",5510,",",Producción,",",0142,",",Maní con cáscara,","
"QCL,",Cultivos y productos de ganadería,",",032,",",Argentina,",",5312,",",Área cosechada,",",0142,",",Maní con cáscara,","
"QCL,",Cultivos y productos de ganadería,",",032,",",Argentina,",",5412,",",Rendimiento,",",0142,",",Maní con cáscara,","
"QCL,",Cultivos y productos de ganadería,",",032,",",Argentina,",",5510,",",Producción,",",0142,",",Maní con cáscara,","
"QCL,",Cultivos y productos de ganadería,",",032,",",Argentina,",",5312,",",Área cosechada,",",0142,",",Maní con cáscara,","
"QCL,",Cultivos y productos de ganadería,",",032,",",Argentina,",",5412,",",Rendimiento,",",0142,",",Maní con cáscara,","
"QCL,",Cultivos y productos de ganadería,",",032,",",Argentina,",",5510,",",Producción,",",0142,",",Maní con cáscara,","
"QCL,",Cultivos y productos de ganadería,",",032,",",Argentina,",",5312,",",Área cosechada,",",0142,",",Maní con cáscara,","
"QCL,",Cultivos y productos de ganadería,",",032,",",Argentina,",",5412,",",Rendimiento,",",0142,",",Maní con cáscara,","
"QCL,",Cultivos y productos de ganadería,",",032,",",Argentina,",",5510,",",Producción,",",0142,",",Maní con cáscara,","
"QCL,",Cultivos y productos de ganadería,",",032,",",Argentina,",",5312,",",Área cosechada,",",0142,",",Maní con cáscara,","
"QCL,",Cultivos y productos de ganadería,",",032,",",Argentina,",",5412,",",Rendimiento,",",0142,",",Maní con cáscara,","
"QCL,",Cultivos y productos de ganadería,",",032,",",Argentina,",",5510,",",Producción,",",0142,",",Maní con cáscara,","
"QCL,",Cultivos y productos de ganadería,",",032,",",Argentina,",",5312,",",Área cosechada,",",0142,",",Maní con cáscara,","
"QCL,",Cultivos y productos de ganadería,",",032,",",Argentina,",",5412,",",Rendimiento,",",0142,",",Maní con cáscara,","
"QCL,",Cultivos y productos de ganadería,",",032,",",Argentina,",",5510,",",Producción,",",0142,",",Maní con cáscara,","
"QCL,",Cultivos y productos de ganadería,",",032,",",Argentina,",",5312,",",Área cosechada,",",0142,",",Maní con cáscara,","
"QCL,",Cultivos y productos de ganadería,",",032,",",Argentina,",",5412,",",Rendimiento,",",0142,",",Maní con cáscara,","
"QCL,",Cultivos y productos de ganadería,",",032,",",Argentina,",",5510,",",Producción,",",0142,",",Maní con cáscara,","
"QCL,",Cultivos y productos de ganadería,",",032,",",Argentina,",",5312,",",Área cosechada,",",0142,",",Maní con cáscara,","
"QCL,",Cultivos y productos de ganadería,",",032,",",Argentina,",",5412,",",Rendimiento,",",0142,",",Maní con cáscara,","
"QCL,",Cultivos y productos de ganadería,",",032,",",Argentina,",",5510,",",Producción,",",0142,",",Maní con cáscara,","
"QCL,",Cultivos y productos de ganadería,",",032,",",Argentina,",",5312,",",Área cosechada,",",0142,",",Maní con cáscara,","
"QCL,",Cultivos y productos de ganadería,",",032,",",Argentina,",",5412,",",Rendimiento,",",0142,",",Maní con cáscara,","
"QCL,",Cultivos y productos de ganadería,",",032,",",Argentina,",",5510,",",Producción,",",0142,",",Maní con cáscara,","
"QCL,",Cultivos y productos de ganadería,",",032,",",Argentina,",",5312,",",Área cosechada,",",0142,",",Maní con cáscara,","
"QCL,",Cultivos y productos de ganadería,",",032,",",Argentina,",",5412,",",Rendimiento,",",0142,",",Maní con cáscara,","
"QCL,",Cultivos y productos de ganadería,",",032,",",Argentina,",",5510,",",Producción,",",0142,",",Maní con cáscara,","
"QCL,",Cultivos y productos de ganadería,",",032,",",Argentina,",",5312,",",Área cosechada,",",01341,",",Manzanas,","
"QCL,",Cultivos y productos de ganadería,",",032,",",Argentina,",",5412,",",Rendimiento,",",01341,",",Manzanas,","
"QCL,",Cultivos y productos de ganadería,",",032,",",Argentina,",",5510,",",Producción,",",01341,",",Manzanas,","
"QCL,",Cultivos y productos de ganadería,",",032,",",Argentina,",",5312,",",Área cosechada,",",01341,",",Manzanas,","
"QCL,",Cultivos y productos de ganadería,",",032,",",Argentina,",",5412,",",Rendimiento,",",01341,",",Manzanas,","
"QCL,",Cultivos y productos de ganadería,",",032,",",Argentina,",",5510,",",Producción,",",01341,",",Manzanas,","
"QCL,",Cultivos y productos de ganadería,",",032,",",Argentina,",",5312,",",Área cosechada,",",01341,",",Manzanas,","
"QCL,",Cultivos y productos de ganadería,",",032,",",Argentina,",",5412,",",Rendimiento,",",01341,",",Manzanas,","
"QCL,",Cultivos y productos de ganadería,",",032,",",Argentina,",",5510,",",Producción,",",01341,",",Manzanas,","
"QCL,",Cultivos y productos de ganadería,",",032,",",Argentina,",",5312,",",Área cosechada,",",01341,",",Manzanas,","
"QCL,",Cultivos y productos de ganadería,",",032,",",Argentina,",",5412,",",Rendimiento,",",01341,",",Manzanas,","
"QCL,",Cultivos y productos de ganadería,",",032,",",Argentina,",",5510,",",Producción,",",01341,",",Manzanas,","
"QCL,",Cultivos y productos de ganadería,",",032,",",Argentina,",",5312,",",Área cosechada,",",01341,",",Manzanas,","
"QCL,",Cultivos y productos de ganadería,",",032,",",Argentina,",",5412,",",Rendimiento,",",01341,",",Manzanas,","
"QCL,",Cultivos y productos de ganadería,",",032,",",Argentina,",",5510,",",Producción,",",01341,",",Manzanas,","
"QCL,",Cultivos y productos de ganadería,",",032,",",Argentina,",",5312,",",Área cosechada,",",01341,",",Manzanas,","
"QCL,",Cultivos y productos de ganadería,",",032,",",Argentina,",",5412,",",Rendimiento,",",01341,",",Manzanas,","
"QCL,",Cultivos y productos de ganadería,",",032,",",Argentina,",",5510,",",Producción,",",01341,",",Manzanas,","
"QCL,",Cultivos y productos de ganadería,",",032,",",Argentina,",",5312,",",Área cosechada,",",01341,",",Manzanas,","
"QCL,",Cultivos y productos de ganadería,",",032,",",Argentina,",",5412,",",Rendimiento,",",01341,",",Manzanas,","
"QCL,",Cultivos y productos de ganadería,",",032,",",Argentina,",",5510,",",Producción,",",01341,",",Manzanas,","
"QCL,",Cultivos y productos de ganadería,",",032,",",Argentina,",",5312,",",Área cosechada,",",01341,",",Manzanas,","
"QCL,",Cultivos y productos de ganadería,",",032,",",Argentina,",",5412,",",Rendimiento,",",01341,",",Manzanas,","
"QCL,",Cultivos y productos de ganadería,",",032,",",Argentina,",",5510,",",Producción,",",01341,",",Manzanas,","
"QCL,",Cultivos y productos de ganadería,",",032,",",Argentina,",",5312,",",Área cosechada,",",01341,",",Manzanas,","
"QCL,",Cultivos y productos de ganadería,",",032,",",Argentina,",",5412,",",Rendimiento,",",01341,",",Manzanas,","
"QCL,",Cultivos y productos de ganadería,",",032,",",Argentina,",",5510,",",Producción,",",01341,",",Manzanas,","
"QCL,",Cultivos y productos de ganadería,",",032,",",Argentina,",",5312,",",Área cosechada,",",01341,",",Manzanas,","
"QCL,",Cultivos y productos de ganadería,",",032,",",Argentina,",",5412,",",Rendimiento,",",01341,",",Manzanas,","
"QCL,",Cultivos y productos de ganadería,",",032,",",Argentina,",",5510,",",Producción,",",01341,",",Manzanas,","
"QCL,",Cultivos y productos de ganadería,",",032,",",Argentina,",",5312,",",Área cosechada,",",01341,",",Manzanas,","
"QCL,",Cultivos y productos de ganadería,",",032,",",Argentina,",",5412,",",Rendimiento,",",01341,",",Manzanas,","
"QCL,",Cultivos y productos de ganadería,",",032,",",Argentina,",",5510,",",Producción,",",01341,",",Manzanas,","
"QCL,",Cultivos y productos de ganadería,",",032,",",Argentina,",",5312,",",Área cosechada,",",01341,",",Manzanas,","
"QCL,",Cultivos y productos de ganadería,",",032,",",Argentina,",",5412,",",Rendimiento,",",01341,",",Manzanas,","
"QCL,",Cultivos y productos de ganadería,",",032,",",Argentina,",",5510,",",Producción,",",01341,",",Manzanas,","
"QCL,",Cultivos y productos de ganadería,",",032,",",Argentina,",",5312,",",Área cosechada,",",01341,",",Manzanas,","
"QCL,",Cultivos y productos de ganadería,",",032,",",Argentina,",",5412,",",Rendimiento,",",01341,",",Manzanas,","
"QCL,",Cultivos y productos de ganadería,",",032,",",Argentina,",",5510,",",Producción,",",01341,",",Manzanas,","
"QCL,",Cultivos y productos de ganadería,",",032,",",Argentina,",",5312,",",Área cosechada,",",01341,",",Manzanas,","
"QCL,",Cultivos y productos de ganadería,",",032,",",Argentina,",",5412,",",Rendimiento,",",01341,",",Manzanas,","
"QCL,",Cultivos y productos de ganadería,",",032,",",Argentina,",",5510,",",Producción,",",01341,",",Manzanas,","
"QCL,",Cultivos y productos de ganadería,",",032,",",Argentina,",",5312,",",Área cosechada,",",01341,",",Manzanas,","
"QCL,",Cultivos y productos de ganadería,",",032,",",Argentina,",",5412,",",Rendimiento,",",01341,",",Manzanas,","
"QCL,",Cultivos y productos de ganadería,",",032,",",Argentina,",",5510,",",Producción,",",01341,",",Manzanas,","
"QCL,",Cultivos y productos de ganadería,",",032,",",Argentina,",",5312,",",Área cosechada,",",01345,",",Melocotones (duraznos) y nectarinas,","
"QCL,",Cultivos y productos de ganadería,",",032,",",Argentina,",",5412,",",Rendimiento,",",01345,",",Melocotones (duraznos) y nectarinas,","
"QCL,",Cultivos y productos de ganadería,",",032,",",Argentina,",",5510,",",Producción,",",01345,",",Melocotones (duraznos) y nectarinas,","
"QCL,",Cultivos y productos de ganadería,",",032,",",Argentina,",",5312,",",Área cosechada,",",01345,",",Melocotones (duraznos) y nectarinas,","
"QCL,",Cultivos y productos de ganadería,",",032,",",Argentina,",",5412,",",Rendimiento,",",01345,",",Melocotones (duraznos) y nectarinas,","
"QCL,",Cultivos y productos de ganadería,",",032,",",Argentina,",",5510,",",Producción,",",01345,",",Melocotones (duraznos) y nectarinas,","
"QCL,",Cultivos y productos de ganadería,",",032,",",Argentina,",",5312,",",Área cosechada,",",01345,",",Melocotones (duraznos) y nectarinas,","
"QCL,",Cultivos y productos de ganadería,",",032,",",Argentina,",",5412,",",Rendimiento,",",01345,",",Melocotones (duraznos) y nectarinas,","
"QCL,",Cultivos y productos de ganadería,",",032,",",Argentina,",",5510,",",Producción,",",01345,",",Melocotones (duraznos) y nectarinas,","
"QCL,",Cultivos y productos de ganadería,",",032,",",Argentina,",",5312,",",Área cosechada,",",01345,",",Melocotones (duraznos) y nectarinas,","
"QCL,",Cultivos y productos de ganadería,",",032,",",Argentina,",",5412,",",Rendimiento,",",01345,",",Melocotones (duraznos) y nectarinas,","
"QCL,",Cultivos y productos de ganadería,",",032,",",Argentina,",",5510,",",Producción,",",01345,",",Melocotones (duraznos) y nectarinas,","
"QCL,",Cultivos y productos de ganadería,",",032,",",Argentina,",",5312,",",Área cosechada,",",01345,",",Melocotones (duraznos) y nectarinas,","
"QCL,",Cultivos y productos de ganadería,",",032,",",Argentina,",",5412,",",Rendimiento,",",01345,",",Melocotones (duraznos) y nectarinas,","
"QCL,",Cultivos y productos de ganadería,",",032,",",Argentina,",",5510,",",Producción,",",01345,",",Melocotones (duraznos) y nectarinas,","
"QCL,",Cultivos y productos de ganadería,",",032,",",Argentina,",",5312,",",Área cosechada,",",01345,",",Melocotones (duraznos) y nectarinas,","
"QCL,",Cultivos y productos de ganadería,",",032,",",Argentina,",",5412,",",Rendimiento,",",01345,",",Melocotones (duraznos) y nectarinas,","
"QCL,",Cultivos y productos de ganadería,",",032,",",Argentina,",",5510,",",Producción,",",01345,",",Melocotones (duraznos) y nectarinas,","
"QCL,",Cultivos y productos de ganadería,",",032,",",Argentina,",",5312,",",Área cosechada,",",01345,",",Melocotones (duraznos) y nectarinas,","
"QCL,",Cultivos y productos de ganadería,",",032,",",Argentina,",",5412,",",Rendimiento,",",01345,",",Melocotones (duraznos) y nectarinas,","
"QCL,",Cultivos y productos de ganadería,",",032,",",Argentina,",",5510,",",Producción,",",01345,",",Melocotones (duraznos) y nectarinas,","
"QCL,",Cultivos y productos de ganadería,",",032,",",Argentina,",",5312,",",Área cosechada,",",01345,",",Melocotones (duraznos) y nectarinas,","
"QCL,",Cultivos y productos de ganadería,",",032,",",Argentina,",",5412,",",Rendimiento,",",01345,",",Melocotones (duraznos) y nectarinas,","
"QCL,",Cultivos y productos de ganadería,",",032,",",Argentina,",",5510,",",Producción,",",01345,",",Melocotones (duraznos) y nectarinas,","
"QCL,",Cultivos y productos de ganadería,",",032,",",Argentina,",",5312,",",Área cosechada,",",01345,",",Melocotones (duraznos) y nectarinas,","
"QCL,",Cultivos y productos de ganadería,",",032,",",Argentina,",",5412,",",Rendimiento,",",01345,",",Melocotones (duraznos) y nectarinas,","
"QCL,",Cultivos y productos de ganadería,",",032,",",Argentina,",",5510,",",Producción,",",01345,",",Melocotones (duraznos) y nectarinas,","
"QCL,",Cultivos y productos de ganadería,",",032,",",Argentina,",",5312,",",Área cosechada,",",01345,",",Melocotones (duraznos) y nectarinas,","
"QCL,",Cultivos y productos de ganadería,",",032,",",Argentina,",",5412,",",Rendimiento,",",01345,",",Melocotones (duraznos) y nectarinas,","
"QCL,",Cultivos y productos de ganadería,",",032,",",Argentina,",",5510,",",Producción,",",01345,",",Melocotones (duraznos) y nectarinas,","
"QCL,",Cultivos y productos de ganadería,",",032,",",Argentina,",",5312,",",Área cosechada,",",01345,",",Melocotones (duraznos) y nectarinas,","
"QCL,",Cultivos y productos de ganadería,",",032,",",Argentina,",",5412,",",Rendimiento,",",01345,",",Melocotones (duraznos) y nectarinas,","
"QCL,",Cultivos y productos de ganadería,",",032,",",Argentina,",",5510,",",Producción,",",01345,",",Melocotones (duraznos) y nectarinas,","
"QCL,",Cultivos y productos de ganadería,",",032,",",Argentina,",",5312,",",Área cosechada,",",01345,",",Melocotones (duraznos) y nectarinas,","
"QCL,",Cultivos y productos de ganadería,",",032,",",Argentina,",",5412,",",Rendimiento,",",01345,",",Melocotones (duraznos) y nectarinas,","
"QCL,",Cultivos y productos de ganadería,",",032,",",Argentina,",",5510,",",Producción,",",01345,",",Melocotones (duraznos) y nectarinas,","
"QCL,",Cultivos y productos de ganadería,",",032,",",Argentina,",",5312,",",Área cosechada,",",01345,",",Melocotones (duraznos) y nectarinas,","
"QCL,",Cultivos y productos de ganadería,",",032,",",Argentina,",",5412,",",Rendimiento,",",01345,",",Melocotones (duraznos) y nectarinas,","
"QCL,",Cultivos y productos de ganadería,",",032,",",Argentina,",",5510,",",Producción,",",01345,",",Melocotones (duraznos) y nectarinas,","
"QCL,",Cultivos y productos de ganadería,",",032,",",Argentina,",",5312,",",Área cosechada,",",01345,",",Melocotones (duraznos) y nectarinas,","
"QCL,",Cultivos y productos de ganadería,",",032,",",Argentina,",",5412,",",Rendimiento,",",01345,",",Melocotones (duraznos) y nectarinas,","
"QCL,",Cultivos y productos de ganadería,",",032,",",Argentina,",",5510,",",Producción,",",01345,",",Melocotones (duraznos) y nectarinas,","
"QCL,",Cultivos y productos de ganadería,",",032,",",Argentina,",",5312,",",Área cosechada,",",01345,",",Melocotones (duraznos) y nectarinas,","
"QCL,",Cultivos y productos de ganadería,",",032,",",Argentina,",",5412,",",Rendimiento,",",01345,",",Melocotones (duraznos) y nectarinas,","
"QCL,",Cultivos y productos de ganadería,",",032,",",Argentina,",",5510,",",Producción,",",01345,",",Melocotones (duraznos) y nectarinas,","
"QCL,",Cultivos y productos de ganadería,",",032,",",Argentina,",",5312,",",Área cosechada,",",01229,",",Melón Cantalupo y otros melones,","
"QCL,",Cultivos y productos de ganadería,",",032,",",Argentina,",",5412,",",Rendimiento,",",01229,",",Melón Cantalupo y otros melones,","
"QCL,",Cultivos y productos de ganadería,",",032,",",Argentina,",",5510,",",Producción,",",01229,",",Melón Cantalupo y otros melones,","
"QCL,",Cultivos y productos de ganadería,",",032,",",Argentina,",",5312,",",Área cosechada,",",01229,",",Melón Cantalupo y otros melones,","
"QCL,",Cultivos y productos de ganadería,",",032,",",Argentina,",",5412,",",Rendimiento,",",01229,",",Melón Cantalupo y otros melones,","
"QCL,",Cultivos y productos de ganadería,",",032,",",Argentina,",",5510,",",Producción,",",01229,",",Melón Cantalupo y otros melones,","
"QCL,",Cultivos y productos de ganadería,",",032,",",Argentina,",",5312,",",Área cosechada,",",01229,",",Melón Cantalupo y otros melones,","
"QCL,",Cultivos y productos de ganadería,",",032,",",Argentina,",",5412,",",Rendimiento,",",01229,",",Melón Cantalupo y otros melones,","
"QCL,",Cultivos y productos de ganadería,",",032,",",Argentina,",",5510,",",Producción,",",01229,",",Melón Cantalupo y otros melones,","
"QCL,",Cultivos y productos de ganadería,",",032,",",Argentina,",",5312,",",Área cosechada,",",01229,",",Melón Cantalupo y otros melones,","
"QCL,",Cultivos y productos de ganadería,",",032,",",Argentina,",",5412,",",Rendimiento,",",01229,",",Melón Cantalupo y otros melones,","
"QCL,",Cultivos y productos de ganadería,",",032,",",Argentina,",",5510,",",Producción,",",01229,",",Melón Cantalupo y otros melones,","
"QCL,",Cultivos y productos de ganadería,",",032,",",Argentina,",",5312,",",Área cosechada,",",01229,",",Melón Cantalupo y otros melones,","
"QCL,",Cultivos y productos de ganadería,",",032,",",Argentina,",",5412,",",Rendimiento,",",01229,",",Melón Cantalupo y otros melones,","
"QCL,",Cultivos y productos de ganadería,",",032,",",Argentina,",",5510,",",Producción,",",01229,",",Melón Cantalupo y otros melones,","
"QCL,",Cultivos y productos de ganadería,",",032,",",Argentina,",",5312,",",Área cosechada,",",01229,",",Melón Cantalupo y otros melones,","
"QCL,",Cultivos y productos de ganadería,",",032,",",Argentina,",",5412,",",Rendimiento,",",01229,",",Melón Cantalupo y otros melones,","
"QCL,",Cultivos y productos de ganadería,",",032,",",Argentina,",",5510,",",Producción,",",01229,",",Melón Cantalupo y otros melones,","
"QCL,",Cultivos y productos de ganadería,",",032,",",Argentina,",",5312,",",Área cosechada,",",01229,",",Melón Cantalupo y otros melones,","
"QCL,",Cultivos y productos de ganadería,",",032,",",Argentina,",",5412,",",Rendimiento,",",01229,",",Melón Cantalupo y otros melones,","
"QCL,",Cultivos y productos de ganadería,",",032,",",Argentina,",",5510,",",Producción,",",01229,",",Melón Cantalupo y otros melones,","
"QCL,",Cultivos y productos de ganadería,",",032,",",Argentina,",",5312,",",Área cosechada,",",01229,",",Melón Cantalupo y otros melones,","
"QCL,",Cultivos y productos de ganadería,",",032,",",Argentina,",",5412,",",Rendimiento,",",01229,",",Melón Cantalupo y otros melones,","
"QCL,",Cultivos y productos de ganadería,",",032,",",Argentina,",",5510,",",Producción,",",01229,",",Melón Cantalupo y otros melones,","
"QCL,",Cultivos y productos de ganadería,",",032,",",Argentina,",",5312,",",Área cosechada,",",01229,",",Melón Cantalupo y otros melones,","
"QCL,",Cultivos y productos de ganadería,",",032,",",Argentina,",",5412,",",Rendimiento,",",01229,",",Melón Cantalupo y otros melones,","
"QCL,",Cultivos y productos de ganadería,",",032,",",Argentina,",",5510,",",Producción,",",01229,",",Melón Cantalupo y otros melones,","
"QCL,",Cultivos y productos de ganadería,",",032,",",Argentina,",",5312,",",Área cosechada,",",01229,",",Melón Cantalupo y otros melones,","
"QCL,",Cultivos y productos de ganadería,",",032,",",Argentina,",",5412,",",Rendimiento,",",01229,",",Melón Cantalupo y otros melones,","
"QCL,",Cultivos y productos de ganadería,",",032,",",Argentina,",",5510,",",Producción,",",01229,",",Melón Cantalupo y otros melones,","
"QCL,",Cultivos y productos de ganadería,",",032,",",Argentina,",",5312,",",Área cosechada,",",01229,",",Melón Cantalupo y otros melones,","
"QCL,",Cultivos y productos de ganadería,",",032,",",Argentina,",",5412,",",Rendimiento,",",01229,",",Melón Cantalupo y otros melones,","
"QCL,",Cultivos y productos de ganadería,",",032,",",Argentina,",",5510,",",Producción,",",01229,",",Melón Cantalupo y otros melones,","
"QCL,",Cultivos y productos de ganadería,",",032,",",Argentina,",",5312,",",Área cosechada,",",01229,",",Melón Cantalupo y otros melones,","
"QCL,",Cultivos y productos de ganadería,",",032,",",Argentina,",",5412,",",Rendimiento,",",01229,",",Melón Cantalupo y otros melones,","
"QCL,",Cultivos y productos de ganadería,",",032,",",Argentina,",",5510,",",Producción,",",01229,",",Melón Cantalupo y otros melones,","
"QCL,",Cultivos y productos de ganadería,",",032,",",Argentina,",",5312,",",Área cosechada,",",01229,",",Melón Cantalupo y otros melones,","
"QCL,",Cultivos y productos de ganadería,",",032,",",Argentina,",",5412,",",Rendimiento,",",01229,",",Melón Cantalupo y otros melones,","
"QCL,",Cultivos y productos de ganadería,",",032,",",Argentina,",",5510,",",Producción,",",01229,",",Melón Cantalupo y otros melones,","
"QCL,",Cultivos y productos de ganadería,",",032,",",Argentina,",",5312,",",Área cosechada,",",01229,",",Melón Cantalupo y otros melones,","
"QCL,",Cultivos y productos de ganadería,",",032,",",Argentina,",",5412,",",Rendimiento,",",01229,",",Melón Cantalupo y otros melones,","
"QCL,",Cultivos y productos de ganadería,",",032,",",Argentina,",",5510,",",Producción,",",01229,",",Melón Cantalupo y otros melones,","
"QCL,",Cultivos y productos de ganadería,",",032,",",Argentina,",",5312,",",Área cosechada,",",01229,",",Melón Cantalupo y otros melones,","
"QCL,",Cultivos y productos de ganadería,",",032,",",Argentina,",",5412,",",Rendimiento,",",01229,",",Melón Cantalupo y otros melones,","
"QCL,",Cultivos y productos de ganadería,",",032,",",Argentina,",",5510,",",Producción,",",01229,",",Melón Cantalupo y otros melones,","
"QCL,",Cultivos y productos de ganadería,",",032,",",Argentina,",",5312,",",Área cosechada,",",01342.02,",",Membrillos,","
"QCL,",Cultivos y productos de ganadería,",",032,",",Argentina,",",5412,",",Rendimiento,",",01342.02,",",Membrillos,","
"QCL,",Cultivos y productos de ganadería,",",032,",",Argentina,",",5510,",",Producción,",",01342.02,",",Membrillos,","
"QCL,",Cultivos y productos de ganadería,",",032,",",Argentina,",",5312,",",Área cosechada,",",01342.02,",",Membrillos,","
"QCL,",Cultivos y productos de ganadería,",",032,",",Argentina,",",5412,",",Rendimiento,",",01342.02,",",Membrillos,","
"QCL,",Cultivos y productos de ganadería,",",032,",",Argentina,",",5510,",",Producción,",",01342.02,",",Membrillos,","
"QCL,",Cultivos y productos de ganadería,",",032,",",Argentina,",",5312,",",Área cosechada,",",01342.02,",",Membrillos,","
"QCL,",Cultivos y productos de ganadería,",",032,",",Argentina,",",5412,",",Rendimiento,",",01342.02,",",Membrillos,","
"QCL,",Cultivos y productos de ganadería,",",032,",",Argentina,",",5510,",",Producción,",",01342.02,",",Membrillos,","
"QCL,",Cultivos y productos de ganadería,",",032,",",Argentina,",",5312,",",Área cosechada,",",01342.02,",",Membrillos,","
"QCL,",Cultivos y productos de ganadería,",",032,",",Argentina,",",5412,",",Rendimiento,",",01342.02,",",Membrillos,","
"QCL,",Cultivos y productos de ganadería,",",032,",",Argentina,",",5510,",",Producción,",",01342.02,",",Membrillos,","
"QCL,",Cultivos y productos de ganadería,",",032,",",Argentina,",",5312,",",Área cosechada,",",01342.02,",",Membrillos,","
"QCL,",Cultivos y productos de ganadería,",",032,",",Argentina,",",5412,",",Rendimiento,",",01342.02,",",Membrillos,","
"QCL,",Cultivos y productos de ganadería,",",032,",",Argentina,",",5510,",",Producción,",",01342.02,",",Membrillos,","
"QCL,",Cultivos y productos de ganadería,",",032,",",Argentina,",",5312,",",Área cosechada,",",01342.02,",",Membrillos,","
"QCL,",Cultivos y productos de ganadería,",",032,",",Argentina,",",5412,",",Rendimiento,",",01342.02,",",Membrillos,","
"QCL,",Cultivos y productos de ganadería,",",032,",",Argentina,",",5510,",",Producción,",",01342.02,",",Membrillos,","
"QCL,",Cultivos y productos de ganadería,",",032,",",Argentina,",",5312,",",Área cosechada,",",01342.02,",",Membrillos,","
"QCL,",Cultivos y productos de ganadería,",",032,",",Argentina,",",5412,",",Rendimiento,",",01342.02,",",Membrillos,","
"QCL,",Cultivos y productos de ganadería,",",032,",",Argentina,",",5510,",",Producción,",",01342.02,",",Membrillos,","
"QCL,",Cultivos y productos de ganadería,",",032,",",Argentina,",",5312,",",Área cosechada,",",01342.02,",",Membrillos,","
"QCL,",Cultivos y productos de ganadería,",",032,",",Argentina,",",5412,",",Rendimiento,",",01342.02,",",Membrillos,","
"QCL,",Cultivos y productos de ganadería,",",032,",",Argentina,",",5510,",",Producción,",",01342.02,",",Membrillos,","
"QCL,",Cultivos y productos de ganadería,",",032,",",Argentina,",",5312,",",Área cosechada,",",01342.02,",",Membrillos,","
"QCL,",Cultivos y productos de ganadería,",",032,",",Argentina,",",5412,",",Rendimiento,",",01342.02,",",Membrillos,","
"QCL,",Cultivos y productos de ganadería,",",032,",",Argentina,",",5510,",",Producción,",",01342.02,",",Membrillos,","
"QCL,",Cultivos y productos de ganadería,",",032,",",Argentina,",",5312,",",Área cosechada,",",01342.02,",",Membrillos,","
"QCL,",Cultivos y productos de ganadería,",",032,",",Argentina,",",5412,",",Rendimiento,",",01342.02,",",Membrillos,","
"QCL,",Cultivos y productos de ganadería,",",032,",",Argentina,",",5510,",",Producción,",",01342.02,",",Membrillos,","
"QCL,",Cultivos y productos de ganadería,",",032,",",Argentina,",",5312,",",Área cosechada,",",01342.02,",",Membrillos,","
"QCL,",Cultivos y productos de ganadería,",",032,",",Argentina,",",5412,",",Rendimiento,",",01342.02,",",Membrillos,","
"QCL,",Cultivos y productos de ganadería,",",032,",",Argentina,",",5510,",",Producción,",",01342.02,",",Membrillos,","
"QCL,",Cultivos y productos de ganadería,",",032,",",Argentina,",",5312,",",Área cosechada,",",01342.02,",",Membrillos,","
"QCL,",Cultivos y productos de ganadería,",",032,",",Argentina,",",5412,",",Rendimiento,",",01342.02,",",Membrillos,","
"QCL,",Cultivos y productos de ganadería,",",032,",",Argentina,",",5510,",",Producción,",",01342.02,",",Membrillos,","
"QCL,",Cultivos y productos de ganadería,",",032,",",Argentina,",",5312,",",Área cosechada,",",01342.02,",",Membrillos,","
"QCL,",Cultivos y productos de ganadería,",",032,",",Argentina,",",5412,",",Rendimiento,",",01342.02,",",Membrillos,","
"QCL,",Cultivos y productos de ganadería,",",032,",",Argentina,",",5510,",",Producción,",",01342.02,",",Membrillos,","
"QCL,",Cultivos y productos de ganadería,",",032,",",Argentina,",",5312,",",Área cosechada,",",01342.02,",",Membrillos,","
"QCL,",Cultivos y productos de ganadería,",",032,",",Argentina,",",5412,",",Rendimiento,",",01342.02,",",Membrillos,","
"QCL,",Cultivos y productos de ganadería,",",032,",",Argentina,",",5510,",",Producción,",",01342.02,",",Membrillos,","
"QCL,",Cultivos y productos de ganadería,",",032,",",Argentina,",",5312,",",Área cosechada,",",01342.02,",",Membrillos,","
"QCL,",Cultivos y productos de ganadería,",",032,",",Argentina,",",5412,",",Rendimiento,",",01342.02,",",Membrillos,","
"QCL,",Cultivos y productos de ganadería,",",032,",",Argentina,",",5510,",",Producción,",",01342.02,",",Membrillos,","
"QCL,",Cultivos y productos de ganadería,",",032,",",Argentina,",",5312,",",Área cosechada,",",01930.01,",","Menta, hierbabuena",","
"QCL,",Cultivos y productos de ganadería,",",032,",",Argentina,",",5412,",",Rendimiento,",",01930.01,",","Menta, hierbabuena",","
"QCL,",Cultivos y productos de ganadería,",",032,",",Argentina,",",5510,",",Producción,",",01930.01,",","Menta, hierbabuena",","
"QCL,",Cultivos y productos de ganadería,",",032,",",Argentina,",",5312,",",Área cosechada,",",01930.01,",","Menta, hierbabuena",","
"QCL,",Cultivos y productos de ganadería,",",032,",",Argentina,",",5412,",",Rendimiento,",",01930.01,",","Menta, hierbabuena",","
"QCL,",Cultivos y productos de ganadería,",",032,",",Argentina,",",5510,",",Producción,",",01930.01,",","Menta, hierbabuena",","
"QCL,",Cultivos y productos de ganadería,",",032,",",Argentina,",",5312,",",Área cosechada,",",01930.01,",","Menta, hierbabuena",","
"QCL,",Cultivos y productos de ganadería,",",032,",",Argentina,",",5412,",",Rendimiento,",",01930.01,",","Menta, hierbabuena",","
"QCL,",Cultivos y productos de ganadería,",",032,",",Argentina,",",5510,",",Producción,",",01930.01,",","Menta, hierbabuena",","
"QCL,",Cultivos y productos de ganadería,",",032,",",Argentina,",",5312,",",Área cosechada,",",01930.01,",","Menta, hierbabuena",","
"QCL,",Cultivos y productos de ganadería,",",032,",",Argentina,",",5412,",",Rendimiento,",",01930.01,",","Menta, hierbabuena",","
"QCL,",Cultivos y productos de ganadería,",",032,",",Argentina,",",5510,",",Producción,",",01930.01,",","Menta, hierbabuena",","
"QCL,",Cultivos y productos de ganadería,",",032,",",Argentina,",",5312,",",Área cosechada,",",01930.01,",","Menta, hierbabuena",","
"QCL,",Cultivos y productos de ganadería,",",032,",",Argentina,",",5412,",",Rendimiento,",",01930.01,",","Menta, hierbabuena",","
"QCL,",Cultivos y productos de ganadería,",",032,",",Argentina,",",5510,",",Producción,",",01930.01,",","Menta, hierbabuena",","
"QCL,",Cultivos y productos de ganadería,",",032,",",Argentina,",",5312,",",Área cosechada,",",01930.01,",","Menta, hierbabuena",","
"QCL,",Cultivos y productos de ganadería,",",032,",",Argentina,",",5412,",",Rendimiento,",",01930.01,",","Menta, hierbabuena",","
"QCL,",Cultivos y productos de ganadería,",",032,",",Argentina,",",5510,",",Producción,",",01930.01,",","Menta, hierbabuena",","
"QCL,",Cultivos y productos de ganadería,",",032,",",Argentina,",",5312,",",Área cosechada,",",01930.01,",","Menta, hierbabuena",","
"QCL,",Cultivos y productos de ganadería,",",032,",",Argentina,",",5412,",",Rendimiento,",",01930.01,",","Menta, hierbabuena",","
"QCL,",Cultivos y productos de ganadería,",",032,",",Argentina,",",5510,",",Producción,",",01930.01,",","Menta, hierbabuena",","
"QCL,",Cultivos y productos de ganadería,",",032,",",Argentina,",",5312,",",Área cosechada,",",01930.01,",","Menta, hierbabuena",","
"QCL,",Cultivos y productos de ganadería,",",032,",",Argentina,",",5412,",",Rendimiento,",",01930.01,",","Menta, hierbabuena",","
"QCL,",Cultivos y productos de ganadería,",",032,",",Argentina,",",5510,",",Producción,",",01930.01,",","Menta, hierbabuena",","
"QCL,",Cultivos y productos de ganadería,",",032,",",Argentina,",",5312,",",Área cosechada,",",01930.01,",","Menta, hierbabuena",","
"QCL,",Cultivos y productos de ganadería,",",032,",",Argentina,",",5412,",",Rendimiento,",",01930.01,",","Menta, hierbabuena",","
"QCL,",Cultivos y productos de ganadería,",",032,",",Argentina,",",5510,",",Producción,",",01930.01,",","Menta, hierbabuena",","
"QCL,",Cultivos y productos de ganadería,",",032,",",Argentina,",",5312,",",Área cosechada,",",01930.01,",","Menta, hierbabuena",","
"QCL,",Cultivos y productos de ganadería,",",032,",",Argentina,",",5412,",",Rendimiento,",",01930.01,",","Menta, hierbabuena",","
"QCL,",Cultivos y productos de ganadería,",",032,",",Argentina,",",5510,",",Producción,",",01930.01,",","Menta, hierbabuena",","
"QCL,",Cultivos y productos de ganadería,",",032,",",Argentina,",",5312,",",Área cosechada,",",01930.01,",","Menta, hierbabuena",","
"QCL,",Cultivos y productos de ganadería,",",032,",",Argentina,",",5412,",",Rendimiento,",",01930.01,",","Menta, hierbabuena",","
"QCL,",Cultivos y productos de ganadería,",",032,",",Argentina,",",5510,",",Producción,",",01930.01,",","Menta, hierbabuena",","
"QCL,",Cultivos y productos de ganadería,",",032,",",Argentina,",",5312,",",Área cosechada,",",01930.01,",","Menta, hierbabuena",","
"QCL,",Cultivos y productos de ganadería,",",032,",",Argentina,",",5412,",",Rendimiento,",",01930.01,",","Menta, hierbabuena",","
"QCL,",Cultivos y productos de ganadería,",",032,",",Argentina,",",5510,",",Producción,",",01930.01,",","Menta, hierbabuena",","
"QCL,",Cultivos y productos de ganadería,",",032,",",Argentina,",",5312,",",Área cosechada,",",01930.01,",","Menta, hierbabuena",","
"QCL,",Cultivos y productos de ganadería,",",032,",",Argentina,",",5412,",",Rendimiento,",",01930.01,",","Menta, hierbabuena",","
"QCL,",Cultivos y productos de ganadería,",",032,",",Argentina,",",5510,",",Producción,",",01930.01,",","Menta, hierbabuena",","
"QCL,",Cultivos y productos de ganadería,",",032,",",Argentina,",",5312,",",Área cosechada,",",01930.01,",","Menta, hierbabuena",","
"QCL,",Cultivos y productos de ganadería,",",032,",",Argentina,",",5412,",",Rendimiento,",",01930.01,",","Menta, hierbabuena",","
"QCL,",Cultivos y productos de ganadería,",",032,",",Argentina,",",5510,",",Producción,",",01930.01,",","Menta, hierbabuena",","
"QCL,",Cultivos y productos de ganadería,",",032,",",Argentina,",",5312,",",Área cosechada,",",01930.01,",","Menta, hierbabuena",","
"QCL,",Cultivos y productos de ganadería,",",032,",",Argentina,",",5412,",",Rendimiento,",",01930.01,",","Menta, hierbabuena",","
"QCL,",Cultivos y productos de ganadería,",",032,",",Argentina,",",5510,",",Producción,",",01930.01,",","Menta, hierbabuena",","
"QCL,",Cultivos y productos de ganadería,",",032,",",Argentina,",",5312,",",Área cosechada,",",0118,",",Mijo,","
"QCL,",Cultivos y productos de ganadería,",",032,",",Argentina,",",5412,",",Rendimiento,",",0118,",",Mijo,","
"QCL,",Cultivos y productos de ganadería,",",032,",",Argentina,",",5510,",",Producción,",",0118,",",Mijo,","
"QCL,",Cultivos y productos de ganadería,",",032,",",Argentina,",",5312,",",Área cosechada,",",0118,",",Mijo,","
"QCL,",Cultivos y productos de ganadería,",",032,",",Argentina,",",5412,",",Rendimiento,",",0118,",",Mijo,","
"QCL,",Cultivos y productos de ganadería,",",032,",",Argentina,",",5510,",",Producción,",",0118,",",Mijo,","
"QCL,",Cultivos y productos de ganadería,",",032,",",Argentina,",",5312,",",Área cosechada,",",0118,",",Mijo,","
"QCL,",Cultivos y productos de ganadería,",",032,",",Argentina,",",5412,",",Rendimiento,",",0118,",",Mijo,","
"QCL,",Cultivos y productos de ganadería,",",032,",",Argentina,",",5510,",",Producción,",",0118,",",Mijo,","
"QCL,",Cultivos y productos de ganadería,",",032,",",Argentina,",",5312,",",Área cosechada,",",0118,",",Mijo,","
"QCL,",Cultivos y productos de ganadería,",",032,",",Argentina,",",5412,",",Rendimiento,",",0118,",",Mijo,","
"QCL,",Cultivos y productos de ganadería,",",032,",",Argentina,",",5510,",",Producción,",",0118,",",Mijo,","
"QCL,",Cultivos y productos de ganadería,",",032,",",Argentina,",",5312,",",Área cosechada,",",0118,",",Mijo,","
"QCL,",Cultivos y productos de ganadería,",",032,",",Argentina,",",5412,",",Rendimiento,",",0118,",",Mijo,","
"QCL,",Cultivos y productos de ganadería,",",032,",",Argentina,",",5510,",",Producción,",",0118,",",Mijo,","
"QCL,",Cultivos y productos de ganadería,",",032,",",Argentina,",",5312,",",Área cosechada,",",0118,",",Mijo,","
"QCL,",Cultivos y productos de ganadería,",",032,",",Argentina,",",5412,",",Rendimiento,",",0118,",",Mijo,","
"QCL,",Cultivos y productos de ganadería,",",032,",",Argentina,",",5510,",",Producción,",",0118,",",Mijo,","
"QCL,",Cultivos y productos de ganadería,",",032,",",Argentina,",",5312,",",Área cosechada,",",0118,",",Mijo,","
"QCL,",Cultivos y productos de ganadería,",",032,",",Argentina,",",5412,",",Rendimiento,",",0118,",",Mijo,","
"QCL,",Cultivos y productos de ganadería,",",032,",",Argentina,",",5510,",",Producción,",",0118,",",Mijo,","
"QCL,",Cultivos y productos de ganadería,",",032,",",Argentina,",",5312,",",Área cosechada,",",0118,",",Mijo,","
"QCL,",Cultivos y productos de ganadería,",",032,",",Argentina,",",5412,",",Rendimiento,",",0118,",",Mijo,","
"QCL,",Cultivos y productos de ganadería,",",032,",",Argentina,",",5510,",",Producción,",",0118,",",Mijo,","
"QCL,",Cultivos y productos de ganadería,",",032,",",Argentina,",",5312,",",Área cosechada,",",0118,",",Mijo,","
"QCL,",Cultivos y productos de ganadería,",",032,",",Argentina,",",5412,",",Rendimiento,",",0118,",",Mijo,","
"QCL,",Cultivos y productos de ganadería,",",032,",",Argentina,",",5510,",",Producción,",",0118,",",Mijo,","
"QCL,",Cultivos y productos de ganadería,",",032,",",Argentina,",",5312,",",Área cosechada,",",0118,",",Mijo,","
"QCL,",Cultivos y productos de ganadería,",",032,",",Argentina,",",5412,",",Rendimiento,",",0118,",",Mijo,","
"QCL,",Cultivos y productos de ganadería,",",032,",",Argentina,",",5510,",",Producción,",",0118,",",Mijo,","
"QCL,",Cultivos y productos de ganadería,",",032,",",Argentina,",",5312,",",Área cosechada,",",0118,",",Mijo,","
"QCL,",Cultivos y productos de ganadería,",",032,",",Argentina,",",5412,",",Rendimiento,",",0118,",",Mijo,","
"QCL,",Cultivos y productos de ganadería,",",032,",",Argentina,",",5510,",",Producción,",",0118,",",Mijo,","
"QCL,",Cultivos y productos de ganadería,",",032,",",Argentina,",",5312,",",Área cosechada,",",0118,",",Mijo,","
"QCL,",Cultivos y productos de ganadería,",",032,",",Argentina,",",5412,",",Rendimiento,",",0118,",",Mijo,","
"QCL,",Cultivos y productos de ganadería,",",032,",",Argentina,",",5510,",",Producción,",",0118,",",Mijo,","
"QCL,",Cultivos y productos de ganadería,",",032,",",Argentina,",",5312,",",Área cosechada,",",0118,",",Mijo,","
"QCL,",Cultivos y productos de ganadería,",",032,",",Argentina,",",5412,",",Rendimiento,",",0118,",",Mijo,","
"QCL,",Cultivos y productos de ganadería,",",032,",",Argentina,",",5510,",",Producción,",",0118,",",Mijo,","
"QCL,",Cultivos y productos de ganadería,",",032,",",Argentina,",",5312,",",Área cosechada,",",0118,",",Mijo,","
"QCL,",Cultivos y productos de ganadería,",",032,",",Argentina,",",5412,",",Rendimiento,",",0118,",",Mijo,","
"QCL,",Cultivos y productos de ganadería,",",032,",",Argentina,",",5510,",",Producción,",",0118,",",Mijo,","
"QCL,",Cultivos y productos de ganadería,",",032,",",Argentina,",",5312,",",Área cosechada,",",0118,",",Mijo,","
"QCL,",Cultivos y productos de ganadería,",",032,",",Argentina,",",5412,",",Rendimiento,",",0118,",",Mijo,","
"QCL,",Cultivos y productos de ganadería,",",032,",",Argentina,",",5510,",",Producción,",",0118,",",Mijo,","
"QCL,",Cultivos y productos de ganadería,",",032,",",Argentina,",",5312,",",Área cosechada,",",01323,",",Naranjas,","
"QCL,",Cultivos y productos de ganadería,",",032,",",Argentina,",",5412,",",Rendimiento,",",01323,",",Naranjas,","
"QCL,",Cultivos y productos de ganadería,",",032,",",Argentina,",",5510,",",Producción,",",01323,",",Naranjas,","
"QCL,",Cultivos y productos de ganadería,",",032,",",Argentina,",",5312,",",Área cosechada,",",01323,",",Naranjas,","
"QCL,",Cultivos y productos de ganadería,",",032,",",Argentina,",",5412,",",Rendimiento,",",01323,",",Naranjas,","
"QCL,",Cultivos y productos de ganadería,",",032,",",Argentina,",",5510,",",Producción,",",01323,",",Naranjas,","
"QCL,",Cultivos y productos de ganadería,",",032,",",Argentina,",",5312,",",Área cosechada,",",01323,",",Naranjas,","
"QCL,",Cultivos y productos de ganadería,",",032,",",Argentina,",",5412,",",Rendimiento,",",01323,",",Naranjas,","
"QCL,",Cultivos y productos de ganadería,",",032,",",Argentina,",",5510,",",Producción,",",01323,",",Naranjas,","
"QCL,",Cultivos y productos de ganadería,",",032,",",Argentina,",",5312,",",Área cosechada,",",01323,",",Naranjas,","
"QCL,",Cultivos y productos de ganadería,",",032,",",Argentina,",",5412,",",Rendimiento,",",01323,",",Naranjas,","
"QCL,",Cultivos y productos de ganadería,",",032,",",Argentina,",",5510,",",Producción,",",01323,",",Naranjas,","
"QCL,",Cultivos y productos de ganadería,",",032,",",Argentina,",",5312,",",Área cosechada,",",01323,",",Naranjas,","
"QCL,",Cultivos y productos de ganadería,",",032,",",Argentina,",",5412,",",Rendimiento,",",01323,",",Naranjas,","
"QCL,",Cultivos y productos de ganadería,",",032,",",Argentina,",",5510,",",Producción,",",01323,",",Naranjas,","
"QCL,",Cultivos y productos de ganadería,",",032,",",Argentina,",",5312,",",Área cosechada,",",01323,",",Naranjas,","
"QCL,",Cultivos y productos de ganadería,",",032,",",Argentina,",",5412,",",Rendimiento,",",01323,",",Naranjas,","
"QCL,",Cultivos y productos de ganadería,",",032,",",Argentina,",",5510,",",Producción,",",01323,",",Naranjas,","
"QCL,",Cultivos y productos de ganadería,",",032,",",Argentina,",",5312,",",Área cosechada,",",01323,",",Naranjas,","
"QCL,",Cultivos y productos de ganadería,",",032,",",Argentina,",",5412,",",Rendimiento,",",01323,",",Naranjas,","
"QCL,",Cultivos y productos de ganadería,",",032,",",Argentina,",",5510,",",Producción,",",01323,",",Naranjas,","
"QCL,",Cultivos y productos de ganadería,",",032,",",Argentina,",",5312,",",Área cosechada,",",01323,",",Naranjas,","
"QCL,",Cultivos y productos de ganadería,",",032,",",Argentina,",",5412,",",Rendimiento,",",01323,",",Naranjas,","
"QCL,",Cultivos y productos de ganadería,",",032,",",Argentina,",",5510,",",Producción,",",01323,",",Naranjas,","
"QCL,",Cultivos y productos de ganadería,",",032,",",Argentina,",",5312,",",Área cosechada,",",01323,",",Naranjas,","
"QCL,",Cultivos y productos de ganadería,",",032,",",Argentina,",",5412,",",Rendimiento,",",01323,",",Naranjas,","
"QCL,",Cultivos y productos de ganadería,",",032,",",Argentina,",",5510,",",Producción,",",01323,",",Naranjas,","
"QCL,",Cultivos y productos de ganadería,",",032,",",Argentina,",",5312,",",Área cosechada,",",01323,",",Naranjas,","
"QCL,",Cultivos y productos de ganadería,",",032,",",Argentina,",",5412,",",Rendimiento,",",01323,",",Naranjas,","
"QCL,",Cultivos y productos de ganadería,",",032,",",Argentina,",",5510,",",Producción,",",01323,",",Naranjas,","
"QCL,",Cultivos y productos de ganadería,",",032,",",Argentina,",",5312,",",Área cosechada,",",01323,",",Naranjas,","
"QCL,",Cultivos y productos de ganadería,",",032,",",Argentina,",",5412,",",Rendimiento,",",01323,",",Naranjas,","
"QCL,",Cultivos y productos de ganadería,",",032,",",Argentina,",",5510,",",Producción,",",01323,",",Naranjas,","
"QCL,",Cultivos y productos de ganadería,",",032,",",Argentina,",",5312,",",Área cosechada,",",01323,",",Naranjas,","
"QCL,",Cultivos y productos de ganadería,",",032,",",Argentina,",",5412,",",Rendimiento,",",01323,",",Naranjas,","
"QCL,",Cultivos y productos de ganadería,",",032,",",Argentina,",",5510,",",Producción,",",01323,",",Naranjas,","
"QCL,",Cultivos y productos de ganadería,",",032,",",Argentina,",",5312,",",Área cosechada,",",01323,",",Naranjas,","
"QCL,",Cultivos y productos de ganadería,",",032,",",Argentina,",",5412,",",Rendimiento,",",01323,",",Naranjas,","
"QCL,",Cultivos y productos de ganadería,",",032,",",Argentina,",",5510,",",Producción,",",01323,",",Naranjas,","
"QCL,",Cultivos y productos de ganadería,",",032,",",Argentina,",",5312,",",Área cosechada,",",01323,",",Naranjas,","
"QCL,",Cultivos y productos de ganadería,",",032,",",Argentina,",",5412,",",Rendimiento,",",01323,",",Naranjas,","
"QCL,",Cultivos y productos de ganadería,",",032,",",Argentina,",",5510,",",Producción,",",01323,",",Naranjas,","
"QCL,",Cultivos y productos de ganadería,",",032,",",Argentina,",",5312,",",Área cosechada,",",01323,",",Naranjas,","
"QCL,",Cultivos y productos de ganadería,",",032,",",Argentina,",",5412,",",Rendimiento,",",01323,",",Naranjas,","
"QCL,",Cultivos y productos de ganadería,",",032,",",Argentina,",",5510,",",Producción,",",01323,",",Naranjas,","
"QCL,",Cultivos y productos de ganadería,",",032,",",Argentina,",",5312,",",Área cosechada,",",01376,",",Nueces de nogal con cáscara,","
"QCL,",Cultivos y productos de ganadería,",",032,",",Argentina,",",5412,",",Rendimiento,",",01376,",",Nueces de nogal con cáscara,","
"QCL,",Cultivos y productos de ganadería,",",032,",",Argentina,",",5510,",",Producción,",",01376,",",Nueces de nogal con cáscara,","
"QCL,",Cultivos y productos de ganadería,",",032,",",Argentina,",",5312,",",Área cosechada,",",01376,",",Nueces de nogal con cáscara,","
"QCL,",Cultivos y productos de ganadería,",",032,",",Argentina,",",5412,",",Rendimiento,",",01376,",",Nueces de nogal con cáscara,","
"QCL,",Cultivos y productos de ganadería,",",032,",",Argentina,",",5510,",",Producción,",",01376,",",Nueces de nogal con cáscara,","
"QCL,",Cultivos y productos de ganadería,",",032,",",Argentina,",",5312,",",Área cosechada,",",01376,",",Nueces de nogal con cáscara,","
"QCL,",Cultivos y productos de ganadería,",",032,",",Argentina,",",5412,",",Rendimiento,",",01376,",",Nueces de nogal con cáscara,","
"QCL,",Cultivos y productos de ganadería,",",032,",",Argentina,",",5510,",",Producción,",",01376,",",Nueces de nogal con cáscara,","
"QCL,",Cultivos y productos de ganadería,",",032,",",Argentina,",",5312,",",Área cosechada,",",01376,",",Nueces de nogal con cáscara,","
"QCL,",Cultivos y productos de ganadería,",",032,",",Argentina,",",5412,",",Rendimiento,",",01376,",",Nueces de nogal con cáscara,","
"QCL,",Cultivos y productos de ganadería,",",032,",",Argentina,",",5510,",",Producción,",",01376,",",Nueces de nogal con cáscara,","
"QCL,",Cultivos y productos de ganadería,",",032,",",Argentina,",",5312,",",Área cosechada,",",01376,",",Nueces de nogal con cáscara,","
"QCL,",Cultivos y productos de ganadería,",",032,",",Argentina,",",5412,",",Rendimiento,",",01376,",",Nueces de nogal con cáscara,","
"QCL,",Cultivos y productos de ganadería,",",032,",",Argentina,",",5510,",",Producción,",",01376,",",Nueces de nogal con cáscara,","
"QCL,",Cultivos y productos de ganadería,",",032,",",Argentina,",",5312,",",Área cosechada,",",01376,",",Nueces de nogal con cáscara,","
"QCL,",Cultivos y productos de ganadería,",",032,",",Argentina,",",5412,",",Rendimiento,",",01376,",",Nueces de nogal con cáscara,","
"QCL,",Cultivos y productos de ganadería,",",032,",",Argentina,",",5510,",",Producción,",",01376,",",Nueces de nogal con cáscara,","
"QCL,",Cultivos y productos de ganadería,",",032,",",Argentina,",",5312,",",Área cosechada,",",01376,",",Nueces de nogal con cáscara,","
"QCL,",Cultivos y productos de ganadería,",",032,",",Argentina,",",5412,",",Rendimiento,",",01376,",",Nueces de nogal con cáscara,","
"QCL,",Cultivos y productos de ganadería,",",032,",",Argentina,",",5510,",",Producción,",",01376,",",Nueces de nogal con cáscara,","
"QCL,",Cultivos y productos de ganadería,",",032,",",Argentina,",",5312,",",Área cosechada,",",01376,",",Nueces de nogal con cáscara,","
"QCL,",Cultivos y productos de ganadería,",",032,",",Argentina,",",5412,",",Rendimiento,",",01376,",",Nueces de nogal con cáscara,","
"QCL,",Cultivos y productos de ganadería,",",032,",",Argentina,",",5510,",",Producción,",",01376,",",Nueces de nogal con cáscara,","
"QCL,",Cultivos y productos de ganadería,",",032,",",Argentina,",",5312,",",Área cosechada,",",01376,",",Nueces de nogal con cáscara,","
"QCL,",Cultivos y productos de ganadería,",",032,",",Argentina,",",5412,",",Rendimiento,",",01376,",",Nueces de nogal con cáscara,","
"QCL,",Cultivos y productos de ganadería,",",032,",",Argentina,",",5510,",",Producción,",",01376,",",Nueces de nogal con cáscara,","
"QCL,",Cultivos y productos de ganadería,",",032,",",Argentina,",",5312,",",Área cosechada,",",01376,",",Nueces de nogal con cáscara,","
"QCL,",Cultivos y productos de ganadería,",",032,",",Argentina,",",5412,",",Rendimiento,",",01376,",",Nueces de nogal con cáscara,","
"QCL,",Cultivos y productos de ganadería,",",032,",",Argentina,",",5510,",",Producción,",",01376,",",Nueces de nogal con cáscara,","
"QCL,",Cultivos y productos de ganadería,",",032,",",Argentina,",",5312,",",Área cosechada,",",01376,",",Nueces de nogal con cáscara,","
"QCL,",Cultivos y productos de ganadería,",",032,",",Argentina,",",5412,",",Rendimiento,",",01376,",",Nueces de nogal con cáscara,","
"QCL,",Cultivos y productos de ganadería,",",032,",",Argentina,",",5510,",",Producción,",",01376,",",Nueces de nogal con cáscara,","
"QCL,",Cultivos y productos de ganadería,",",032,",",Argentina,",",5312,",",Área cosechada,",",01376,",",Nueces de nogal con cáscara,","
"QCL,",Cultivos y productos de ganadería,",",032,",",Argentina,",",5412,",",Rendimiento,",",01376,",",Nueces de nogal con cáscara,","
"QCL,",Cultivos y productos de ganadería,",",032,",",Argentina,",",5510,",",Producción,",",01376,",",Nueces de nogal con cáscara,","
"QCL,",Cultivos y productos de ganadería,",",032,",",Argentina,",",5312,",",Área cosechada,",",01376,",",Nueces de nogal con cáscara,","
"QCL,",Cultivos y productos de ganadería,",",032,",",Argentina,",",5412,",",Rendimiento,",",01376,",",Nueces de nogal con cáscara,","
"QCL,",Cultivos y productos de ganadería,",",032,",",Argentina,",",5510,",",Producción,",",01376,",",Nueces de nogal con cáscara,","
"QCL,",Cultivos y productos de ganadería,",",032,",",Argentina,",",5312,",",Área cosechada,",",01376,",",Nueces de nogal con cáscara,","
"QCL,",Cultivos y productos de ganadería,",",032,",",Argentina,",",5412,",",Rendimiento,",",01376,",",Nueces de nogal con cáscara,","
"QCL,",Cultivos y productos de ganadería,",",032,",",Argentina,",",5510,",",Producción,",",01376,",",Nueces de nogal con cáscara,","
"QCL,",Cultivos y productos de ganadería,",",032,",",Argentina,",",5312,",",Área cosechada,",",01376,",",Nueces de nogal con cáscara,","
"QCL,",Cultivos y productos de ganadería,",",032,",",Argentina,",",5412,",",Rendimiento,",",01376,",",Nueces de nogal con cáscara,","
"QCL,",Cultivos y productos de ganadería,",",032,",",Argentina,",",5510,",",Producción,",",01376,",",Nueces de nogal con cáscara,","
"QCL,",Cultivos y productos de ganadería,",",032,",",Argentina,",",5312,",",Área cosechada,",",01499.02,",",Nueces de tung,","
"QCL,",Cultivos y productos de ganadería,",",032,",",Argentina,",",5412,",",Rendimiento,",",01499.02,",",Nueces de tung,","
"QCL,",Cultivos y productos de ganadería,",",032,",",Argentina,",",5510,",",Producción,",",01499.02,",",Nueces de tung,","
"QCL,",Cultivos y productos de ganadería,",",032,",",Argentina,",",5312,",",Área cosechada,",",01499.02,",",Nueces de tung,","
"QCL,",Cultivos y productos de ganadería,",",032,",",Argentina,",",5412,",",Rendimiento,",",01499.02,",",Nueces de tung,","
"QCL,",Cultivos y productos de ganadería,",",032,",",Argentina,",",5510,",",Producción,",",01499.02,",",Nueces de tung,","
"QCL,",Cultivos y productos de ganadería,",",032,",",Argentina,",",5312,",",Área cosechada,",",01499.02,",",Nueces de tung,","
"QCL,",Cultivos y productos de ganadería,",",032,",",Argentina,",",5412,",",Rendimiento,",",01499.02,",",Nueces de tung,","
"QCL,",Cultivos y productos de ganadería,",",032,",",Argentina,",",5510,",",Producción,",",01499.02,",",Nueces de tung,","
"QCL,",Cultivos y productos de ganadería,",",032,",",Argentina,",",5312,",",Área cosechada,",",01499.02,",",Nueces de tung,","
"QCL,",Cultivos y productos de ganadería,",",032,",",Argentina,",",5412,",",Rendimiento,",",01499.02,",",Nueces de tung,","
"QCL,",Cultivos y productos de ganadería,",",032,",",Argentina,",",5510,",",Producción,",",01499.02,",",Nueces de tung,","
"QCL,",Cultivos y productos de ganadería,",",032,",",Argentina,",",5312,",",Área cosechada,",",01499.02,",",Nueces de tung,","
"QCL,",Cultivos y productos de ganadería,",",032,",",Argentina,",",5412,",",Rendimiento,",",01499.02,",",Nueces de tung,","
"QCL,",Cultivos y productos de ganadería,",",032,",",Argentina,",",5510,",",Producción,",",01499.02,",",Nueces de tung,","
"QCL,",Cultivos y productos de ganadería,",",032,",",Argentina,",",5312,",",Área cosechada,",",01499.02,",",Nueces de tung,","
"QCL,",Cultivos y productos de ganadería,",",032,",",Argentina,",",5412,",",Rendimiento,",",01499.02,",",Nueces de tung,","
"QCL,",Cultivos y productos de ganadería,",",032,",",Argentina,",",5510,",",Producción,",",01499.02,",",Nueces de tung,","
"QCL,",Cultivos y productos de ganadería,",",032,",",Argentina,",",5312,",",Área cosechada,",",01499.02,",",Nueces de tung,","
"QCL,",Cultivos y productos de ganadería,",",032,",",Argentina,",",5412,",",Rendimiento,",",01499.02,",",Nueces de tung,","
"QCL,",Cultivos y productos de ganadería,",",032,",",Argentina,",",5510,",",Producción,",",01499.02,",",Nueces de tung,","
"QCL,",Cultivos y productos de ganadería,",",032,",",Argentina,",",5312,",",Área cosechada,",",01499.02,",",Nueces de tung,","
"QCL,",Cultivos y productos de ganadería,",",032,",",Argentina,",",5412,",",Rendimiento,",",01499.02,",",Nueces de tung,","
"QCL,",Cultivos y productos de ganadería,",",032,",",Argentina,",",5510,",",Producción,",",01499.02,",",Nueces de tung,","
"QCL,",Cultivos y productos de ganadería,",",032,",",Argentina,",",5312,",",Área cosechada,",",01499.02,",",Nueces de tung,","
"QCL,",Cultivos y productos de ganadería,",",032,",",Argentina,",",5412,",",Rendimiento,",",01499.02,",",Nueces de tung,","
"QCL,",Cultivos y productos de ganadería,",",032,",",Argentina,",",5510,",",Producción,",",01499.02,",",Nueces de tung,","
"QCL,",Cultivos y productos de ganadería,",",032,",",Argentina,",",5312,",",Área cosechada,",",01499.02,",",Nueces de tung,","
"QCL,",Cultivos y productos de ganadería,",",032,",",Argentina,",",5412,",",Rendimiento,",",01499.02,",",Nueces de tung,","
"QCL,",Cultivos y productos de ganadería,",",032,",",Argentina,",",5510,",",Producción,",",01499.02,",",Nueces de tung,","
"QCL,",Cultivos y productos de ganadería,",",032,",",Argentina,",",5312,",",Área cosechada,",",01499.02,",",Nueces de tung,","
"QCL,",Cultivos y productos de ganadería,",",032,",",Argentina,",",5412,",",Rendimiento,",",01499.02,",",Nueces de tung,","
"QCL,",Cultivos y productos de ganadería,",",032,",",Argentina,",",5510,",",Producción,",",01499.02,",",Nueces de tung,","
"QCL,",Cultivos y productos de ganadería,",",032,",",Argentina,",",5312,",",Área cosechada,",",01499.02,",",Nueces de tung,","
"QCL,",Cultivos y productos de ganadería,",",032,",",Argentina,",",5412,",",Rendimiento,",",01499.02,",",Nueces de tung,","
"QCL,",Cultivos y productos de ganadería,",",032,",",Argentina,",",5510,",",Producción,",",01499.02,",",Nueces de tung,","
"QCL,",Cultivos y productos de ganadería,",",032,",",Argentina,",",5312,",",Área cosechada,",",01499.02,",",Nueces de tung,","
"QCL,",Cultivos y productos de ganadería,",",032,",",Argentina,",",5412,",",Rendimiento,",",01499.02,",",Nueces de tung,","
"QCL,",Cultivos y productos de ganadería,",",032,",",Argentina,",",5510,",",Producción,",",01499.02,",",Nueces de tung,","
"QCL,",Cultivos y productos de ganadería,",",032,",",Argentina,",",5312,",",Área cosechada,",",01499.02,",",Nueces de tung,","
"QCL,",Cultivos y productos de ganadería,",",032,",",Argentina,",",5412,",",Rendimiento,",",01499.02,",",Nueces de tung,","
"QCL,",Cultivos y productos de ganadería,",",032,",",Argentina,",",5510,",",Producción,",",01499.02,",",Nueces de tung,","
"QCL,",Cultivos y productos de ganadería,",",032,",",Argentina,",",5312,",",Área cosechada,",",01499.02,",",Nueces de tung,","
"QCL,",Cultivos y productos de ganadería,",",032,",",Argentina,",",5412,",",Rendimiento,",",01499.02,",",Nueces de tung,","
"QCL,",Cultivos y productos de ganadería,",",032,",",Argentina,",",5510,",",Producción,",",01499.02,",",Nueces de tung,","
"QCL,",Cultivos y productos de ganadería,",",032,",",Argentina,",",5312,",",Área cosechada,",",01929.90,",","Otras fibras textiles, en bruto, n.e.p.",","
"QCL,",Cultivos y productos de ganadería,",",032,",",Argentina,",",5412,",",Rendimiento,",",01929.90,",","Otras fibras textiles, en bruto, n.e.p.",","
"QCL,",Cultivos y productos de ganadería,",",032,",",Argentina,",",5510,",",Producción,",",01929.90,",","Otras fibras textiles, en bruto, n.e.p.",","
"QCL,",Cultivos y productos de ganadería,",",032,",",Argentina,",",5312,",",Área cosechada,",",01929.90,",","Otras fibras textiles, en bruto, n.e.p.",","
"QCL,",Cultivos y productos de ganadería,",",032,",",Argentina,",",5412,",",Rendimiento,",",01929.90,",","Otras fibras textiles, en bruto, n.e.p.",","
"QCL,",Cultivos y productos de ganadería,",",032,",",Argentina,",",5510,",",Producción,",",01929.90,",","Otras fibras textiles, en bruto, n.e.p.",","
"QCL,",Cultivos y productos de ganadería,",",032,",",Argentina,",",5312,",",Área cosechada,",",01929.90,",","Otras fibras textiles, en bruto, n.e.p.",","
"QCL,",Cultivos y productos de ganadería,",",032,",",Argentina,",",5412,",",Rendimiento,",",01929.90,",","Otras fibras textiles, en bruto, n.e.p.",","
"QCL,",Cultivos y productos de ganadería,",",032,",",Argentina,",",5510,",",Producción,",",01929.90,",","Otras fibras textiles, en bruto, n.e.p.",","
"QCL,",Cultivos y productos de ganadería,",",032,",",Argentina,",",5312,",",Área cosechada,",",01929.90,",","Otras fibras textiles, en bruto, n.e.p.",","
"QCL,",Cultivos y productos de ganadería,",",032,",",Argentina,",",5412,",",Rendimiento,",",01929.90,",","Otras fibras textiles, en bruto, n.e.p.",","
"QCL,",Cultivos y productos de ganadería,",",032,",",Argentina,",",5510,",",Producción,",",01929.90,",","Otras fibras textiles, en bruto, n.e.p.",","
"QCL,",Cultivos y productos de ganadería,",",032,",",Argentina,",",5312,",",Área cosechada,",",01929.90,",","Otras fibras textiles, en bruto, n.e.p.",","
"QCL,",Cultivos y productos de ganadería,",",032,",",Argentina,",",5412,",",Rendimiento,",",01929.90,",","Otras fibras textiles, en bruto, n.e.p.",","
"QCL,",Cultivos y productos de ganadería,",",032,",",Argentina,",",5510,",",Producción,",",01929.90,",","Otras fibras textiles, en bruto, n.e.p.",","
"QCL,",Cultivos y productos de ganadería,",",032,",",Argentina,",",5312,",",Área cosechada,",",01929.90,",","Otras fibras textiles, en bruto, n.e.p.",","
"QCL,",Cultivos y productos de ganadería,",",032,",",Argentina,",",5412,",",Rendimiento,",",01929.90,",","Otras fibras textiles, en bruto, n.e.p.",","
"QCL,",Cultivos y productos de ganadería,",",032,",",Argentina,",",5510,",",Producción,",",01929.90,",","Otras fibras textiles, en bruto, n.e.p.",","
"QCL,",Cultivos y productos de ganadería,",",032,",",Argentina,",",5312,",",Área cosechada,",",01929.90,",","Otras fibras textiles, en bruto, n.e.p.",","
"QCL,",Cultivos y productos de ganadería,",",032,",",Argentina,",",5412,",",Rendimiento,",",01929.90,",","Otras fibras textiles, en bruto, n.e.p.",","
"QCL,",Cultivos y productos de ganadería,",",032,",",Argentina,",",5510,",",Producción,",",01929.90,",","Otras fibras textiles, en bruto, n.e.p.",","
"QCL,",Cultivos y productos de ganadería,",",032,",",Argentina,",",5312,",",Área cosechada,",",01929.90,",","Otras fibras textiles, en bruto, n.e.p.",","
"QCL,",Cultivos y productos de ganadería,",",032,",",Argentina,",",5412,",",Rendimiento,",",01929.90,",","Otras fibras textiles, en bruto, n.e.p.",","
"QCL,",Cultivos y productos de ganadería,",",032,",",Argentina,",",5510,",",Producción,",",01929.90,",","Otras fibras textiles, en bruto, n.e.p.",","
"QCL,",Cultivos y productos de ganadería,",",032,",",Argentina,",",5312,",",Área cosechada,",",01929.90,",","Otras fibras textiles, en bruto, n.e.p.",","
"QCL,",Cultivos y productos de ganadería,",",032,",",Argentina,",",5412,",",Rendimiento,",",01929.90,",","Otras fibras textiles, en bruto, n.e.p.",","
"QCL,",Cultivos y productos de ganadería,",",032,",",Argentina,",",5510,",",Producción,",",01929.90,",","Otras fibras textiles, en bruto, n.e.p.",","
"QCL,",Cultivos y productos de ganadería,",",032,",",Argentina,",",5312,",",Área cosechada,",",01929.90,",","Otras fibras textiles, en bruto, n.e.p.",","
"QCL,",Cultivos y productos de ganadería,",",032,",",Argentina,",",5412,",",Rendimiento,",",01929.90,",","Otras fibras textiles, en bruto, n.e.p.",","
"QCL,",Cultivos y productos de ganadería,",",032,",",Argentina,",",5510,",",Producción,",",01929.90,",","Otras fibras textiles, en bruto, n.e.p.",","
"QCL,",Cultivos y productos de ganadería,",",032,",",Argentina,",",5312,",",Área cosechada,",",01929.90,",","Otras fibras textiles, en bruto, n.e.p.",","
"QCL,",Cultivos y productos de ganadería,",",032,",",Argentina,",",5412,",",Rendimiento,",",01929.90,",","Otras fibras textiles, en bruto, n.e.p.",","
"QCL,",Cultivos y productos de ganadería,",",032,",",Argentina,",",5510,",",Producción,",",01929.90,",","Otras fibras textiles, en bruto, n.e.p.",","
"QCL,",Cultivos y productos de ganadería,",",032,",",Argentina,",",5312,",",Área cosechada,",",01929.90,",","Otras fibras textiles, en bruto, n.e.p.",","
"QCL,",Cultivos y productos de ganadería,",",032,",",Argentina,",",5412,",",Rendimiento,",",01929.90,",","Otras fibras textiles, en bruto, n.e.p.",","
"QCL,",Cultivos y productos de ganadería,",",032,",",Argentina,",",5510,",",Producción,",",01929.90,",","Otras fibras textiles, en bruto, n.e.p.",","
"QCL,",Cultivos y productos de ganadería,",",032,",",Argentina,",",5312,",",Área cosechada,",",01929.90,",","Otras fibras textiles, en bruto, n.e.p.",","
"QCL,",Cultivos y productos de ganadería,",",032,",",Argentina,",",5412,",",Rendimiento,",",01929.90,",","Otras fibras textiles, en bruto, n.e.p.",","
"QCL,",Cultivos y productos de ganadería,",",032,",",Argentina,",",5510,",",Producción,",",01929.90,",","Otras fibras textiles, en bruto, n.e.p.",","
"QCL,",Cultivos y productos de ganadería,",",032,",",Argentina,",",5312,",",Área cosechada,",",01929.90,",","Otras fibras textiles, en bruto, n.e.p.",","
"QCL,",Cultivos y productos de ganadería,",",032,",",Argentina,",",5412,",",Rendimiento,",",01929.90,",","Otras fibras textiles, en bruto, n.e.p.",","
"QCL,",Cultivos y productos de ganadería,",",032,",",Argentina,",",5510,",",Producción,",",01929.90,",","Otras fibras textiles, en bruto, n.e.p.",","
"QCL,",Cultivos y productos de ganadería,",",032,",",Argentina,",",5312,",",Área cosechada,",",01929.90,",","Otras fibras textiles, en bruto, n.e.p.",","
"QCL,",Cultivos y productos de ganadería,",",032,",",Argentina,",",5412,",",Rendimiento,",",01929.90,",","Otras fibras textiles, en bruto, n.e.p.",","
"QCL,",Cultivos y productos de ganadería,",",032,",",Argentina,",",5510,",",Producción,",",01929.90,",","Otras fibras textiles, en bruto, n.e.p.",","
"QCL,",Cultivos y productos de ganadería,",",032,",",Argentina,",",5312,",",Área cosechada,",",01290.90,",",Otras hortalizas frescas n.c.p.,","
"QCL,",Cultivos y productos de ganadería,",",032,",",Argentina,",",5412,",",Rendimiento,",",01290.90,",",Otras hortalizas frescas n.c.p.,","
"QCL,",Cultivos y productos de ganadería,",",032,",",Argentina,",",5510,",",Producción,",",01290.90,",",Otras hortalizas frescas n.c.p.,","
"QCL,",Cultivos y productos de ganadería,",",032,",",Argentina,",",5312,",",Área cosechada,",",01290.90,",",Otras hortalizas frescas n.c.p.,","
"QCL,",Cultivos y productos de ganadería,",",032,",",Argentina,",",5412,",",Rendimiento,",",01290.90,",",Otras hortalizas frescas n.c.p.,","
"QCL,",Cultivos y productos de ganadería,",",032,",",Argentina,",",5510,",",Producción,",",01290.90,",",Otras hortalizas frescas n.c.p.,","
"QCL,",Cultivos y productos de ganadería,",",032,",",Argentina,",",5312,",",Área cosechada,",",01290.90,",",Otras hortalizas frescas n.c.p.,","
"QCL,",Cultivos y productos de ganadería,",",032,",",Argentina,",",5412,",",Rendimiento,",",01290.90,",",Otras hortalizas frescas n.c.p.,","
"QCL,",Cultivos y productos de ganadería,",",032,",",Argentina,",",5510,",",Producción,",",01290.90,",",Otras hortalizas frescas n.c.p.,","
"QCL,",Cultivos y productos de ganadería,",",032,",",Argentina,",",5312,",",Área cosechada,",",01290.90,",",Otras hortalizas frescas n.c.p.,","
"QCL,",Cultivos y productos de ganadería,",",032,",",Argentina,",",5412,",",Rendimiento,",",01290.90,",",Otras hortalizas frescas n.c.p.,","
"QCL,",Cultivos y productos de ganadería,",",032,",",Argentina,",",5510,",",Producción,",",01290.90,",",Otras hortalizas frescas n.c.p.,","
"QCL,",Cultivos y productos de ganadería,",",032,",",Argentina,",",5312,",",Área cosechada,",",01290.90,",",Otras hortalizas frescas n.c.p.,","
"QCL,",Cultivos y productos de ganadería,",",032,",",Argentina,",",5412,",",Rendimiento,",",01290.90,",",Otras hortalizas frescas n.c.p.,","
"QCL,",Cultivos y productos de ganadería,",",032,",",Argentina,",",5510,",",Producción,",",01290.90,",",Otras hortalizas frescas n.c.p.,","
"QCL,",Cultivos y productos de ganadería,",",032,",",Argentina,",",5312,",",Área cosechada,",",01290.90,",",Otras hortalizas frescas n.c.p.,","
"QCL,",Cultivos y productos de ganadería,",",032,",",Argentina,",",5412,",",Rendimiento,",",01290.90,",",Otras hortalizas frescas n.c.p.,","
"QCL,",Cultivos y productos de ganadería,",",032,",",Argentina,",",5510,",",Producción,",",01290.90,",",Otras hortalizas frescas n.c.p.,","
"QCL,",Cultivos y productos de ganadería,",",032,",",Argentina,",",5312,",",Área cosechada,",",01290.90,",",Otras hortalizas frescas n.c.p.,","
"QCL,",Cultivos y productos de ganadería,",",032,",",Argentina,",",5412,",",Rendimiento,",",01290.90,",",Otras hortalizas frescas n.c.p.,","
"QCL,",Cultivos y productos de ganadería,",",032,",",Argentina,",",5510,",",Producción,",",01290.90,",",Otras hortalizas frescas n.c.p.,","
"QCL,",Cultivos y productos de ganadería,",",032,",",Argentina,",",5312,",",Área cosechada,",",01290.90,",",Otras hortalizas frescas n.c.p.,","
"QCL,",Cultivos y productos de ganadería,",",032,",",Argentina,",",5412,",",Rendimiento,",",01290.90,",",Otras hortalizas frescas n.c.p.,","
"QCL,",Cultivos y productos de ganadería,",",032,",",Argentina,",",5510,",",Producción,",",01290.90,",",Otras hortalizas frescas n.c.p.,","
"QCL,",Cultivos y productos de ganadería,",",032,",",Argentina,",",5312,",",Área cosechada,",",01290.90,",",Otras hortalizas frescas n.c.p.,","
"QCL,",Cultivos y productos de ganadería,",",032,",",Argentina,",",5412,",",Rendimiento,",",01290.90,",",Otras hortalizas frescas n.c.p.,","
"QCL,",Cultivos y productos de ganadería,",",032,",",Argentina,",",5510,",",Producción,",",01290.90,",",Otras hortalizas frescas n.c.p.,","
"QCL,",Cultivos y productos de ganadería,",",032,",",Argentina,",",5312,",",Área cosechada,",",01290.90,",",Otras hortalizas frescas n.c.p.,","
"QCL,",Cultivos y productos de ganadería,",",032,",",Argentina,",",5412,",",Rendimiento,",",01290.90,",",Otras hortalizas frescas n.c.p.,","
"QCL,",Cultivos y productos de ganadería,",",032,",",Argentina,",",5510,",",Producción,",",01290.90,",",Otras hortalizas frescas n.c.p.,","
"QCL,",Cultivos y productos de ganadería,",",032,",",Argentina,",",5312,",",Área cosechada,",",01290.90,",",Otras hortalizas frescas n.c.p.,","
"QCL,",Cultivos y productos de ganadería,",",032,",",Argentina,",",5412,",",Rendimiento,",",01290.90,",",Otras hortalizas frescas n.c.p.,","
"QCL,",Cultivos y productos de ganadería,",",032,",",Argentina,",",5510,",",Producción,",",01290.90,",",Otras hortalizas frescas n.c.p.,","
"QCL,",Cultivos y productos de ganadería,",",032,",",Argentina,",",5312,",",Área cosechada,",",01290.90,",",Otras hortalizas frescas n.c.p.,","
"QCL,",Cultivos y productos de ganadería,",",032,",",Argentina,",",5412,",",Rendimiento,",",01290.90,",",Otras hortalizas frescas n.c.p.,","
"QCL,",Cultivos y productos de ganadería,",",032,",",Argentina,",",5510,",",Producción,",",01290.90,",",Otras hortalizas frescas n.c.p.,","
"QCL,",Cultivos y productos de ganadería,",",032,",",Argentina,",",5312,",",Área cosechada,",",01290.90,",",Otras hortalizas frescas n.c.p.,","
"QCL,",Cultivos y productos de ganadería,",",032,",",Argentina,",",5412,",",Rendimiento,",",01290.90,",",Otras hortalizas frescas n.c.p.,","
"QCL,",Cultivos y productos de ganadería,",",032,",",Argentina,",",5510,",",Producción,",",01290.90,",",Otras hortalizas frescas n.c.p.,","
"QCL,",Cultivos y productos de ganadería,",",032,",",Argentina,",",5312,",",Área cosechada,",",01290.90,",",Otras hortalizas frescas n.c.p.,","
"QCL,",Cultivos y productos de ganadería,",",032,",",Argentina,",",5412,",",Rendimiento,",",01290.90,",",Otras hortalizas frescas n.c.p.,","
"QCL,",Cultivos y productos de ganadería,",",032,",",Argentina,",",5510,",",Producción,",",01290.90,",",Otras hortalizas frescas n.c.p.,","
"QCL,",Cultivos y productos de ganadería,",",032,",",Argentina,",",5312,",",Área cosechada,",",01290.90,",",Otras hortalizas frescas n.c.p.,","
"QCL,",Cultivos y productos de ganadería,",",032,",",Argentina,",",5412,",",Rendimiento,",",01290.90,",",Otras hortalizas frescas n.c.p.,","
"QCL,",Cultivos y productos de ganadería,",",032,",",Argentina,",",5510,",",Producción,",",01290.90,",",Otras hortalizas frescas n.c.p.,","
"QCL,",Cultivos y productos de ganadería,",",032,",",Argentina,",",5312,",",Área cosechada,",",01241.90,",","Otras judias, verdes",","
"QCL,",Cultivos y productos de ganadería,",",032,",",Argentina,",",5412,",",Rendimiento,",",01241.90,",","Otras judias, verdes",","
"QCL,",Cultivos y productos de ganadería,",",032,",",Argentina,",",5510,",",Producción,",",01241.90,",","Otras judias, verdes",","
"QCL,",Cultivos y productos de ganadería,",",032,",",Argentina,",",5312,",",Área cosechada,",",01241.90,",","Otras judias, verdes",","
"QCL,",Cultivos y productos de ganadería,",",032,",",Argentina,",",5412,",",Rendimiento,",",01241.90,",","Otras judias, verdes",","
"QCL,",Cultivos y productos de ganadería,",",032,",",Argentina,",",5510,",",Producción,",",01241.90,",","Otras judias, verdes",","
"QCL,",Cultivos y productos de ganadería,",",032,",",Argentina,",",5312,",",Área cosechada,",",01241.90,",","Otras judias, verdes",","
"QCL,",Cultivos y productos de ganadería,",",032,",",Argentina,",",5412,",",Rendimiento,",",01241.90,",","Otras judias, verdes",","
"QCL,",Cultivos y productos de ganadería,",",032,",",Argentina,",",5510,",",Producción,",",01241.90,",","Otras judias, verdes",","
"QCL,",Cultivos y productos de ganadería,",",032,",",Argentina,",",5312,",",Área cosechada,",",01241.90,",","Otras judias, verdes",","
"QCL,",Cultivos y productos de ganadería,",",032,",",Argentina,",",5412,",",Rendimiento,",",01241.90,",","Otras judias, verdes",","
"QCL,",Cultivos y productos de ganadería,",",032,",",Argentina,",",5510,",",Producción,",",01241.90,",","Otras judias, verdes",","
"QCL,",Cultivos y productos de ganadería,",",032,",",Argentina,",",5312,",",Área cosechada,",",01241.90,",","Otras judias, verdes",","
"QCL,",Cultivos y productos de ganadería,",",032,",",Argentina,",",5412,",",Rendimiento,",",01241.90,",","Otras judias, verdes",","
"QCL,",Cultivos y productos de ganadería,",",032,",",Argentina,",",5510,",",Producción,",",01241.90,",","Otras judias, verdes",","
"QCL,",Cultivos y productos de ganadería,",",032,",",Argentina,",",5312,",",Área cosechada,",",01241.90,",","Otras judias, verdes",","
"QCL,",Cultivos y productos de ganadería,",",032,",",Argentina,",",5412,",",Rendimiento,",",01241.90,",","Otras judias, verdes",","
"QCL,",Cultivos y productos de ganadería,",",032,",",Argentina,",",5510,",",Producción,",",01241.90,",","Otras judias, verdes",","
"QCL,",Cultivos y productos de ganadería,",",032,",",Argentina,",",5312,",",Área cosechada,",",01241.90,",","Otras judias, verdes",","
"QCL,",Cultivos y productos de ganadería,",",032,",",Argentina,",",5412,",",Rendimiento,",",01241.90,",","Otras judias, verdes",","
"QCL,",Cultivos y productos de ganadería,",",032,",",Argentina,",",5510,",",Producción,",",01241.90,",","Otras judias, verdes",","
"QCL,",Cultivos y productos de ganadería,",",032,",",Argentina,",",5312,",",Área cosechada,",",01241.90,",","Otras judias, verdes",","
"QCL,",Cultivos y productos de ganadería,",",032,",",Argentina,",",5412,",",Rendimiento,",",01241.90,",","Otras judias, verdes",","
"QCL,",Cultivos y productos de ganadería,",",032,",",Argentina,",",5510,",",Producción,",",01241.90,",","Otras judias, verdes",","
"QCL,",Cultivos y productos de ganadería,",",032,",",Argentina,",",5312,",",Área cosechada,",",01241.90,",","Otras judias, verdes",","
"QCL,",Cultivos y productos de ganadería,",",032,",",Argentina,",",5412,",",Rendimiento,",",01241.90,",","Otras judias, verdes",","
"QCL,",Cultivos y productos de ganadería,",",032,",",Argentina,",",5510,",",Producción,",",01241.90,",","Otras judias, verdes",","
"QCL,",Cultivos y productos de ganadería,",",032,",",Argentina,",",5312,",",Área cosechada,",",01241.90,",","Otras judias, verdes",","
"QCL,",Cultivos y productos de ganadería,",",032,",",Argentina,",",5412,",",Rendimiento,",",01241.90,",","Otras judias, verdes",","
"QCL,",Cultivos y productos de ganadería,",",032,",",Argentina,",",5510,",",Producción,",",01241.90,",","Otras judias, verdes",","
"QCL,",Cultivos y productos de ganadería,",",032,",",Argentina,",",5312,",",Área cosechada,",",01241.90,",","Otras judias, verdes",","
"QCL,",Cultivos y productos de ganadería,",",032,",",Argentina,",",5412,",",Rendimiento,",",01241.90,",","Otras judias, verdes",","
"QCL,",Cultivos y productos de ganadería,",",032,",",Argentina,",",5510,",",Producción,",",01241.90,",","Otras judias, verdes",","
"QCL,",Cultivos y productos de ganadería,",",032,",",Argentina,",",5312,",",Área cosechada,",",01241.90,",","Otras judias, verdes",","
"QCL,",Cultivos y productos de ganadería,",",032,",",Argentina,",",5412,",",Rendimiento,",",01241.90,",","Otras judias, verdes",","
"QCL,",Cultivos y productos de ganadería,",",032,",",Argentina,",",5510,",",Producción,",",01241.90,",","Otras judias, verdes",","
"QCL,",Cultivos y productos de ganadería,",",032,",",Argentina,",",5312,",",Área cosechada,",",01241.90,",","Otras judias, verdes",","
"QCL,",Cultivos y productos de ganadería,",",032,",",Argentina,",",5412,",",Rendimiento,",",01241.90,",","Otras judias, verdes",","
"QCL,",Cultivos y productos de ganadería,",",032,",",Argentina,",",5510,",",Producción,",",01241.90,",","Otras judias, verdes",","
"QCL,",Cultivos y productos de ganadería,",",032,",",Argentina,",",5312,",",Área cosechada,",",01241.90,",","Otras judias, verdes",","
"QCL,",Cultivos y productos de ganadería,",",032,",",Argentina,",",5412,",",Rendimiento,",",01241.90,",","Otras judias, verdes",","
"QCL,",Cultivos y productos de ganadería,",",032,",",Argentina,",",5510,",",Producción,",",01241.90,",","Otras judias, verdes",","
"QCL,",Cultivos y productos de ganadería,",",032,",",Argentina,",",5312,",",Área cosechada,",",01241.90,",","Otras judias, verdes",","
"QCL,",Cultivos y productos de ganadería,",",032,",",Argentina,",",5412,",",Rendimiento,",",01241.90,",","Otras judias, verdes",","
"QCL,",Cultivos y productos de ganadería,",",032,",",Argentina,",",5510,",",Producción,",",01241.90,",","Otras judias, verdes",","
"QCL,",Cultivos y productos de ganadería,",",032,",",Argentina,",",5510,",",Producción,",",01449.90,",","Otras semillas oleaginosas, n.c.p.",","
"QCL,",Cultivos y productos de ganadería,",",032,",",Argentina,",",5510,",",Producción,",",01449.90,",","Otras semillas oleaginosas, n.c.p.",","
"QCL,",Cultivos y productos de ganadería,",",032,",",Argentina,",",5510,",",Producción,",",01449.90,",","Otras semillas oleaginosas, n.c.p.",","
"QCL,",Cultivos y productos de ganadería,",",032,",",Argentina,",",5510,",",Producción,",",01449.90,",","Otras semillas oleaginosas, n.c.p.",","
"QCL,",Cultivos y productos de ganadería,",",032,",",Argentina,",",5510,",",Producción,",",01449.90,",","Otras semillas oleaginosas, n.c.p.",","
"QCL,",Cultivos y productos de ganadería,",",032,",",Argentina,",",5510,",",Producción,",",01449.90,",","Otras semillas oleaginosas, n.c.p.",","
"QCL,",Cultivos y productos de ganadería,",",032,",",Argentina,",",5510,",",Producción,",",01449.90,",","Otras semillas oleaginosas, n.c.p.",","
"QCL,",Cultivos y productos de ganadería,",",032,",",Argentina,",",5510,",",Producción,",",01449.90,",","Otras semillas oleaginosas, n.c.p.",","
"QCL,",Cultivos y productos de ganadería,",",032,",",Argentina,",",5510,",",Producción,",",01449.90,",","Otras semillas oleaginosas, n.c.p.",","
"QCL,",Cultivos y productos de ganadería,",",032,",",Argentina,",",5510,",",Producción,",",01449.90,",","Otras semillas oleaginosas, n.c.p.",","
"QCL,",Cultivos y productos de ganadería,",",032,",",Argentina,",",5510,",",Producción,",",01449.90,",","Otras semillas oleaginosas, n.c.p.",","
"QCL,",Cultivos y productos de ganadería,",",032,",",Argentina,",",5510,",",Producción,",",01449.90,",","Otras semillas oleaginosas, n.c.p.",","
"QCL,",Cultivos y productos de ganadería,",",032,",",Argentina,",",5510,",",Producción,",",01449.90,",","Otras semillas oleaginosas, n.c.p.",","
"QCL,",Cultivos y productos de ganadería,",",032,",",Argentina,",",5510,",",Producción,",",01449.90,",","Otras semillas oleaginosas, n.c.p.",","
"QCL,",Cultivos y productos de ganadería,",",032,",",Argentina,",",5510,",",Producción,",",01449.90,",","Otras semillas oleaginosas, n.c.p.",","
"QCL,",Cultivos y productos de ganadería,",",032,",",Argentina,",",5312,",",Área cosechada,",",01699,",","Otros cultivos de estimulantes, especias y plantas aromáticas, n.c.p.",","
"QCL,",Cultivos y productos de ganadería,",",032,",",Argentina,",",5412,",",Rendimiento,",",01699,",","Otros cultivos de estimulantes, especias y plantas aromáticas, n.c.p.",","
"QCL,",Cultivos y productos de ganadería,",",032,",",Argentina,",",5510,",",Producción,",",01699,",","Otros cultivos de estimulantes, especias y plantas aromáticas, n.c.p.",","
"QCL,",Cultivos y productos de ganadería,",",032,",",Argentina,",",5312,",",Área cosechada,",",01699,",","Otros cultivos de estimulantes, especias y plantas aromáticas, n.c.p.",","
"QCL,",Cultivos y productos de ganadería,",",032,",",Argentina,",",5412,",",Rendimiento,",",01699,",","Otros cultivos de estimulantes, especias y plantas aromáticas, n.c.p.",","
"QCL,",Cultivos y productos de ganadería,",",032,",",Argentina,",",5510,",",Producción,",",01699,",","Otros cultivos de estimulantes, especias y plantas aromáticas, n.c.p.",","
"QCL,",Cultivos y productos de ganadería,",",032,",",Argentina,",",5312,",",Área cosechada,",",01699,",","Otros cultivos de estimulantes, especias y plantas aromáticas, n.c.p.",","
"QCL,",Cultivos y productos de ganadería,",",032,",",Argentina,",",5412,",",Rendimiento,",",01699,",","Otros cultivos de estimulantes, especias y plantas aromáticas, n.c.p.",","
"QCL,",Cultivos y productos de ganadería,",",032,",",Argentina,",",5510,",",Producción,",",01699,",","Otros cultivos de estimulantes, especias y plantas aromáticas, n.c.p.",","
"QCL,",Cultivos y productos de ganadería,",",032,",",Argentina,",",5312,",",Área cosechada,",",01699,",","Otros cultivos de estimulantes, especias y plantas aromáticas, n.c.p.",","
"QCL,",Cultivos y productos de ganadería,",",032,",",Argentina,",",5412,",",Rendimiento,",",01699,",","Otros cultivos de estimulantes, especias y plantas aromáticas, n.c.p.",","
"QCL,",Cultivos y productos de ganadería,",",032,",",Argentina,",",5510,",",Producción,",",01699,",","Otros cultivos de estimulantes, especias y plantas aromáticas, n.c.p.",","
"QCL,",Cultivos y productos de ganadería,",",032,",",Argentina,",",5312,",",Área cosechada,",",01699,",","Otros cultivos de estimulantes, especias y plantas aromáticas, n.c.p.",","
"QCL,",Cultivos y productos de ganadería,",",032,",",Argentina,",",5412,",",Rendimiento,",",01699,",","Otros cultivos de estimulantes, especias y plantas aromáticas, n.c.p.",","
"QCL,",Cultivos y productos de ganadería,",",032,",",Argentina,",",5510,",",Producción,",",01699,",","Otros cultivos de estimulantes, especias y plantas aromáticas, n.c.p.",","
"QCL,",Cultivos y productos de ganadería,",",032,",",Argentina,",",5312,",",Área cosechada,",",01699,",","Otros cultivos de estimulantes, especias y plantas aromáticas, n.c.p.",","
"QCL,",Cultivos y productos de ganadería,",",032,",",Argentina,",",5412,",",Rendimiento,",",01699,",","Otros cultivos de estimulantes, especias y plantas aromáticas, n.c.p.",","
"QCL,",Cultivos y productos de ganadería,",",032,",",Argentina,",",5510,",",Producción,",",01699,",","Otros cultivos de estimulantes, especias y plantas aromáticas, n.c.p.",","
"QCL,",Cultivos y productos de ganadería,",",032,",",Argentina,",",5312,",",Área cosechada,",",01699,",","Otros cultivos de estimulantes, especias y plantas aromáticas, n.c.p.",","
"QCL,",Cultivos y productos de ganadería,",",032,",",Argentina,",",5412,",",Rendimiento,",",01699,",","Otros cultivos de estimulantes, especias y plantas aromáticas, n.c.p.",","
"QCL,",Cultivos y productos de ganadería,",",032,",",Argentina,",",5510,",",Producción,",",01699,",","Otros cultivos de estimulantes, especias y plantas aromáticas, n.c.p.",","
"QCL,",Cultivos y productos de ganadería,",",032,",",Argentina,",",5312,",",Área cosechada,",",01699,",","Otros cultivos de estimulantes, especias y plantas aromáticas, n.c.p.",","
"QCL,",Cultivos y productos de ganadería,",",032,",",Argentina,",",5412,",",Rendimiento,",",01699,",","Otros cultivos de estimulantes, especias y plantas aromáticas, n.c.p.",","
"QCL,",Cultivos y productos de ganadería,",",032,",",Argentina,",",5510,",",Producción,",",01699,",","Otros cultivos de estimulantes, especias y plantas aromáticas, n.c.p.",","
"QCL,",Cultivos y productos de ganadería,",",032,",",Argentina,",",5312,",",Área cosechada,",",01699,",","Otros cultivos de estimulantes, especias y plantas aromáticas, n.c.p.",","
"QCL,",Cultivos y productos de ganadería,",",032,",",Argentina,",",5412,",",Rendimiento,",",01699,",","Otros cultivos de estimulantes, especias y plantas aromáticas, n.c.p.",","
"QCL,",Cultivos y productos de ganadería,",",032,",",Argentina,",",5510,",",Producción,",",01699,",","Otros cultivos de estimulantes, especias y plantas aromáticas, n.c.p.",","
"QCL,",Cultivos y productos de ganadería,",",032,",",Argentina,",",5312,",",Área cosechada,",",01699,",","Otros cultivos de estimulantes, especias y plantas aromáticas, n.c.p.",","
"QCL,",Cultivos y productos de ganadería,",",032,",",Argentina,",",5412,",",Rendimiento,",",01699,",","Otros cultivos de estimulantes, especias y plantas aromáticas, n.c.p.",","
"QCL,",Cultivos y productos de ganadería,",",032,",",Argentina,",",5510,",",Producción,",",01699,",","Otros cultivos de estimulantes, especias y plantas aromáticas, n.c.p.",","
"QCL,",Cultivos y productos de ganadería,",",032,",",Argentina,",",5312,",",Área cosechada,",",01699,",","Otros cultivos de estimulantes, especias y plantas aromáticas, n.c.p.",","
"QCL,",Cultivos y productos de ganadería,",",032,",",Argentina,",",5412,",",Rendimiento,",",01699,",","Otros cultivos de estimulantes, especias y plantas aromáticas, n.c.p.",","
"QCL,",Cultivos y productos de ganadería,",",032,",",Argentina,",",5510,",",Producción,",",01699,",","Otros cultivos de estimulantes, especias y plantas aromáticas, n.c.p.",","
"QCL,",Cultivos y productos de ganadería,",",032,",",Argentina,",",5312,",",Área cosechada,",",01699,",","Otros cultivos de estimulantes, especias y plantas aromáticas, n.c.p.",","
"QCL,",Cultivos y productos de ganadería,",",032,",",Argentina,",",5412,",",Rendimiento,",",01699,",","Otros cultivos de estimulantes, especias y plantas aromáticas, n.c.p.",","
"QCL,",Cultivos y productos de ganadería,",",032,",",Argentina,",",5510,",",Producción,",",01699,",","Otros cultivos de estimulantes, especias y plantas aromáticas, n.c.p.",","
"QCL,",Cultivos y productos de ganadería,",",032,",",Argentina,",",5312,",",Área cosechada,",",01699,",","Otros cultivos de estimulantes, especias y plantas aromáticas, n.c.p.",","
"QCL,",Cultivos y productos de ganadería,",",032,",",Argentina,",",5412,",",Rendimiento,",",01699,",","Otros cultivos de estimulantes, especias y plantas aromáticas, n.c.p.",","
"QCL,",Cultivos y productos de ganadería,",",032,",",Argentina,",",5510,",",Producción,",",01699,",","Otros cultivos de estimulantes, especias y plantas aromáticas, n.c.p.",","
"QCL,",Cultivos y productos de ganadería,",",032,",",Argentina,",",5312,",",Área cosechada,",",01699,",","Otros cultivos de estimulantes, especias y plantas aromáticas, n.c.p.",","
"QCL,",Cultivos y productos de ganadería,",",032,",",Argentina,",",5412,",",Rendimiento,",",01699,",","Otros cultivos de estimulantes, especias y plantas aromáticas, n.c.p.",","
"QCL,",Cultivos y productos de ganadería,",",032,",",Argentina,",",5510,",",Producción,",",01699,",","Otros cultivos de estimulantes, especias y plantas aromáticas, n.c.p.",","
"QCL,",Cultivos y productos de ganadería,",",032,",",Argentina,",",5312,",",Área cosechada,",",01699,",","Otros cultivos de estimulantes, especias y plantas aromáticas, n.c.p.",","
"QCL,",Cultivos y productos de ganadería,",",032,",",Argentina,",",5412,",",Rendimiento,",",01699,",","Otros cultivos de estimulantes, especias y plantas aromáticas, n.c.p.",","
"QCL,",Cultivos y productos de ganadería,",",032,",",Argentina,",",5510,",",Producción,",",01699,",","Otros cultivos de estimulantes, especias y plantas aromáticas, n.c.p.",","
"QCL,",Cultivos y productos de ganadería,",",032,",",Argentina,",",5312,",",Área cosechada,",",01510,",","Papas, patatas",","
"QCL,",Cultivos y productos de ganadería,",",032,",",Argentina,",",5412,",",Rendimiento,",",01510,",","Papas, patatas",","
"QCL,",Cultivos y productos de ganadería,",",032,",",Argentina,",",5510,",",Producción,",",01510,",","Papas, patatas",","
"QCL,",Cultivos y productos de ganadería,",",032,",",Argentina,",",5312,",",Área cosechada,",",01510,",","Papas, patatas",","
"QCL,",Cultivos y productos de ganadería,",",032,",",Argentina,",",5412,",",Rendimiento,",",01510,",","Papas, patatas",","
"QCL,",Cultivos y productos de ganadería,",",032,",",Argentina,",",5510,",",Producción,",",01510,",","Papas, patatas",","
"QCL,",Cultivos y productos de ganadería,",",032,",",Argentina,",",5312,",",Área cosechada,",",01510,",","Papas, patatas",","
"QCL,",Cultivos y productos de ganadería,",",032,",",Argentina,",",5412,",",Rendimiento,",",01510,",","Papas, patatas",","
"QCL,",Cultivos y productos de ganadería,",",032,",",Argentina,",",5510,",",Producción,",",01510,",","Papas, patatas",","
"QCL,",Cultivos y productos de ganadería,",",032,",",Argentina,",",5312,",",Área cosechada,",",01510,",","Papas, patatas",","
"QCL,",Cultivos y productos de ganadería,",",032,",",Argentina,",",5412,",",Rendimiento,",",01510,",","Papas, patatas",","
"QCL,",Cultivos y productos de ganadería,",",032,",",Argentina,",",5510,",",Producción,",",01510,",","Papas, patatas",","
"QCL,",Cultivos y productos de ganadería,",",032,",",Argentina,",",5312,",",Área cosechada,",",01510,",","Papas, patatas",","
"QCL,",Cultivos y productos de ganadería,",",032,",",Argentina,",",5412,",",Rendimiento,",",01510,",","Papas, patatas",","
"QCL,",Cultivos y productos de ganadería,",",032,",",Argentina,",",5510,",",Producción,",",01510,",","Papas, patatas",","
"QCL,",Cultivos y productos de ganadería,",",032,",",Argentina,",",5312,",",Área cosechada,",",01510,",","Papas, patatas",","
"QCL,",Cultivos y productos de ganadería,",",032,",",Argentina,",",5412,",",Rendimiento,",",01510,",","Papas, patatas",","
"QCL,",Cultivos y productos de ganadería,",",032,",",Argentina,",",5510,",",Producción,",",01510,",","Papas, patatas",","
"QCL,",Cultivos y productos de ganadería,",",032,",",Argentina,",",5312,",",Área cosechada,",",01510,",","Papas, patatas",","
"QCL,",Cultivos y productos de ganadería,",",032,",",Argentina,",",5412,",",Rendimiento,",",01510,",","Papas, patatas",","
"QCL,",Cultivos y productos de ganadería,",",032,",",Argentina,",",5510,",",Producción,",",01510,",","Papas, patatas",","
"QCL,",Cultivos y productos de ganadería,",",032,",",Argentina,",",5312,",",Área cosechada,",",01510,",","Papas, patatas",","
"QCL,",Cultivos y productos de ganadería,",",032,",",Argentina,",",5412,",",Rendimiento,",",01510,",","Papas, patatas",","
"QCL,",Cultivos y productos de ganadería,",",032,",",Argentina,",",5510,",",Producción,",",01510,",","Papas, patatas",","
"QCL,",Cultivos y productos de ganadería,",",032,",",Argentina,",",5312,",",Área cosechada,",",01510,",","Papas, patatas",","
"QCL,",Cultivos y productos de ganadería,",",032,",",Argentina,",",5412,",",Rendimiento,",",01510,",","Papas, patatas",","
"QCL,",Cultivos y productos de ganadería,",",032,",",Argentina,",",5510,",",Producción,",",01510,",","Papas, patatas",","
"QCL,",Cultivos y productos de ganadería,",",032,",",Argentina,",",5312,",",Área cosechada,",",01510,",","Papas, patatas",","
"QCL,",Cultivos y productos de ganadería,",",032,",",Argentina,",",5412,",",Rendimiento,",",01510,",","Papas, patatas",","
"QCL,",Cultivos y productos de ganadería,",",032,",",Argentina,",",5510,",",Producción,",",01510,",","Papas, patatas",","
"QCL,",Cultivos y productos de ganadería,",",032,",",Argentina,",",5312,",",Área cosechada,",",01510,",","Papas, patatas",","
"QCL,",Cultivos y productos de ganadería,",",032,",",Argentina,",",5412,",",Rendimiento,",",01510,",","Papas, patatas",","
"QCL,",Cultivos y productos de ganadería,",",032,",",Argentina,",",5510,",",Producción,",",01510,",","Papas, patatas",","
"QCL,",Cultivos y productos de ganadería,",",032,",",Argentina,",",5312,",",Área cosechada,",",01510,",","Papas, patatas",","
"QCL,",Cultivos y productos de ganadería,",",032,",",Argentina,",",5412,",",Rendimiento,",",01510,",","Papas, patatas",","
"QCL,",Cultivos y productos de ganadería,",",032,",",Argentina,",",5510,",",Producción,",",01510,",","Papas, patatas",","
"QCL,",Cultivos y productos de ganadería,",",032,",",Argentina,",",5312,",",Área cosechada,",",01510,",","Papas, patatas",","
"QCL,",Cultivos y productos de ganadería,",",032,",",Argentina,",",5412,",",Rendimiento,",",01510,",","Papas, patatas",","
"QCL,",Cultivos y productos de ganadería,",",032,",",Argentina,",",5510,",",Producción,",",01510,",","Papas, patatas",","
"QCL,",Cultivos y productos de ganadería,",",032,",",Argentina,",",5312,",",Área cosechada,",",01510,",","Papas, patatas",","
"QCL,",Cultivos y productos de ganadería,",",032,",",Argentina,",",5412,",",Rendimiento,",",01510,",","Papas, patatas",","
"QCL,",Cultivos y productos de ganadería,",",032,",",Argentina,",",5510,",",Producción,",",01510,",","Papas, patatas",","
"QCL,",Cultivos y productos de ganadería,",",032,",",Argentina,",",5312,",",Área cosechada,",",01510,",","Papas, patatas",","
"QCL,",Cultivos y productos de ganadería,",",032,",",Argentina,",",5412,",",Rendimiento,",",01510,",","Papas, patatas",","
"QCL,",Cultivos y productos de ganadería,",",032,",",Argentina,",",5510,",",Producción,",",01510,",","Papas, patatas",","
"QCL,",Cultivos y productos de ganadería,",",032,",",Argentina,",",5312,",",Área cosechada,",",01317,",",Papayas,","
"QCL,",Cultivos y productos de ganadería,",",032,",",Argentina,",",5412,",",Rendimiento,",",01317,",",Papayas,","
"QCL,",Cultivos y productos de ganadería,",",032,",",Argentina,",",5510,",",Producción,",",01317,",",Papayas,","
"QCL,",Cultivos y productos de ganadería,",",032,",",Argentina,",",5312,",",Área cosechada,",",01317,",",Papayas,","
"QCL,",Cultivos y productos de ganadería,",",032,",",Argentina,",",5412,",",Rendimiento,",",01317,",",Papayas,","
"QCL,",Cultivos y productos de ganadería,",",032,",",Argentina,",",5510,",",Producción,",",01317,",",Papayas,","
"QCL,",Cultivos y productos de ganadería,",",032,",",Argentina,",",5312,",",Área cosechada,",",01317,",",Papayas,","
"QCL,",Cultivos y productos de ganadería,",",032,",",Argentina,",",5412,",",Rendimiento,",",01317,",",Papayas,","
"QCL,",Cultivos y productos de ganadería,",",032,",",Argentina,",",5510,",",Producción,",",01317,",",Papayas,","
"QCL,",Cultivos y productos de ganadería,",",032,",",Argentina,",",5312,",",Área cosechada,",",01317,",",Papayas,","
"QCL,",Cultivos y productos de ganadería,",",032,",",Argentina,",",5412,",",Rendimiento,",",01317,",",Papayas,","
"QCL,",Cultivos y productos de ganadería,",",032,",",Argentina,",",5510,",",Producción,",",01317,",",Papayas,","
"QCL,",Cultivos y productos de ganadería,",",032,",",Argentina,",",5312,",",Área cosechada,",",01317,",",Papayas,","
"QCL,",Cultivos y productos de ganadería,",",032,",",Argentina,",",5412,",",Rendimiento,",",01317,",",Papayas,","
"QCL,",Cultivos y productos de ganadería,",",032,",",Argentina,",",5510,",",Producción,",",01317,",",Papayas,","
"QCL,",Cultivos y productos de ganadería,",",032,",",Argentina,",",5312,",",Área cosechada,",",01317,",",Papayas,","
"QCL,",Cultivos y productos de ganadería,",",032,",",Argentina,",",5412,",",Rendimiento,",",01317,",",Papayas,","
"QCL,",Cultivos y productos de ganadería,",",032,",",Argentina,",",5510,",",Producción,",",01317,",",Papayas,","
"QCL,",Cultivos y productos de ganadería,",",032,",",Argentina,",",5312,",",Área cosechada,",",01317,",",Papayas,","
"QCL,",Cultivos y productos de ganadería,",",032,",",Argentina,",",5412,",",Rendimiento,",",01317,",",Papayas,","
"QCL,",Cultivos y productos de ganadería,",",032,",",Argentina,",",5510,",",Producción,",",01317,",",Papayas,","
"QCL,",Cultivos y productos de ganadería,",",032,",",Argentina,",",5312,",",Área cosechada,",",01317,",",Papayas,","
"QCL,",Cultivos y productos de ganadería,",",032,",",Argentina,",",5412,",",Rendimiento,",",01317,",",Papayas,","
"QCL,",Cultivos y productos de ganadería,",",032,",",Argentina,",",5510,",",Producción,",",01317,",",Papayas,","
"QCL,",Cultivos y productos de ganadería,",",032,",",Argentina,",",5312,",",Área cosechada,",",01317,",",Papayas,","
"QCL,",Cultivos y productos de ganadería,",",032,",",Argentina,",",5412,",",Rendimiento,",",01317,",",Papayas,","
"QCL,",Cultivos y productos de ganadería,",",032,",",Argentina,",",5510,",",Producción,",",01317,",",Papayas,","
"QCL,",Cultivos y productos de ganadería,",",032,",",Argentina,",",5312,",",Área cosechada,",",01317,",",Papayas,","
"QCL,",Cultivos y productos de ganadería,",",032,",",Argentina,",",5412,",",Rendimiento,",",01317,",",Papayas,","
"QCL,",Cultivos y productos de ganadería,",",032,",",Argentina,",",5510,",",Producción,",",01317,",",Papayas,","
"QCL,",Cultivos y productos de ganadería,",",032,",",Argentina,",",5312,",",Área cosechada,",",01317,",",Papayas,","
"QCL,",Cultivos y productos de ganadería,",",032,",",Argentina,",",5412,",",Rendimiento,",",01317,",",Papayas,","
"QCL,",Cultivos y productos de ganadería,",",032,",",Argentina,",",5510,",",Producción,",",01317,",",Papayas,","
"QCL,",Cultivos y productos de ganadería,",",032,",",Argentina,",",5312,",",Área cosechada,",",01317,",",Papayas,","
"QCL,",Cultivos y productos de ganadería,",",032,",",Argentina,",",5412,",",Rendimiento,",",01317,",",Papayas,","
"QCL,",Cultivos y productos de ganadería,",",032,",",Argentina,",",5510,",",Producción,",",01317,",",Papayas,","
"QCL,",Cultivos y productos de ganadería,",",032,",",Argentina,",",5312,",",Área cosechada,",",01317,",",Papayas,","
"QCL,",Cultivos y productos de ganadería,",",032,",",Argentina,",",5412,",",Rendimiento,",",01317,",",Papayas,","
"QCL,",Cultivos y productos de ganadería,",",032,",",Argentina,",",5510,",",Producción,",",01317,",",Papayas,","
"QCL,",Cultivos y productos de ganadería,",",032,",",Argentina,",",5312,",",Área cosechada,",",01317,",",Papayas,","
"QCL,",Cultivos y productos de ganadería,",",032,",",Argentina,",",5412,",",Rendimiento,",",01317,",",Papayas,","
"QCL,",Cultivos y productos de ganadería,",",032,",",Argentina,",",5510,",",Producción,",",01317,",",Papayas,","
"QCL,",Cultivos y productos de ganadería,",",032,",",Argentina,",",5312,",",Área cosechada,",",01317,",",Papayas,","
"QCL,",Cultivos y productos de ganadería,",",032,",",Argentina,",",5412,",",Rendimiento,",",01317,",",Papayas,","
"QCL,",Cultivos y productos de ganadería,",",032,",",Argentina,",",5510,",",Producción,",",01317,",",Papayas,","
"QCL,",Cultivos y productos de ganadería,",",032,",",Argentina,",",5312,",",Área cosechada,",",01342.01,",",Peras,","
"QCL,",Cultivos y productos de ganadería,",",032,",",Argentina,",",5412,",",Rendimiento,",",01342.01,",",Peras,","
"QCL,",Cultivos y productos de ganadería,",",032,",",Argentina,",",5510,",",Producción,",",01342.01,",",Peras,","
"QCL,",Cultivos y productos de ganadería,",",032,",",Argentina,",",5312,",",Área cosechada,",",01342.01,",",Peras,","
"QCL,",Cultivos y productos de ganadería,",",032,",",Argentina,",",5412,",",Rendimiento,",",01342.01,",",Peras,","
"QCL,",Cultivos y productos de ganadería,",",032,",",Argentina,",",5510,",",Producción,",",01342.01,",",Peras,","
"QCL,",Cultivos y productos de ganadería,",",032,",",Argentina,",",5312,",",Área cosechada,",",01342.01,",",Peras,","
"QCL,",Cultivos y productos de ganadería,",",032,",",Argentina,",",5412,",",Rendimiento,",",01342.01,",",Peras,","
"QCL,",Cultivos y productos de ganadería,",",032,",",Argentina,",",5510,",",Producción,",",01342.01,",",Peras,","
"QCL,",Cultivos y productos de ganadería,",",032,",",Argentina,",",5312,",",Área cosechada,",",01342.01,",",Peras,","
"QCL,",Cultivos y productos de ganadería,",",032,",",Argentina,",",5412,",",Rendimiento,",",01342.01,",",Peras,","
"QCL,",Cultivos y productos de ganadería,",",032,",",Argentina,",",5510,",",Producción,",",01342.01,",",Peras,","
"QCL,",Cultivos y productos de ganadería,",",032,",",Argentina,",",5312,",",Área cosechada,",",01342.01,",",Peras,","
"QCL,",Cultivos y productos de ganadería,",",032,",",Argentina,",",5412,",",Rendimiento,",",01342.01,",",Peras,","
"QCL,",Cultivos y productos de ganadería,",",032,",",Argentina,",",5510,",",Producción,",",01342.01,",",Peras,","
"QCL,",Cultivos y productos de ganadería,",",032,",",Argentina,",",5312,",",Área cosechada,",",01342.01,",",Peras,","
"QCL,",Cultivos y productos de ganadería,",",032,",",Argentina,",",5412,",",Rendimiento,",",01342.01,",",Peras,","
"QCL,",Cultivos y productos de ganadería,",",032,",",Argentina,",",5510,",",Producción,",",01342.01,",",Peras,","
"QCL,",Cultivos y productos de ganadería,",",032,",",Argentina,",",5312,",",Área cosechada,",",01342.01,",",Peras,","
"QCL,",Cultivos y productos de ganadería,",",032,",",Argentina,",",5412,",",Rendimiento,",",01342.01,",",Peras,","
"QCL,",Cultivos y productos de ganadería,",",032,",",Argentina,",",5510,",",Producción,",",01342.01,",",Peras,","
"QCL,",Cultivos y productos de ganadería,",",032,",",Argentina,",",5312,",",Área cosechada,",",01342.01,",",Peras,","
"QCL,",Cultivos y productos de ganadería,",",032,",",Argentina,",",5412,",",Rendimiento,",",01342.01,",",Peras,","
"QCL,",Cultivos y productos de ganadería,",",032,",",Argentina,",",5510,",",Producción,",",01342.01,",",Peras,","
"QCL,",Cultivos y productos de ganadería,",",032,",",Argentina,",",5312,",",Área cosechada,",",01342.01,",",Peras,","
"QCL,",Cultivos y productos de ganadería,",",032,",",Argentina,",",5412,",",Rendimiento,",",01342.01,",",Peras,","
"QCL,",Cultivos y productos de ganadería,",",032,",",Argentina,",",5510,",",Producción,",",01342.01,",",Peras,","
"QCL,",Cultivos y productos de ganadería,",",032,",",Argentina,",",5312,",",Área cosechada,",",01342.01,",",Peras,","
"QCL,",Cultivos y productos de ganadería,",",032,",",Argentina,",",5412,",",Rendimiento,",",01342.01,",",Peras,","
"QCL,",Cultivos y productos de ganadería,",",032,",",Argentina,",",5510,",",Producción,",",01342.01,",",Peras,","
"QCL,",Cultivos y productos de ganadería,",",032,",",Argentina,",",5312,",",Área cosechada,",",01342.01,",",Peras,","
"QCL,",Cultivos y productos de ganadería,",",032,",",Argentina,",",5412,",",Rendimiento,",",01342.01,",",Peras,","
"QCL,",Cultivos y productos de ganadería,",",032,",",Argentina,",",5510,",",Producción,",",01342.01,",",Peras,","
"QCL,",Cultivos y productos de ganadería,",",032,",",Argentina,",",5312,",",Área cosechada,",",01342.01,",",Peras,","
"QCL,",Cultivos y productos de ganadería,",",032,",",Argentina,",",5412,",",Rendimiento,",",01342.01,",",Peras,","
"QCL,",Cultivos y productos de ganadería,",",032,",",Argentina,",",5510,",",Producción,",",01342.01,",",Peras,","
"QCL,",Cultivos y productos de ganadería,",",032,",",Argentina,",",5312,",",Área cosechada,",",01342.01,",",Peras,","
"QCL,",Cultivos y productos de ganadería,",",032,",",Argentina,",",5412,",",Rendimiento,",",01342.01,",",Peras,","
"QCL,",Cultivos y productos de ganadería,",",032,",",Argentina,",",5510,",",Producción,",",01342.01,",",Peras,","
"QCL,",Cultivos y productos de ganadería,",",032,",",Argentina,",",5312,",",Área cosechada,",",01342.01,",",Peras,","
"QCL,",Cultivos y productos de ganadería,",",032,",",Argentina,",",5412,",",Rendimiento,",",01342.01,",",Peras,","
"QCL,",Cultivos y productos de ganadería,",",032,",",Argentina,",",5510,",",Producción,",",01342.01,",",Peras,","
"QCL,",Cultivos y productos de ganadería,",",032,",",Argentina,",",5312,",",Área cosechada,",",01342.01,",",Peras,","
"QCL,",Cultivos y productos de ganadería,",",032,",",Argentina,",",5412,",",Rendimiento,",",01342.01,",",Peras,","
"QCL,",Cultivos y productos de ganadería,",",032,",",Argentina,",",5510,",",Producción,",",01342.01,",",Peras,","
"QCL,",Cultivos y productos de ganadería,",",032,",",Argentina,",",5312,",",Área cosechada,",",01318,",",Piña tropical,","
"QCL,",Cultivos y productos de ganadería,",",032,",",Argentina,",",5412,",",Rendimiento,",",01318,",",Piña tropical,","
"QCL,",Cultivos y productos de ganadería,",",032,",",Argentina,",",5510,",",Producción,",",01318,",",Piña tropical,","
"QCL,",Cultivos y productos de ganadería,",",032,",",Argentina,",",5312,",",Área cosechada,",",01318,",",Piña tropical,","
"QCL,",Cultivos y productos de ganadería,",",032,",",Argentina,",",5412,",",Rendimiento,",",01318,",",Piña tropical,","
"QCL,",Cultivos y productos de ganadería,",",032,",",Argentina,",",5510,",",Producción,",",01318,",",Piña tropical,","
"QCL,",Cultivos y productos de ganadería,",",032,",",Argentina,",",5312,",",Área cosechada,",",01318,",",Piña tropical,","
"QCL,",Cultivos y productos de ganadería,",",032,",",Argentina,",",5412,",",Rendimiento,",",01318,",",Piña tropical,","
"QCL,",Cultivos y productos de ganadería,",",032,",",Argentina,",",5510,",",Producción,",",01318,",",Piña tropical,","
"QCL,",Cultivos y productos de ganadería,",",032,",",Argentina,",",5312,",",Área cosechada,",",01318,",",Piña tropical,","
"QCL,",Cultivos y productos de ganadería,",",032,",",Argentina,",",5412,",",Rendimiento,",",01318,",",Piña tropical,","
"QCL,",Cultivos y productos de ganadería,",",032,",",Argentina,",",5510,",",Producción,",",01318,",",Piña tropical,","
"QCL,",Cultivos y productos de ganadería,",",032,",",Argentina,",",5312,",",Área cosechada,",",01318,",",Piña tropical,","
"QCL,",Cultivos y productos de ganadería,",",032,",",Argentina,",",5412,",",Rendimiento,",",01318,",",Piña tropical,","
"QCL,",Cultivos y productos de ganadería,",",032,",",Argentina,",",5510,",",Producción,",",01318,",",Piña tropical,","
"QCL,",Cultivos y productos de ganadería,",",032,",",Argentina,",",5312,",",Área cosechada,",",01318,",",Piña tropical,","
"QCL,",Cultivos y productos de ganadería,",",032,",",Argentina,",",5412,",",Rendimiento,",",01318,",",Piña tropical,","
"QCL,",Cultivos y productos de ganadería,",",032,",",Argentina,",",5510,",",Producción,",",01318,",",Piña tropical,","
"QCL,",Cultivos y productos de ganadería,",",032,",",Argentina,",",5312,",",Área cosechada,",",01318,",",Piña tropical,","
"QCL,",Cultivos y productos de ganadería,",",032,",",Argentina,",",5412,",",Rendimiento,",",01318,",",Piña tropical,","
"QCL,",Cultivos y productos de ganadería,",",032,",",Argentina,",",5510,",",Producción,",",01318,",",Piña tropical,","
"QCL,",Cultivos y productos de ganadería,",",032,",",Argentina,",",5312,",",Área cosechada,",",01318,",",Piña tropical,","
"QCL,",Cultivos y productos de ganadería,",",032,",",Argentina,",",5412,",",Rendimiento,",",01318,",",Piña tropical,","
"QCL,",Cultivos y productos de ganadería,",",032,",",Argentina,",",5510,",",Producción,",",01318,",",Piña tropical,","
"QCL,",Cultivos y productos de ganadería,",",032,",",Argentina,",",5312,",",Área cosechada,",",01318,",",Piña tropical,","
"QCL,",Cultivos y productos de ganadería,",",032,",",Argentina,",",5412,",",Rendimiento,",",01318,",",Piña tropical,","
"QCL,",Cultivos y productos de ganadería,",",032,",",Argentina,",",5510,",",Producción,",",01318,",",Piña tropical,","
"QCL,",Cultivos y productos de ganadería,",",032,",",Argentina,",",5312,",",Área cosechada,",",01318,",",Piña tropical,","
"QCL,",Cultivos y productos de ganadería,",",032,",",Argentina,",",5412,",",Rendimiento,",",01318,",",Piña tropical,","
"QCL,",Cultivos y productos de ganadería,",",032,",",Argentina,",",5510,",",Producción,",",01318,",",Piña tropical,","
"QCL,",Cultivos y productos de ganadería,",",032,",",Argentina,",",5312,",",Área cosechada,",",01318,",",Piña tropical,","
"QCL,",Cultivos y productos de ganadería,",",032,",",Argentina,",",5412,",",Rendimiento,",",01318,",",Piña tropical,","
"QCL,",Cultivos y productos de ganadería,",",032,",",Argentina,",",5510,",",Producción,",",01318,",",Piña tropical,","
"QCL,",Cultivos y productos de ganadería,",",032,",",Argentina,",",5312,",",Área cosechada,",",01318,",",Piña tropical,","
"QCL,",Cultivos y productos de ganadería,",",032,",",Argentina,",",5412,",",Rendimiento,",",01318,",",Piña tropical,","
"QCL,",Cultivos y productos de ganadería,",",032,",",Argentina,",",5510,",",Producción,",",01318,",",Piña tropical,","
"QCL,",Cultivos y productos de ganadería,",",032,",",Argentina,",",5312,",",Área cosechada,",",01318,",",Piña tropical,","
"QCL,",Cultivos y productos de ganadería,",",032,",",Argentina,",",5412,",",Rendimiento,",",01318,",",Piña tropical,","
"QCL,",Cultivos y productos de ganadería,",",032,",",Argentina,",",5510,",",Producción,",",01318,",",Piña tropical,","
"QCL,",Cultivos y productos de ganadería,",",032,",",Argentina,",",5312,",",Área cosechada,",",01318,",",Piña tropical,","
"QCL,",Cultivos y productos de ganadería,",",032,",",Argentina,",",5412,",",Rendimiento,",",01318,",",Piña tropical,","
"QCL,",Cultivos y productos de ganadería,",",032,",",Argentina,",",5510,",",Producción,",",01318,",",Piña tropical,","
"QCL,",Cultivos y productos de ganadería,",",032,",",Argentina,",",5312,",",Área cosechada,",",01318,",",Piña tropical,","
"QCL,",Cultivos y productos de ganadería,",",032,",",Argentina,",",5412,",",Rendimiento,",",01318,",",Piña tropical,","
"QCL,",Cultivos y productos de ganadería,",",032,",",Argentina,",",5510,",",Producción,",",01318,",",Piña tropical,","
"QCL,",Cultivos y productos de ganadería,",",032,",",Argentina,",",5312,",",Área cosechada,",",01321,",",Pomelos,","
"QCL,",Cultivos y productos de ganadería,",",032,",",Argentina,",",5412,",",Rendimiento,",",01321,",",Pomelos,","
"QCL,",Cultivos y productos de ganadería,",",032,",",Argentina,",",5510,",",Producción,",",01321,",",Pomelos,","
"QCL,",Cultivos y productos de ganadería,",",032,",",Argentina,",",5312,",",Área cosechada,",",01321,",",Pomelos,","
"QCL,",Cultivos y productos de ganadería,",",032,",",Argentina,",",5412,",",Rendimiento,",",01321,",",Pomelos,","
"QCL,",Cultivos y productos de ganadería,",",032,",",Argentina,",",5510,",",Producción,",",01321,",",Pomelos,","
"QCL,",Cultivos y productos de ganadería,",",032,",",Argentina,",",5312,",",Área cosechada,",",01321,",",Pomelos,","
"QCL,",Cultivos y productos de ganadería,",",032,",",Argentina,",",5412,",",Rendimiento,",",01321,",",Pomelos,","
"QCL,",Cultivos y productos de ganadería,",",032,",",Argentina,",",5510,",",Producción,",",01321,",",Pomelos,","
"QCL,",Cultivos y productos de ganadería,",",032,",",Argentina,",",5312,",",Área cosechada,",",01321,",",Pomelos,","
"QCL,",Cultivos y productos de ganadería,",",032,",",Argentina,",",5412,",",Rendimiento,",",01321,",",Pomelos,","
"QCL,",Cultivos y productos de ganadería,",",032,",",Argentina,",",5510,",",Producción,",",01321,",",Pomelos,","
"QCL,",Cultivos y productos de ganadería,",",032,",",Argentina,",",5312,",",Área cosechada,",",01321,",",Pomelos,","
"QCL,",Cultivos y productos de ganadería,",",032,",",Argentina,",",5412,",",Rendimiento,",",01321,",",Pomelos,","
"QCL,",Cultivos y productos de ganadería,",",032,",",Argentina,",",5510,",",Producción,",",01321,",",Pomelos,","
"QCL,",Cultivos y productos de ganadería,",",032,",",Argentina,",",5312,",",Área cosechada,",",01321,",",Pomelos,","
"QCL,",Cultivos y productos de ganadería,",",032,",",Argentina,",",5412,",",Rendimiento,",",01321,",",Pomelos,","
"QCL,",Cultivos y productos de ganadería,",",032,",",Argentina,",",5510,",",Producción,",",01321,",",Pomelos,","
"QCL,",Cultivos y productos de ganadería,",",032,",",Argentina,",",5312,",",Área cosechada,",",01321,",",Pomelos,","
"QCL,",Cultivos y productos de ganadería,",",032,",",Argentina,",",5412,",",Rendimiento,",",01321,",",Pomelos,","
"QCL,",Cultivos y productos de ganadería,",",032,",",Argentina,",",5510,",",Producción,",",01321,",",Pomelos,","
"QCL,",Cultivos y productos de ganadería,",",032,",",Argentina,",",5312,",",Área cosechada,",",01321,",",Pomelos,","
"QCL,",Cultivos y productos de ganadería,",",032,",",Argentina,",",5412,",",Rendimiento,",",01321,",",Pomelos,","
"QCL,",Cultivos y productos de ganadería,",",032,",",Argentina,",",5510,",",Producción,",",01321,",",Pomelos,","
"QCL,",Cultivos y productos de ganadería,",",032,",",Argentina,",",5312,",",Área cosechada,",",01321,",",Pomelos,","
"QCL,",Cultivos y productos de ganadería,",",032,",",Argentina,",",5412,",",Rendimiento,",",01321,",",Pomelos,","
"QCL,",Cultivos y productos de ganadería,",",032,",",Argentina,",",5510,",",Producción,",",01321,",",Pomelos,","
"QCL,",Cultivos y productos de ganadería,",",032,",",Argentina,",",5312,",",Área cosechada,",",01321,",",Pomelos,","
"QCL,",Cultivos y productos de ganadería,",",032,",",Argentina,",",5412,",",Rendimiento,",",01321,",",Pomelos,","
"QCL,",Cultivos y productos de ganadería,",",032,",",Argentina,",",5510,",",Producción,",",01321,",",Pomelos,","
"QCL,",Cultivos y productos de ganadería,",",032,",",Argentina,",",5312,",",Área cosechada,",",01321,",",Pomelos,","
"QCL,",Cultivos y productos de ganadería,",",032,",",Argentina,",",5412,",",Rendimiento,",",01321,",",Pomelos,","
"QCL,",Cultivos y productos de ganadería,",",032,",",Argentina,",",5510,",",Producción,",",01321,",",Pomelos,","
"QCL,",Cultivos y productos de ganadería,",",032,",",Argentina,",",5312,",",Área cosechada,",",01321,",",Pomelos,","
"QCL,",Cultivos y productos de ganadería,",",032,",",Argentina,",",5412,",",Rendimiento,",",01321,",",Pomelos,","
"QCL,",Cultivos y productos de ganadería,",",032,",",Argentina,",",5510,",",Producción,",",01321,",",Pomelos,","
"QCL,",Cultivos y productos de ganadería,",",032,",",Argentina,",",5312,",",Área cosechada,",",01321,",",Pomelos,","
"QCL,",Cultivos y productos de ganadería,",",032,",",Argentina,",",5412,",",Rendimiento,",",01321,",",Pomelos,","
"QCL,",Cultivos y productos de ganadería,",",032,",",Argentina,",",5510,",",Producción,",",01321,",",Pomelos,","
"QCL,",Cultivos y productos de ganadería,",",032,",",Argentina,",",5312,",",Área cosechada,",",01321,",",Pomelos,","
"QCL,",Cultivos y productos de ganadería,",",032,",",Argentina,",",5412,",",Rendimiento,",",01321,",",Pomelos,","
"QCL,",Cultivos y productos de ganadería,",",032,",",Argentina,",",5510,",",Producción,",",01321,",",Pomelos,","
"QCL,",Cultivos y productos de ganadería,",",032,",",Argentina,",",5312,",",Área cosechada,",",01321,",",Pomelos,","
"QCL,",Cultivos y productos de ganadería,",",032,",",Argentina,",",5412,",",Rendimiento,",",01321,",",Pomelos,","
"QCL,",Cultivos y productos de ganadería,",",032,",",Argentina,",",5510,",",Producción,",",01321,",",Pomelos,","
"QCL,",Cultivos y productos de ganadería,",",032,",",Argentina,",",5312,",",Área cosechada,",",01221,",",Sandías,","
"QCL,",Cultivos y productos de ganadería,",",032,",",Argentina,",",5412,",",Rendimiento,",",01221,",",Sandías,","
"QCL,",Cultivos y productos de ganadería,",",032,",",Argentina,",",5510,",",Producción,",",01221,",",Sandías,","
"QCL,",Cultivos y productos de ganadería,",",032,",",Argentina,",",5312,",",Área cosechada,",",01221,",",Sandías,","
"QCL,",Cultivos y productos de ganadería,",",032,",",Argentina,",",5412,",",Rendimiento,",",01221,",",Sandías,","
"QCL,",Cultivos y productos de ganadería,",",032,",",Argentina,",",5510,",",Producción,",",01221,",",Sandías,","
"QCL,",Cultivos y productos de ganadería,",",032,",",Argentina,",",5312,",",Área cosechada,",",01221,",",Sandías,","
"QCL,",Cultivos y productos de ganadería,",",032,",",Argentina,",",5412,",",Rendimiento,",",01221,",",Sandías,","
"QCL,",Cultivos y productos de ganadería,",",032,",",Argentina,",",5510,",",Producción,",",01221,",",Sandías,","
"QCL,",Cultivos y productos de ganadería,",",032,",",Argentina,",",5312,",",Área cosechada,",",01221,",",Sandías,","
"QCL,",Cultivos y productos de ganadería,",",032,",",Argentina,",",5412,",",Rendimiento,",",01221,",",Sandías,","
"QCL,",Cultivos y productos de ganadería,",",032,",",Argentina,",",5510,",",Producción,",",01221,",",Sandías,","
"QCL,",Cultivos y productos de ganadería,",",032,",",Argentina,",",5312,",",Área cosechada,",",01221,",",Sandías,","
"QCL,",Cultivos y productos de ganadería,",",032,",",Argentina,",",5412,",",Rendimiento,",",01221,",",Sandías,","
"QCL,",Cultivos y productos de ganadería,",",032,",",Argentina,",",5510,",",Producción,",",01221,",",Sandías,","
"QCL,",Cultivos y productos de ganadería,",",032,",",Argentina,",",5312,",",Área cosechada,",",01221,",",Sandías,","
"QCL,",Cultivos y productos de ganadería,",",032,",",Argentina,",",5412,",",Rendimiento,",",01221,",",Sandías,","
"QCL,",Cultivos y productos de ganadería,",",032,",",Argentina,",",5510,",",Producción,",",01221,",",Sandías,","
"QCL,",Cultivos y productos de ganadería,",",032,",",Argentina,",",5312,",",Área cosechada,",",01221,",",Sandías,","
"QCL,",Cultivos y productos de ganadería,",",032,",",Argentina,",",5412,",",Rendimiento,",",01221,",",Sandías,","
"QCL,",Cultivos y productos de ganadería,",",032,",",Argentina,",",5510,",",Producción,",",01221,",",Sandías,","
"QCL,",Cultivos y productos de ganadería,",",032,",",Argentina,",",5312,",",Área cosechada,",",01221,",",Sandías,","
"QCL,",Cultivos y productos de ganadería,",",032,",",Argentina,",",5412,",",Rendimiento,",",01221,",",Sandías,","
"QCL,",Cultivos y productos de ganadería,",",032,",",Argentina,",",5510,",",Producción,",",01221,",",Sandías,","
"QCL,",Cultivos y productos de ganadería,",",032,",",Argentina,",",5312,",",Área cosechada,",",01221,",",Sandías,","
"QCL,",Cultivos y productos de ganadería,",",032,",",Argentina,",",5412,",",Rendimiento,",",01221,",",Sandías,","
"QCL,",Cultivos y productos de ganadería,",",032,",",Argentina,",",5510,",",Producción,",",01221,",",Sandías,","
"QCL,",Cultivos y productos de ganadería,",",032,",",Argentina,",",5312,",",Área cosechada,",",01221,",",Sandías,","
"QCL,",Cultivos y productos de ganadería,",",032,",",Argentina,",",5412,",",Rendimiento,",",01221,",",Sandías,","
"QCL,",Cultivos y productos de ganadería,",",032,",",Argentina,",",5510,",",Producción,",",01221,",",Sandías,","
"QCL,",Cultivos y productos de ganadería,",",032,",",Argentina,",",5312,",",Área cosechada,",",01221,",",Sandías,","
"QCL,",Cultivos y productos de ganadería,",",032,",",Argentina,",",5412,",",Rendimiento,",",01221,",",Sandías,","
"QCL,",Cultivos y productos de ganadería,",",032,",",Argentina,",",5510,",",Producción,",",01221,",",Sandías,","
"QCL,",Cultivos y productos de ganadería,",",032,",",Argentina,",",5312,",",Área cosechada,",",01221,",",Sandías,","
"QCL,",Cultivos y productos de ganadería,",",032,",",Argentina,",",5412,",",Rendimiento,",",01221,",",Sandías,","
"QCL,",Cultivos y productos de ganadería,",",032,",",Argentina,",",5510,",",Producción,",",01221,",",Sandías,","
"QCL,",Cultivos y productos de ganadería,",",032,",",Argentina,",",5312,",",Área cosechada,",",01221,",",Sandías,","
"QCL,",Cultivos y productos de ganadería,",",032,",",Argentina,",",5412,",",Rendimiento,",",01221,",",Sandías,","
"QCL,",Cultivos y productos de ganadería,",",032,",",Argentina,",",5510,",",Producción,",",01221,",",Sandías,","
"QCL,",Cultivos y productos de ganadería,",",032,",",Argentina,",",5312,",",Área cosechada,",",01221,",",Sandías,","
"QCL,",Cultivos y productos de ganadería,",",032,",",Argentina,",",5412,",",Rendimiento,",",01221,",",Sandías,","
"QCL,",Cultivos y productos de ganadería,",",032,",",Argentina,",",5510,",",Producción,",",01221,",",Sandías,","
"QCL,",Cultivos y productos de ganadería,",",032,",",Argentina,",",5312,",",Área cosechada,",",01221,",",Sandías,","
"QCL,",Cultivos y productos de ganadería,",",032,",",Argentina,",",5412,",",Rendimiento,",",01221,",",Sandías,","
"QCL,",Cultivos y productos de ganadería,",",032,",",Argentina,",",5510,",",Producción,",",01221,",",Sandías,","
"QCL,",Cultivos y productos de ganadería,",",032,",",Argentina,",",5312,",",Área cosechada,",",01446,",","Semilla de cartamo, alazor",","
"QCL,",Cultivos y productos de ganadería,",",032,",",Argentina,",",5412,",",Rendimiento,",",01446,",","Semilla de cartamo, alazor",","
"QCL,",Cultivos y productos de ganadería,",",032,",",Argentina,",",5510,",",Producción,",",01446,",","Semilla de cartamo, alazor",","
"QCL,",Cultivos y productos de ganadería,",",032,",",Argentina,",",5312,",",Área cosechada,",",01446,",","Semilla de cartamo, alazor",","
"QCL,",Cultivos y productos de ganadería,",",032,",",Argentina,",",5412,",",Rendimiento,",",01446,",","Semilla de cartamo, alazor",","
"QCL,",Cultivos y productos de ganadería,",",032,",",Argentina,",",5510,",",Producción,",",01446,",","Semilla de cartamo, alazor",","
"QCL,",Cultivos y productos de ganadería,",",032,",",Argentina,",",5312,",",Área cosechada,",",01446,",","Semilla de cartamo, alazor",","
"QCL,",Cultivos y productos de ganadería,",",032,",",Argentina,",",5412,",",Rendimiento,",",01446,",","Semilla de cartamo, alazor",","
"QCL,",Cultivos y productos de ganadería,",",032,",",Argentina,",",5510,",",Producción,",",01446,",","Semilla de cartamo, alazor",","
"QCL,",Cultivos y productos de ganadería,",",032,",",Argentina,",",5312,",",Área cosechada,",",01446,",","Semilla de cartamo, alazor",","
"QCL,",Cultivos y productos de ganadería,",",032,",",Argentina,",",5412,",",Rendimiento,",",01446,",","Semilla de cartamo, alazor",","
"QCL,",Cultivos y productos de ganadería,",",032,",",Argentina,",",5510,",",Producción,",",01446,",","Semilla de cartamo, alazor",","
"QCL,",Cultivos y productos de ganadería,",",032,",",Argentina,",",5312,",",Área cosechada,",",01446,",","Semilla de cartamo, alazor",","
"QCL,",Cultivos y productos de ganadería,",",032,",",Argentina,",",5412,",",Rendimiento,",",01446,",","Semilla de cartamo, alazor",","
"QCL,",Cultivos y productos de ganadería,",",032,",",Argentina,",",5510,",",Producción,",",01446,",","Semilla de cartamo, alazor",","
"QCL,",Cultivos y productos de ganadería,",",032,",",Argentina,",",5312,",",Área cosechada,",",01446,",","Semilla de cartamo, alazor",","
"QCL,",Cultivos y productos de ganadería,",",032,",",Argentina,",",5412,",",Rendimiento,",",01446,",","Semilla de cartamo, alazor",","
"QCL,",Cultivos y productos de ganadería,",",032,",",Argentina,",",5510,",",Producción,",",01446,",","Semilla de cartamo, alazor",","
"QCL,",Cultivos y productos de ganadería,",",032,",",Argentina,",",5312,",",Área cosechada,",",01446,",","Semilla de cartamo, alazor",","
"QCL,",Cultivos y productos de ganadería,",",032,",",Argentina,",",5412,",",Rendimiento,",",01446,",","Semilla de cartamo, alazor",","
"QCL,",Cultivos y productos de ganadería,",",032,",",Argentina,",",5510,",",Producción,",",01446,",","Semilla de cartamo, alazor",","
"QCL,",Cultivos y productos de ganadería,",",032,",",Argentina,",",5312,",",Área cosechada,",",01446,",","Semilla de cartamo, alazor",","
"QCL,",Cultivos y productos de ganadería,",",032,",",Argentina,",",5412,",",Rendimiento,",",01446,",","Semilla de cartamo, alazor",","
"QCL,",Cultivos y productos de ganadería,",",032,",",Argentina,",",5510,",",Producción,",",01446,",","Semilla de cartamo, alazor",","
"QCL,",Cultivos y productos de ganadería,",",032,",",Argentina,",",5312,",",Área cosechada,",",01446,",","Semilla de cartamo, alazor",","
"QCL,",Cultivos y productos de ganadería,",",032,",",Argentina,",",5412,",",Rendimiento,",",01446,",","Semilla de cartamo, alazor",","
"QCL,",Cultivos y productos de ganadería,",",032,",",Argentina,",",5510,",",Producción,",",01446,",","Semilla de cartamo, alazor",","
"QCL,",Cultivos y productos de ganadería,",",032,",",Argentina,",",5312,",",Área cosechada,",",01446,",","Semilla de cartamo, alazor",","
"QCL,",Cultivos y productos de ganadería,",",032,",",Argentina,",",5412,",",Rendimiento,",",01446,",","Semilla de cartamo, alazor",","
"QCL,",Cultivos y productos de ganadería,",",032,",",Argentina,",",5510,",",Producción,",",01446,",","Semilla de cartamo, alazor",","
"QCL,",Cultivos y productos de ganadería,",",032,",",Argentina,",",5312,",",Área cosechada,",",01446,",","Semilla de cartamo, alazor",","
"QCL,",Cultivos y productos de ganadería,",",032,",",Argentina,",",5412,",",Rendimiento,",",01446,",","Semilla de cartamo, alazor",","
"QCL,",Cultivos y productos de ganadería,",",032,",",Argentina,",",5510,",",Producción,",",01446,",","Semilla de cartamo, alazor",","
"QCL,",Cultivos y productos de ganadería,",",032,",",Argentina,",",5312,",",Área cosechada,",",01446,",","Semilla de cartamo, alazor",","
"QCL,",Cultivos y productos de ganadería,",",032,",",Argentina,",",5412,",",Rendimiento,",",01446,",","Semilla de cartamo, alazor",","
"QCL,",Cultivos y productos de ganadería,",",032,",",Argentina,",",5510,",",Producción,",",01446,",","Semilla de cartamo, alazor",","
"QCL,",Cultivos y productos de ganadería,",",032,",",Argentina,",",5312,",",Área cosechada,",",01446,",","Semilla de cartamo, alazor",","
"QCL,",Cultivos y productos de ganadería,",",032,",",Argentina,",",5412,",",Rendimiento,",",01446,",","Semilla de cartamo, alazor",","
"QCL,",Cultivos y productos de ganadería,",",032,",",Argentina,",",5510,",",Producción,",",01446,",","Semilla de cartamo, alazor",","
"QCL,",Cultivos y productos de ganadería,",",032,",",Argentina,",",5312,",",Área cosechada,",",01446,",","Semilla de cartamo, alazor",","
"QCL,",Cultivos y productos de ganadería,",",032,",",Argentina,",",5412,",",Rendimiento,",",01446,",","Semilla de cartamo, alazor",","
"QCL,",Cultivos y productos de ganadería,",",032,",",Argentina,",",5510,",",Producción,",",01446,",","Semilla de cartamo, alazor",","
"QCL,",Cultivos y productos de ganadería,",",032,",",Argentina,",",5312,",",Área cosechada,",",01446,",","Semilla de cartamo, alazor",","
"QCL,",Cultivos y productos de ganadería,",",032,",",Argentina,",",5412,",",Rendimiento,",",01446,",","Semilla de cartamo, alazor",","
"QCL,",Cultivos y productos de ganadería,",",032,",",Argentina,",",5510,",",Producción,",",01446,",","Semilla de cartamo, alazor",","
"QCL,",Cultivos y productos de ganadería,",",032,",",Argentina,",",5312,",",Área cosechada,",",01445,",",Semilla de girasol,","
"QCL,",Cultivos y productos de ganadería,",",032,",",Argentina,",",5412,",",Rendimiento,",",01445,",",Semilla de girasol,","
"QCL,",Cultivos y productos de ganadería,",",032,",",Argentina,",",5510,",",Producción,",",01445,",",Semilla de girasol,","
"QCL,",Cultivos y productos de ganadería,",",032,",",Argentina,",",5312,",",Área cosechada,",",01445,",",Semilla de girasol,","
"QCL,",Cultivos y productos de ganadería,",",032,",",Argentina,",",5412,",",Rendimiento,",",01445,",",Semilla de girasol,","
"QCL,",Cultivos y productos de ganadería,",",032,",",Argentina,",",5510,",",Producción,",",01445,",",Semilla de girasol,","
"QCL,",Cultivos y productos de ganadería,",",032,",",Argentina,",",5312,",",Área cosechada,",",01445,",",Semilla de girasol,","
"QCL,",Cultivos y productos de ganadería,",",032,",",Argentina,",",5412,",",Rendimiento,",",01445,",",Semilla de girasol,","
"QCL,",Cultivos y productos de ganadería,",",032,",",Argentina,",",5510,",",Producción,",",01445,",",Semilla de girasol,","
"QCL,",Cultivos y productos de ganadería,",",032,",",Argentina,",",5312,",",Área cosechada,",",01445,",",Semilla de girasol,","
"QCL,",Cultivos y productos de ganadería,",",032,",",Argentina,",",5412,",",Rendimiento,",",01445,",",Semilla de girasol,","
"QCL,",Cultivos y productos de ganadería,",",032,",",Argentina,",",5510,",",Producción,",",01445,",",Semilla de girasol,","
"QCL,",Cultivos y productos de ganadería,",",032,",",Argentina,",",5312,",",Área cosechada,",",01445,",",Semilla de girasol,","
"QCL,",Cultivos y productos de ganadería,",",032,",",Argentina,",",5412,",",Rendimiento,",",01445,",",Semilla de girasol,","
"QCL,",Cultivos y productos de ganadería,",",032,",",Argentina,",",5510,",",Producción,",",01445,",",Semilla de girasol,","
"QCL,",Cultivos y productos de ganadería,",",032,",",Argentina,",",5312,",",Área cosechada,",",01445,",",Semilla de girasol,","
"QCL,",Cultivos y productos de ganadería,",",032,",",Argentina,",",5412,",",Rendimiento,",",01445,",",Semilla de girasol,","
"QCL,",Cultivos y productos de ganadería,",",032,",",Argentina,",",5510,",",Producción,",",01445,",",Semilla de girasol,","
"QCL,",Cultivos y productos de ganadería,",",032,",",Argentina,",",5312,",",Área cosechada,",",01445,",",Semilla de girasol,","
"QCL,",Cultivos y productos de ganadería,",",032,",",Argentina,",",5412,",",Rendimiento,",",01445,",",Semilla de girasol,","
"QCL,",Cultivos y productos de ganadería,",",032,",",Argentina,",",5510,",",Producción,",",01445,",",Semilla de girasol,","
"QCL,",Cultivos y productos de ganadería,",",032,",",Argentina,",",5312,",",Área cosechada,",",01445,",",Semilla de girasol,","
"QCL,",Cultivos y productos de ganadería,",",032,",",Argentina,",",5412,",",Rendimiento,",",01445,",",Semilla de girasol,","
"QCL,",Cultivos y productos de ganadería,",",032,",",Argentina,",",5510,",",Producción,",",01445,",",Semilla de girasol,","
"QCL,",Cultivos y productos de ganadería,",",032,",",Argentina,",",5312,",",Área cosechada,",",01445,",",Semilla de girasol,","
"QCL,",Cultivos y productos de ganadería,",",032,",",Argentina,",",5412,",",Rendimiento,",",01445,",",Semilla de girasol,","
"QCL,",Cultivos y productos de ganadería,",",032,",",Argentina,",",5510,",",Producción,",",01445,",",Semilla de girasol,","
"QCL,",Cultivos y productos de ganadería,",",032,",",Argentina,",",5312,",",Área cosechada,",",01445,",",Semilla de girasol,","
"QCL,",Cultivos y productos de ganadería,",",032,",",Argentina,",",5412,",",Rendimiento,",",01445,",",Semilla de girasol,","
"QCL,",Cultivos y productos de ganadería,",",032,",",Argentina,",",5510,",",Producción,",",01445,",",Semilla de girasol,","
"QCL,",Cultivos y productos de ganadería,",",032,",",Argentina,",",5312,",",Área cosechada,",",01445,",",Semilla de girasol,","
"QCL,",Cultivos y productos de ganadería,",",032,",",Argentina,",",5412,",",Rendimiento,",",01445,",",Semilla de girasol,","
"QCL,",Cultivos y productos de ganadería,",",032,",",Argentina,",",5510,",",Producción,",",01445,",",Semilla de girasol,","
"QCL,",Cultivos y productos de ganadería,",",032,",",Argentina,",",5312,",",Área cosechada,",",01445,",",Semilla de girasol,","
"QCL,",Cultivos y productos de ganadería,",",032,",",Argentina,",",5412,",",Rendimiento,",",01445,",",Semilla de girasol,","
"QCL,",Cultivos y productos de ganadería,",",032,",",Argentina,",",5510,",",Producción,",",01445,",",Semilla de girasol,","
"QCL,",Cultivos y productos de ganadería,",",032,",",Argentina,",",5312,",",Área cosechada,",",01445,",",Semilla de girasol,","
"QCL,",Cultivos y productos de ganadería,",",032,",",Argentina,",",5412,",",Rendimiento,",",01445,",",Semilla de girasol,","
"QCL,",Cultivos y productos de ganadería,",",032,",",Argentina,",",5510,",",Producción,",",01445,",",Semilla de girasol,","
"QCL,",Cultivos y productos de ganadería,",",032,",",Argentina,",",5312,",",Área cosechada,",",01445,",",Semilla de girasol,","
"QCL,",Cultivos y productos de ganadería,",",032,",",Argentina,",",5412,",",Rendimiento,",",01445,",",Semilla de girasol,","
"QCL,",Cultivos y productos de ganadería,",",032,",",Argentina,",",5510,",",Producción,",",01445,",",Semilla de girasol,","
"QCL,",Cultivos y productos de ganadería,",",032,",",Argentina,",",5312,",",Área cosechada,",",01445,",",Semilla de girasol,","
"QCL,",Cultivos y productos de ganadería,",",032,",",Argentina,",",5412,",",Rendimiento,",",01445,",",Semilla de girasol,","
"QCL,",Cultivos y productos de ganadería,",",032,",",Argentina,",",5510,",",Producción,",",01445,",",Semilla de girasol,","
"QCL,",Cultivos y productos de ganadería,",",032,",",Argentina,",",5312,",",Área cosechada,",",01447,",",Semillas de aceite de ricino,","
"QCL,",Cultivos y productos de ganadería,",",032,",",Argentina,",",5510,",",Producción,",",01447,",",Semillas de aceite de ricino,","
"QCL,",Cultivos y productos de ganadería,",",032,",",Argentina,",",5312,",",Área cosechada,",",01447,",",Semillas de aceite de ricino,","
"QCL,",Cultivos y productos de ganadería,",",032,",",Argentina,",",5510,",",Producción,",",01447,",",Semillas de aceite de ricino,","
"QCL,",Cultivos y productos de ganadería,",",032,",",Argentina,",",5312,",",Área cosechada,",",01447,",",Semillas de aceite de ricino,","
"QCL,",Cultivos y productos de ganadería,",",032,",",Argentina,",",5510,",",Producción,",",01447,",",Semillas de aceite de ricino,","
"QCL,",Cultivos y productos de ganadería,",",032,",",Argentina,",",5312,",",Área cosechada,",",01447,",",Semillas de aceite de ricino,","
"QCL,",Cultivos y productos de ganadería,",",032,",",Argentina,",",5510,",",Producción,",",01447,",",Semillas de aceite de ricino,","
"QCL,",Cultivos y productos de ganadería,",",032,",",Argentina,",",5312,",",Área cosechada,",",01447,",",Semillas de aceite de ricino,","
"QCL,",Cultivos y productos de ganadería,",",032,",",Argentina,",",5510,",",Producción,",",01447,",",Semillas de aceite de ricino,","
"QCL,",Cultivos y productos de ganadería,",",032,",",Argentina,",",5312,",",Área cosechada,",",01447,",",Semillas de aceite de ricino,","
"QCL,",Cultivos y productos de ganadería,",",032,",",Argentina,",",5510,",",Producción,",",01447,",",Semillas de aceite de ricino,","
"QCL,",Cultivos y productos de ganadería,",",032,",",Argentina,",",5312,",",Área cosechada,",",01447,",",Semillas de aceite de ricino,","
"QCL,",Cultivos y productos de ganadería,",",032,",",Argentina,",",5510,",",Producción,",",01447,",",Semillas de aceite de ricino,","
"QCL,",Cultivos y productos de ganadería,",",032,",",Argentina,",",5312,",",Área cosechada,",",01447,",",Semillas de aceite de ricino,","
"QCL,",Cultivos y productos de ganadería,",",032,",",Argentina,",",5510,",",Producción,",",01447,",",Semillas de aceite de ricino,","
"QCL,",Cultivos y productos de ganadería,",",032,",",Argentina,",",5312,",",Área cosechada,",",01447,",",Semillas de aceite de ricino,","
"QCL,",Cultivos y productos de ganadería,",",032,",",Argentina,",",5510,",",Producción,",",01447,",",Semillas de aceite de ricino,","
"QCL,",Cultivos y productos de ganadería,",",032,",",Argentina,",",5312,",",Área cosechada,",",01447,",",Semillas de aceite de ricino,","
"QCL,",Cultivos y productos de ganadería,",",032,",",Argentina,",",5510,",",Producción,",",01447,",",Semillas de aceite de ricino,","
"QCL,",Cultivos y productos de ganadería,",",032,",",Argentina,",",5312,",",Área cosechada,",",01447,",",Semillas de aceite de ricino,","
"QCL,",Cultivos y productos de ganadería,",",032,",",Argentina,",",5510,",",Producción,",",01447,",",Semillas de aceite de ricino,","
"QCL,",Cultivos y productos de ganadería,",",032,",",Argentina,",",5312,",",Área cosechada,",",01447,",",Semillas de aceite de ricino,","
"QCL,",Cultivos y productos de ganadería,",",032,",",Argentina,",",5510,",",Producción,",",01447,",",Semillas de aceite de ricino,","
"QCL,",Cultivos y productos de ganadería,",",032,",",Argentina,",",5312,",",Área cosechada,",",01447,",",Semillas de aceite de ricino,","
"QCL,",Cultivos y productos de ganadería,",",032,",",Argentina,",",5510,",",Producción,",",01447,",",Semillas de aceite de ricino,","
"QCL,",Cultivos y productos de ganadería,",",032,",",Argentina,",",5312,",",Área cosechada,",",01447,",",Semillas de aceite de ricino,","
"QCL,",Cultivos y productos de ganadería,",",032,",",Argentina,",",5510,",",Producción,",",01447,",",Semillas de aceite de ricino,","
"QCL,",Cultivos y productos de ganadería,",",032,",",Argentina,",",5312,",",Área cosechada,",",01447,",",Semillas de aceite de ricino,","
"QCL,",Cultivos y productos de ganadería,",",032,",",Argentina,",",5510,",",Producción,",",01447,",",Semillas de aceite de ricino,","
"QCL,",Cultivos y productos de ganadería,",",032,",",Argentina,",",5312,",",Área cosechada,",",0114,",",Sorgo,","
"QCL,",Cultivos y productos de ganadería,",",032,",",Argentina,",",5412,",",Rendimiento,",",0114,",",Sorgo,","
"QCL,",Cultivos y productos de ganadería,",",032,",",Argentina,",",5510,",",Producción,",",0114,",",Sorgo,","
"QCL,",Cultivos y productos de ganadería,",",032,",",Argentina,",",5312,",",Área cosechada,",",0114,",",Sorgo,","
"QCL,",Cultivos y productos de ganadería,",",032,",",Argentina,",",5412,",",Rendimiento,",",0114,",",Sorgo,","
"QCL,",Cultivos y productos de ganadería,",",032,",",Argentina,",",5510,",",Producción,",",0114,",",Sorgo,","
"QCL,",Cultivos y productos de ganadería,",",032,",",Argentina,",",5312,",",Área cosechada,",",0114,",",Sorgo,","
"QCL,",Cultivos y productos de ganadería,",",032,",",Argentina,",",5412,",",Rendimiento,",",0114,",",Sorgo,","
"QCL,",Cultivos y productos de ganadería,",",032,",",Argentina,",",5510,",",Producción,",",0114,",",Sorgo,","
"QCL,",Cultivos y productos de ganadería,",",032,",",Argentina,",",5312,",",Área cosechada,",",0114,",",Sorgo,","
"QCL,",Cultivos y productos de ganadería,",",032,",",Argentina,",",5412,",",Rendimiento,",",0114,",",Sorgo,","
"QCL,",Cultivos y productos de ganadería,",",032,",",Argentina,",",5510,",",Producción,",",0114,",",Sorgo,","
"QCL,",Cultivos y productos de ganadería,",",032,",",Argentina,",",5312,",",Área cosechada,",",0114,",",Sorgo,","
"QCL,",Cultivos y productos de ganadería,",",032,",",Argentina,",",5412,",",Rendimiento,",",0114,",",Sorgo,","
"QCL,",Cultivos y productos de ganadería,",",032,",",Argentina,",",5510,",",Producción,",",0114,",",Sorgo,","
"QCL,",Cultivos y productos de ganadería,",",032,",",Argentina,",",5312,",",Área cosechada,",",0114,",",Sorgo,","
"QCL,",Cultivos y productos de ganadería,",",032,",",Argentina,",",5412,",",Rendimiento,",",0114,",",Sorgo,","
"QCL,",Cultivos y productos de ganadería,",",032,",",Argentina,",",5510,",",Producción,",",0114,",",Sorgo,","
"QCL,",Cultivos y productos de ganadería,",",032,",",Argentina,",",5312,",",Área cosechada,",",0114,",",Sorgo,","
"QCL,",Cultivos y productos de ganadería,",",032,",",Argentina,",",5412,",",Rendimiento,",",0114,",",Sorgo,","
"QCL,",Cultivos y productos de ganadería,",",032,",",Argentina,",",5510,",",Producción,",",0114,",",Sorgo,","
"QCL,",Cultivos y productos de ganadería,",",032,",",Argentina,",",5312,",",Área cosechada,",",0114,",",Sorgo,","
"QCL,",Cultivos y productos de ganadería,",",032,",",Argentina,",",5412,",",Rendimiento,",",0114,",",Sorgo,","
"QCL,",Cultivos y productos de ganadería,",",032,",",Argentina,",",5510,",",Producción,",",0114,",",Sorgo,","
"QCL,",Cultivos y productos de ganadería,",",032,",",Argentina,",",5312,",",Área cosechada,",",0114,",",Sorgo,","
"QCL,",Cultivos y productos de ganadería,",",032,",",Argentina,",",5412,",",Rendimiento,",",0114,",",Sorgo,","
"QCL,",Cultivos y productos de ganadería,",",032,",",Argentina,",",5510,",",Producción,",",0114,",",Sorgo,","
"QCL,",Cultivos y productos de ganadería,",",032,",",Argentina,",",5312,",",Área cosechada,",",0114,",",Sorgo,","
"QCL,",Cultivos y productos de ganadería,",",032,",",Argentina,",",5412,",",Rendimiento,",",0114,",",Sorgo,","
"QCL,",Cultivos y productos de ganadería,",",032,",",Argentina,",",5510,",",Producción,",",0114,",",Sorgo,","
"QCL,",Cultivos y productos de ganadería,",",032,",",Argentina,",",5312,",",Área cosechada,",",0114,",",Sorgo,","
"QCL,",Cultivos y productos de ganadería,",",032,",",Argentina,",",5412,",",Rendimiento,",",0114,",",Sorgo,","
"QCL,",Cultivos y productos de ganadería,",",032,",",Argentina,",",5510,",",Producción,",",0114,",",Sorgo,","
"QCL,",Cultivos y productos de ganadería,",",032,",",Argentina,",",5312,",",Área cosechada,",",0114,",",Sorgo,","
"QCL,",Cultivos y productos de ganadería,",",032,",",Argentina,",",5412,",",Rendimiento,",",0114,",",Sorgo,","
"QCL,",Cultivos y productos de ganadería,",",032,",",Argentina,",",5510,",",Producción,",",0114,",",Sorgo,","
"QCL,",Cultivos y productos de ganadería,",",032,",",Argentina,",",5312,",",Área cosechada,",",0114,",",Sorgo,","
"QCL,",Cultivos y productos de ganadería,",",032,",",Argentina,",",5412,",",Rendimiento,",",0114,",",Sorgo,","
"QCL,",Cultivos y productos de ganadería,",",032,",",Argentina,",",5510,",",Producción,",",0114,",",Sorgo,","
"QCL,",Cultivos y productos de ganadería,",",032,",",Argentina,",",5312,",",Área cosechada,",",0114,",",Sorgo,","
"QCL,",Cultivos y productos de ganadería,",",032,",",Argentina,",",5412,",",Rendimiento,",",0114,",",Sorgo,","
"QCL,",Cultivos y productos de ganadería,",",032,",",Argentina,",",5510,",",Producción,",",0114,",",Sorgo,","
"QCL,",Cultivos y productos de ganadería,",",032,",",Argentina,",",5312,",",Área cosechada,",",0114,",",Sorgo,","
"QCL,",Cultivos y productos de ganadería,",",032,",",Argentina,",",5412,",",Rendimiento,",",0114,",",Sorgo,","
"QCL,",Cultivos y productos de ganadería,",",032,",",Argentina,",",5510,",",Producción,",",0114,",",Sorgo,","
"QCL,",Cultivos y productos de ganadería,",",032,",",Argentina,",",5312,",",Área cosechada,",",01970,",",Tabaco sin elaborar,","
"QCL,",Cultivos y productos de ganadería,",",032,",",Argentina,",",5412,",",Rendimiento,",",01970,",",Tabaco sin elaborar,","
"QCL,",Cultivos y productos de ganadería,",",032,",",Argentina,",",5510,",",Producción,",",01970,",",Tabaco sin elaborar,","
"QCL,",Cultivos y productos de ganadería,",",032,",",Argentina,",",5312,",",Área cosechada,",",01970,",",Tabaco sin elaborar,","
"QCL,",Cultivos y productos de ganadería,",",032,",",Argentina,",",5412,",",Rendimiento,",",01970,",",Tabaco sin elaborar,","
"QCL,",Cultivos y productos de ganadería,",",032,",",Argentina,",",5510,",",Producción,",",01970,",",Tabaco sin elaborar,","
"QCL,",Cultivos y productos de ganadería,",",032,",",Argentina,",",5312,",",Área cosechada,",",01970,",",Tabaco sin elaborar,","
"QCL,",Cultivos y productos de ganadería,",",032,",",Argentina,",",5412,",",Rendimiento,",",01970,",",Tabaco sin elaborar,","
"QCL,",Cultivos y productos de ganadería,",",032,",",Argentina,",",5510,",",Producción,",",01970,",",Tabaco sin elaborar,","
"QCL,",Cultivos y productos de ganadería,",",032,",",Argentina,",",5312,",",Área cosechada,",",01970,",",Tabaco sin elaborar,","
"QCL,",Cultivos y productos de ganadería,",",032,",",Argentina,",",5412,",",Rendimiento,",",01970,",",Tabaco sin elaborar,","
"QCL,",Cultivos y productos de ganadería,",",032,",",Argentina,",",5510,",",Producción,",",01970,",",Tabaco sin elaborar,","
"QCL,",Cultivos y productos de ganadería,",",032,",",Argentina,",",5312,",",Área cosechada,",",01970,",",Tabaco sin elaborar,","
"QCL,",Cultivos y productos de ganadería,",",032,",",Argentina,",",5412,",",Rendimiento,",",01970,",",Tabaco sin elaborar,","
"QCL,",Cultivos y productos de ganadería,",",032,",",Argentina,",",5510,",",Producción,",",01970,",",Tabaco sin elaborar,","
"QCL,",Cultivos y productos de ganadería,",",032,",",Argentina,",",5312,",",Área cosechada,",",01970,",",Tabaco sin elaborar,","
"QCL,",Cultivos y productos de ganadería,",",032,",",Argentina,",",5412,",",Rendimiento,",",01970,",",Tabaco sin elaborar,","
"QCL,",Cultivos y productos de ganadería,",",032,",",Argentina,",",5510,",",Producción,",",01970,",",Tabaco sin elaborar,","
"QCL,",Cultivos y productos de ganadería,",",032,",",Argentina,",",5312,",",Área cosechada,",",01970,",",Tabaco sin elaborar,","
"QCL,",Cultivos y productos de ganadería,",",032,",",Argentina,",",5412,",",Rendimiento,",",01970,",",Tabaco sin elaborar,","
"QCL,",Cultivos y productos de ganadería,",",032,",",Argentina,",",5510,",",Producción,",",01970,",",Tabaco sin elaborar,","
"QCL,",Cultivos y productos de ganadería,",",032,",",Argentina,",",5312,",",Área cosechada,",",01970,",",Tabaco sin elaborar,","
"QCL,",Cultivos y productos de ganadería,",",032,",",Argentina,",",5412,",",Rendimiento,",",01970,",",Tabaco sin elaborar,","
"QCL,",Cultivos y productos de ganadería,",",032,",",Argentina,",",5510,",",Producción,",",01970,",",Tabaco sin elaborar,","
"QCL,",Cultivos y productos de ganadería,",",032,",",Argentina,",",5312,",",Área cosechada,",",01970,",",Tabaco sin elaborar,","
"QCL,",Cultivos y productos de ganadería,",",032,",",Argentina,",",5412,",",Rendimiento,",",01970,",",Tabaco sin elaborar,","
"QCL,",Cultivos y productos de ganadería,",",032,",",Argentina,",",5510,",",Producción,",",01970,",",Tabaco sin elaborar,","
"QCL,",Cultivos y productos de ganadería,",",032,",",Argentina,",",5312,",",Área cosechada,",",01970,",",Tabaco sin elaborar,","
"QCL,",Cultivos y productos de ganadería,",",032,",",Argentina,",",5412,",",Rendimiento,",",01970,",",Tabaco sin elaborar,","
"QCL,",Cultivos y productos de ganadería,",",032,",",Argentina,",",5510,",",Producción,",",01970,",",Tabaco sin elaborar,","
"QCL,",Cultivos y productos de ganadería,",",032,",",Argentina,",",5312,",",Área cosechada,",",01970,",",Tabaco sin elaborar,","
"QCL,",Cultivos y productos de ganadería,",",032,",",Argentina,",",5412,",",Rendimiento,",",01970,",",Tabaco sin elaborar,","
"QCL,",Cultivos y productos de ganadería,",",032,",",Argentina,",",5510,",",Producción,",",01970,",",Tabaco sin elaborar,","
"QCL,",Cultivos y productos de ganadería,",",032,",",Argentina,",",5312,",",Área cosechada,",",01970,",",Tabaco sin elaborar,","
"QCL,",Cultivos y productos de ganadería,",",032,",",Argentina,",",5412,",",Rendimiento,",",01970,",",Tabaco sin elaborar,","
"QCL,",Cultivos y productos de ganadería,",",032,",",Argentina,",",5510,",",Producción,",",01970,",",Tabaco sin elaborar,","
"QCL,",Cultivos y productos de ganadería,",",032,",",Argentina,",",5312,",",Área cosechada,",",01970,",",Tabaco sin elaborar,","
"QCL,",Cultivos y productos de ganadería,",",032,",",Argentina,",",5412,",",Rendimiento,",",01970,",",Tabaco sin elaborar,","
"QCL,",Cultivos y productos de ganadería,",",032,",",Argentina,",",5510,",",Producción,",",01970,",",Tabaco sin elaborar,","
"QCL,",Cultivos y productos de ganadería,",",032,",",Argentina,",",5312,",",Área cosechada,",",01970,",",Tabaco sin elaborar,","
"QCL,",Cultivos y productos de ganadería,",",032,",",Argentina,",",5412,",",Rendimiento,",",01970,",",Tabaco sin elaborar,","
"QCL,",Cultivos y productos de ganadería,",",032,",",Argentina,",",5510,",",Producción,",",01970,",",Tabaco sin elaborar,","
"QCL,",Cultivos y productos de ganadería,",",032,",",Argentina,",",5312,",",Área cosechada,",",01970,",",Tabaco sin elaborar,","
"QCL,",Cultivos y productos de ganadería,",",032,",",Argentina,",",5412,",",Rendimiento,",",01970,",",Tabaco sin elaborar,","
"QCL,",Cultivos y productos de ganadería,",",032,",",Argentina,",",5510,",",Producción,",",01970,",",Tabaco sin elaborar,","
"QCL,",Cultivos y productos de ganadería,",",032,",",Argentina,",",5312,",",Área cosechada,",",01324,",","Tangerinas, mandarinas, clementinas",","
"QCL,",Cultivos y productos de ganadería,",",032,",",Argentina,",",5412,",",Rendimiento,",",01324,",","Tangerinas, mandarinas, clementinas",","
"QCL,",Cultivos y productos de ganadería,",",032,",",Argentina,",",5510,",",Producción,",",01324,",","Tangerinas, mandarinas, clementinas",","
"QCL,",Cultivos y productos de ganadería,",",032,",",Argentina,",",5312,",",Área cosechada,",",01324,",","Tangerinas, mandarinas, clementinas",","
"QCL,",Cultivos y productos de ganadería,",",032,",",Argentina,",",5412,",",Rendimiento,",",01324,",","Tangerinas, mandarinas, clementinas",","
"QCL,",Cultivos y productos de ganadería,",",032,",",Argentina,",",5510,",",Producción,",",01324,",","Tangerinas, mandarinas, clementinas",","
"QCL,",Cultivos y productos de ganadería,",",032,",",Argentina,",",5312,",",Área cosechada,",",01324,",","Tangerinas, mandarinas, clementinas",","
"QCL,",Cultivos y productos de ganadería,",",032,",",Argentina,",",5412,",",Rendimiento,",",01324,",","Tangerinas, mandarinas, clementinas",","
"QCL,",Cultivos y productos de ganadería,",",032,",",Argentina,",",5510,",",Producción,",",01324,",","Tangerinas, mandarinas, clementinas",","
"QCL,",Cultivos y productos de ganadería,",",032,",",Argentina,",",5312,",",Área cosechada,",",01324,",","Tangerinas, mandarinas, clementinas",","
"QCL,",Cultivos y productos de ganadería,",",032,",",Argentina,",",5412,",",Rendimiento,",",01324,",","Tangerinas, mandarinas, clementinas",","
"QCL,",Cultivos y productos de ganadería,",",032,",",Argentina,",",5510,",",Producción,",",01324,",","Tangerinas, mandarinas, clementinas",","
"QCL,",Cultivos y productos de ganadería,",",032,",",Argentina,",",5312,",",Área cosechada,",",01324,",","Tangerinas, mandarinas, clementinas",","
"QCL,",Cultivos y productos de ganadería,",",032,",",Argentina,",",5412,",",Rendimiento,",",01324,",","Tangerinas, mandarinas, clementinas",","
"QCL,",Cultivos y productos de ganadería,",",032,",",Argentina,",",5510,",",Producción,",",01324,",","Tangerinas, mandarinas, clementinas",","
"QCL,",Cultivos y productos de ganadería,",",032,",",Argentina,",",5312,",",Área cosechada,",",01324,",","Tangerinas, mandarinas, clementinas",","
"QCL,",Cultivos y productos de ganadería,",",032,",",Argentina,",",5412,",",Rendimiento,",",01324,",","Tangerinas, mandarinas, clementinas",","
"QCL,",Cultivos y productos de ganadería,",",032,",",Argentina,",",5510,",",Producción,",",01324,",","Tangerinas, mandarinas, clementinas",","
"QCL,",Cultivos y productos de ganadería,",",032,",",Argentina,",",5312,",",Área cosechada,",",01324,",","Tangerinas, mandarinas, clementinas",","
"QCL,",Cultivos y productos de ganadería,",",032,",",Argentina,",",5412,",",Rendimiento,",",01324,",","Tangerinas, mandarinas, clementinas",","
"QCL,",Cultivos y productos de ganadería,",",032,",",Argentina,",",5510,",",Producción,",",01324,",","Tangerinas, mandarinas, clementinas",","
"QCL,",Cultivos y productos de ganadería,",",032,",",Argentina,",",5312,",",Área cosechada,",",01324,",","Tangerinas, mandarinas, clementinas",","
"QCL,",Cultivos y productos de ganadería,",",032,",",Argentina,",",5412,",",Rendimiento,",",01324,",","Tangerinas, mandarinas, clementinas",","
"QCL,",Cultivos y productos de ganadería,",",032,",",Argentina,",",5510,",",Producción,",",01324,",","Tangerinas, mandarinas, clementinas",","
"QCL,",Cultivos y productos de ganadería,",",032,",",Argentina,",",5312,",",Área cosechada,",",01324,",","Tangerinas, mandarinas, clementinas",","
"QCL,",Cultivos y productos de ganadería,",",032,",",Argentina,",",5412,",",Rendimiento,",",01324,",","Tangerinas, mandarinas, clementinas",","
"QCL,",Cultivos y productos de ganadería,",",032,",",Argentina,",",5510,",",Producción,",",01324,",","Tangerinas, mandarinas, clementinas",","
"QCL,",Cultivos y productos de ganadería,",",032,",",Argentina,",",5312,",",Área cosechada,",",01324,",","Tangerinas, mandarinas, clementinas",","
"QCL,",Cultivos y productos de ganadería,",",032,",",Argentina,",",5412,",",Rendimiento,",",01324,",","Tangerinas, mandarinas, clementinas",","
"QCL,",Cultivos y productos de ganadería,",",032,",",Argentina,",",5510,",",Producción,",",01324,",","Tangerinas, mandarinas, clementinas",","
"QCL,",Cultivos y productos de ganadería,",",032,",",Argentina,",",5312,",",Área cosechada,",",01324,",","Tangerinas, mandarinas, clementinas",","
"QCL,",Cultivos y productos de ganadería,",",032,",",Argentina,",",5412,",",Rendimiento,",",01324,",","Tangerinas, mandarinas, clementinas",","
"QCL,",Cultivos y productos de ganadería,",",032,",",Argentina,",",5510,",",Producción,",",01324,",","Tangerinas, mandarinas, clementinas",","
"QCL,",Cultivos y productos de ganadería,",",032,",",Argentina,",",5312,",",Área cosechada,",",01324,",","Tangerinas, mandarinas, clementinas",","
"QCL,",Cultivos y productos de ganadería,",",032,",",Argentina,",",5412,",",Rendimiento,",",01324,",","Tangerinas, mandarinas, clementinas",","
"QCL,",Cultivos y productos de ganadería,",",032,",",Argentina,",",5510,",",Producción,",",01324,",","Tangerinas, mandarinas, clementinas",","
"QCL,",Cultivos y productos de ganadería,",",032,",",Argentina,",",5312,",",Área cosechada,",",01324,",","Tangerinas, mandarinas, clementinas",","
"QCL,",Cultivos y productos de ganadería,",",032,",",Argentina,",",5412,",",Rendimiento,",",01324,",","Tangerinas, mandarinas, clementinas",","
"QCL,",Cultivos y productos de ganadería,",",032,",",Argentina,",",5510,",",Producción,",",01324,",","Tangerinas, mandarinas, clementinas",","
"QCL,",Cultivos y productos de ganadería,",",032,",",Argentina,",",5312,",",Área cosechada,",",01324,",","Tangerinas, mandarinas, clementinas",","
"QCL,",Cultivos y productos de ganadería,",",032,",",Argentina,",",5412,",",Rendimiento,",",01324,",","Tangerinas, mandarinas, clementinas",","
"QCL,",Cultivos y productos de ganadería,",",032,",",Argentina,",",5510,",",Producción,",",01324,",","Tangerinas, mandarinas, clementinas",","
"QCL,",Cultivos y productos de ganadería,",",032,",",Argentina,",",5312,",",Área cosechada,",",01324,",","Tangerinas, mandarinas, clementinas",","
"QCL,",Cultivos y productos de ganadería,",",032,",",Argentina,",",5412,",",Rendimiento,",",01324,",","Tangerinas, mandarinas, clementinas",","
"QCL,",Cultivos y productos de ganadería,",",032,",",Argentina,",",5510,",",Producción,",",01324,",","Tangerinas, mandarinas, clementinas",","
"QCL,",Cultivos y productos de ganadería,",",032,",",Argentina,",",5312,",",Área cosechada,",",01234,",","Tomates, frescos",","
"QCL,",Cultivos y productos de ganadería,",",032,",",Argentina,",",5412,",",Rendimiento,",",01234,",","Tomates, frescos",","
"QCL,",Cultivos y productos de ganadería,",",032,",",Argentina,",",5510,",",Producción,",",01234,",","Tomates, frescos",","
"QCL,",Cultivos y productos de ganadería,",",032,",",Argentina,",",5312,",",Área cosechada,",",01234,",","Tomates, frescos",","
"QCL,",Cultivos y productos de ganadería,",",032,",",Argentina,",",5412,",",Rendimiento,",",01234,",","Tomates, frescos",","
"QCL,",Cultivos y productos de ganadería,",",032,",",Argentina,",",5510,",",Producción,",",01234,",","Tomates, frescos",","
"QCL,",Cultivos y productos de ganadería,",",032,",",Argentina,",",5312,",",Área cosechada,",",01234,",","Tomates, frescos",","
"QCL,",Cultivos y productos de ganadería,",",032,",",Argentina,",",5412,",",Rendimiento,",",01234,",","Tomates, frescos",","
"QCL,",Cultivos y productos de ganadería,",",032,",",Argentina,",",5510,",",Producción,",",01234,",","Tomates, frescos",","
"QCL,",Cultivos y productos de ganadería,",",032,",",Argentina,",",5312,",",Área cosechada,",",01234,",","Tomates, frescos",","
"QCL,",Cultivos y productos de ganadería,",",032,",",Argentina,",",5412,",",Rendimiento,",",01234,",","Tomates, frescos",","
"QCL,",Cultivos y productos de ganadería,",",032,",",Argentina,",",5510,",",Producción,",",01234,",","Tomates, frescos",","
"QCL,",Cultivos y productos de ganadería,",",032,",",Argentina,",",5312,",",Área cosechada,",",01234,",","Tomates, frescos",","
"QCL,",Cultivos y productos de ganadería,",",032,",",Argentina,",",5412,",",Rendimiento,",",01234,",","Tomates, frescos",","
"QCL,",Cultivos y productos de ganadería,",",032,",",Argentina,",",5510,",",Producción,",",01234,",","Tomates, frescos",","
"QCL,",Cultivos y productos de ganadería,",",032,",",Argentina,",",5312,",",Área cosechada,",",01234,",","Tomates, frescos",","
"QCL,",Cultivos y productos de ganadería,",",032,",",Argentina,",",5412,",",Rendimiento,",",01234,",","Tomates, frescos",","
"QCL,",Cultivos y productos de ganadería,",",032,",",Argentina,",",5510,",",Producción,",",01234,",","Tomates, frescos",","
"QCL,",Cultivos y productos de ganadería,",",032,",",Argentina,",",5312,",",Área cosechada,",",01234,",","Tomates, frescos",","
"QCL,",Cultivos y productos de ganadería,",",032,",",Argentina,",",5412,",",Rendimiento,",",01234,",","Tomates, frescos",","
"QCL,",Cultivos y productos de ganadería,",",032,",",Argentina,",",5510,",",Producción,",",01234,",","Tomates, frescos",","
"QCL,",Cultivos y productos de ganadería,",",032,",",Argentina,",",5312,",",Área cosechada,",",01234,",","Tomates, frescos",","
"QCL,",Cultivos y productos de ganadería,",",032,",",Argentina,",",5412,",",Rendimiento,",",01234,",","Tomates, frescos",","
"QCL,",Cultivos y productos de ganadería,",",032,",",Argentina,",",5510,",",Producción,",",01234,",","Tomates, frescos",","
"QCL,",Cultivos y productos de ganadería,",",032,",",Argentina,",",5312,",",Área cosechada,",",01234,",","Tomates, frescos",","
"QCL,",Cultivos y productos de ganadería,",",032,",",Argentina,",",5412,",",Rendimiento,",",01234,",","Tomates, frescos",","
"QCL,",Cultivos y productos de ganadería,",",032,",",Argentina,",",5510,",",Producción,",",01234,",","Tomates, frescos",","
"QCL,",Cultivos y productos de ganadería,",",032,",",Argentina,",",5312,",",Área cosechada,",",01234,",","Tomates, frescos",","
"QCL,",Cultivos y productos de ganadería,",",032,",",Argentina,",",5412,",",Rendimiento,",",01234,",","Tomates, frescos",","
"QCL,",Cultivos y productos de ganadería,",",032,",",Argentina,",",5510,",",Producción,",",01234,",","Tomates, frescos",","
"QCL,",Cultivos y productos de ganadería,",",032,",",Argentina,",",5312,",",Área cosechada,",",01234,",","Tomates, frescos",","
"QCL,",Cultivos y productos de ganadería,",",032,",",Argentina,",",5412,",",Rendimiento,",",01234,",","Tomates, frescos",","
"QCL,",Cultivos y productos de ganadería,",",032,",",Argentina,",",5510,",",Producción,",",01234,",","Tomates, frescos",","
"QCL,",Cultivos y productos de ganadería,",",032,",",Argentina,",",5312,",",Área cosechada,",",01234,",","Tomates, frescos",","
"QCL,",Cultivos y productos de ganadería,",",032,",",Argentina,",",5412,",",Rendimiento,",",01234,",","Tomates, frescos",","
"QCL,",Cultivos y productos de ganadería,",",032,",",Argentina,",",5510,",",Producción,",",01234,",","Tomates, frescos",","
"QCL,",Cultivos y productos de ganadería,",",032,",",Argentina,",",5312,",",Área cosechada,",",01234,",","Tomates, frescos",","
"QCL,",Cultivos y productos de ganadería,",",032,",",Argentina,",",5412,",",Rendimiento,",",01234,",","Tomates, frescos",","
"QCL,",Cultivos y productos de ganadería,",",032,",",Argentina,",",5510,",",Producción,",",01234,",","Tomates, frescos",","
"QCL,",Cultivos y productos de ganadería,",",032,",",Argentina,",",5312,",",Área cosechada,",",01234,",","Tomates, frescos",","
"QCL,",Cultivos y productos de ganadería,",",032,",",Argentina,",",5412,",",Rendimiento,",",01234,",","Tomates, frescos",","
"QCL,",Cultivos y productos de ganadería,",",032,",",Argentina,",",5510,",",Producción,",",01234,",","Tomates, frescos",","
"QCL,",Cultivos y productos de ganadería,",",032,",",Argentina,",",5312,",",Área cosechada,",",01234,",","Tomates, frescos",","
"QCL,",Cultivos y productos de ganadería,",",032,",",Argentina,",",5412,",",Rendimiento,",",01234,",","Tomates, frescos",","
"QCL,",Cultivos y productos de ganadería,",",032,",",Argentina,",",5510,",",Producción,",",01234,",","Tomates, frescos",","
"QCL,",Cultivos y productos de ganadería,",",032,",",Argentina,",",5312,",",Área cosechada,",",0111,",",Trigo,","
"QCL,",Cultivos y productos de ganadería,",",032,",",Argentina,",",5412,",",Rendimiento,",",0111,",",Trigo,","
"QCL,",Cultivos y productos de ganadería,",",032,",",Argentina,",",5510,",",Producción,",",0111,",",Trigo,","
"QCL,",Cultivos y productos de ganadería,",",032,",",Argentina,",",5312,",",Área cosechada,",",0111,",",Trigo,","
"QCL,",Cultivos y productos de ganadería,",",032,",",Argentina,",",5412,",",Rendimiento,",",0111,",",Trigo,","
"QCL,",Cultivos y productos de ganadería,",",032,",",Argentina,",",5510,",",Producción,",",0111,",",Trigo,","
"QCL,",Cultivos y productos de ganadería,",",032,",",Argentina,",",5312,",",Área cosechada,",",0111,",",Trigo,","
"QCL,",Cultivos y productos de ganadería,",",032,",",Argentina,",",5412,",",Rendimiento,",",0111,",",Trigo,","
"QCL,",Cultivos y productos de ganadería,",",032,",",Argentina,",",5510,",",Producción,",",0111,",",Trigo,","
"QCL,",Cultivos y productos de ganadería,",",032,",",Argentina,",",5312,",",Área cosechada,",",0111,",",Trigo,","
"QCL,",Cultivos y productos de ganadería,",",032,",",Argentina,",",5412,",",Rendimiento,",",0111,",",Trigo,","
"QCL,",Cultivos y productos de ganadería,",",032,",",Argentina,",",5510,",",Producción,",",0111,",",Trigo,","
"QCL,",Cultivos y productos de ganadería,",",032,",",Argentina,",",5312,",",Área cosechada,",",0111,",",Trigo,","
"QCL,",Cultivos y productos de ganadería,",",032,",",Argentina,",",5412,",",Rendimiento,",",0111,",",Trigo,","
"QCL,",Cultivos y productos de ganadería,",",032,",",Argentina,",",5510,",",Producción,",",0111,",",Trigo,","
"QCL,",Cultivos y productos de ganadería,",",032,",",Argentina,",",5312,",",Área cosechada,",",0111,",",Trigo,","
"QCL,",Cultivos y productos de ganadería,",",032,",",Argentina,",",5412,",",Rendimiento,",",0111,",",Trigo,","
"QCL,",Cultivos y productos de ganadería,",",032,",",Argentina,",",5510,",",Producción,",",0111,",",Trigo,","
"QCL,",Cultivos y productos de ganadería,",",032,",",Argentina,",",5312,",",Área cosechada,",",0111,",",Trigo,","
"QCL,",Cultivos y productos de ganadería,",",032,",",Argentina,",",5412,",",Rendimiento,",",0111,",",Trigo,","
"QCL,",Cultivos y productos de ganadería,",",032,",",Argentina,",",5510,",",Producción,",",0111,",",Trigo,","
"QCL,",Cultivos y productos de ganadería,",",032,",",Argentina,",",5312,",",Área cosechada,",",0111,",",Trigo,","
"QCL,",Cultivos y productos de ganadería,",",032,",",Argentina,",",5412,",",Rendimiento,",",0111,",",Trigo,","
"QCL,",Cultivos y productos de ganadería,",",032,",",Argentina,",",5510,",",Producción,",",0111,",",Trigo,","
"QCL,",Cultivos y productos de ganadería,",",032,",",Argentina,",",5312,",",Área cosechada,",",0111,",",Trigo,","
"QCL,",Cultivos y productos de ganadería,",",032,",",Argentina,",",5412,",",Rendimiento,",",0111,",",Trigo,","
"QCL,",Cultivos y productos de ganadería,",",032,",",Argentina,",",5510,",",Producción,",",0111,",",Trigo,","
"QCL,",Cultivos y productos de ganadería,",",032,",",Argentina,",",5312,",",Área cosechada,",",0111,",",Trigo,","
"QCL,",Cultivos y productos de ganadería,",",032,",",Argentina,",",5412,",",Rendimiento,",",0111,",",Trigo,","
"QCL,",Cultivos y productos de ganadería,",",032,",",Argentina,",",5510,",",Producción,",",0111,",",Trigo,","
"QCL,",Cultivos y productos de ganadería,",",032,",",Argentina,",",5312,",",Área cosechada,",",0111,",",Trigo,","
"QCL,",Cultivos y productos de ganadería,",",032,",",Argentina,",",5412,",",Rendimiento,",",0111,",",Trigo,","
"QCL,",Cultivos y productos de ganadería,",",032,",",Argentina,",",5510,",",Producción,",",0111,",",Trigo,","
"QCL,",Cultivos y productos de ganadería,",",032,",",Argentina,",",5312,",",Área cosechada,",",0111,",",Trigo,","
"QCL,",Cultivos y productos de ganadería,",",032,",",Argentina,",",5412,",",Rendimiento,",",0111,",",Trigo,","
"QCL,",Cultivos y productos de ganadería,",",032,",",Argentina,",",5510,",",Producción,",",0111,",",Trigo,","
"QCL,",Cultivos y productos de ganadería,",",032,",",Argentina,",",5312,",",Área cosechada,",",0111,",",Trigo,","
"QCL,",Cultivos y productos de ganadería,",",032,",",Argentina,",",5412,",",Rendimiento,",",0111,",",Trigo,","
"QCL,",Cultivos y productos de ganadería,",",032,",",Argentina,",",5510,",",Producción,",",0111,",",Trigo,","
"QCL,",Cultivos y productos de ganadería,",",032,",",Argentina,",",5312,",",Área cosechada,",",0111,",",Trigo,","
"QCL,",Cultivos y productos de ganadería,",",032,",",Argentina,",",5412,",",Rendimiento,",",0111,",",Trigo,","
"QCL,",Cultivos y productos de ganadería,",",032,",",Argentina,",",5510,",",Producción,",",0111,",",Trigo,","
"QCL,",Cultivos y productos de ganadería,",",032,",",Argentina,",",5312,",",Área cosechada,",",0111,",",Trigo,","
"QCL,",Cultivos y productos de ganadería,",",032,",",Argentina,",",5412,",",Rendimiento,",",0111,",",Trigo,","
"QCL,",Cultivos y productos de ganadería,",",032,",",Argentina,",",5510,",",Producción,",",0111,",",Trigo,","
"QCL,",Cultivos y productos de ganadería,",",032,",",Argentina,",",5312,",",Área cosechada,",",01330,",",Uvas,","
"QCL,",Cultivos y productos de ganadería,",",032,",",Argentina,",",5412,",",Rendimiento,",",01330,",",Uvas,","
"QCL,",Cultivos y productos de ganadería,",",032,",",Argentina,",",5510,",",Producción,",",01330,",",Uvas,","
"QCL,",Cultivos y productos de ganadería,",",032,",",Argentina,",",5312,",",Área cosechada,",",01330,",",Uvas,","
"QCL,",Cultivos y productos de ganadería,",",032,",",Argentina,",",5412,",",Rendimiento,",",01330,",",Uvas,","
"QCL,",Cultivos y productos de ganadería,",",032,",",Argentina,",",5510,",",Producción,",",01330,",",Uvas,","
"QCL,",Cultivos y productos de ganadería,",",032,",",Argentina,",",5312,",",Área cosechada,",",01330,",",Uvas,","
"QCL,",Cultivos y productos de ganadería,",",032,",",Argentina,",",5412,",",Rendimiento,",",01330,",",Uvas,","
"QCL,",Cultivos y productos de ganadería,",",032,",",Argentina,",",5510,",",Producción,",",01330,",",Uvas,","
"QCL,",Cultivos y productos de ganadería,",",032,",",Argentina,",",5312,",",Área cosechada,",",01330,",",Uvas,","
"QCL,",Cultivos y productos de ganadería,",",032,",",Argentina,",",5412,",",Rendimiento,",",01330,",",Uvas,","
"QCL,",Cultivos y productos de ganadería,",",032,",",Argentina,",",5510,",",Producción,",",01330,",",Uvas,","
"QCL,",Cultivos y productos de ganadería,",",032,",",Argentina,",",5312,",",Área cosechada,",",01330,",",Uvas,","
"QCL,",Cultivos y productos de ganadería,",",032,",",Argentina,",",5412,",",Rendimiento,",",01330,",",Uvas,","
"QCL,",Cultivos y productos de ganadería,",",032,",",Argentina,",",5510,",",Producción,",",01330,",",Uvas,","
"QCL,",Cultivos y productos de ganadería,",",032,",",Argentina,",",5312,",",Área cosechada,",",01330,",",Uvas,","
"QCL,",Cultivos y productos de ganadería,",",032,",",Argentina,",",5412,",",Rendimiento,",",01330,",",Uvas,","
"QCL,",Cultivos y productos de ganadería,",",032,",",Argentina,",",5510,",",Producción,",",01330,",",Uvas,","
"QCL,",Cultivos y productos de ganadería,",",032,",",Argentina,",",5312,",",Área cosechada,",",01330,",",Uvas,","
"QCL,",Cultivos y productos de ganadería,",",032,",",Argentina,",",5412,",",Rendimiento,",",01330,",",Uvas,","
"QCL,",Cultivos y productos de ganadería,",",032,",",Argentina,",",5510,",",Producción,",",01330,",",Uvas,","
"QCL,",Cultivos y productos de ganadería,",",032,",",Argentina,",",5312,",",Área cosechada,",",01330,",",Uvas,","
"QCL,",Cultivos y productos de ganadería,",",032,",",Argentina,",",5412,",",Rendimiento,",",01330,",",Uvas,","
"QCL,",Cultivos y productos de ganadería,",",032,",",Argentina,",",5510,",",Producción,",",01330,",",Uvas,","
"QCL,",Cultivos y productos de ganadería,",",032,",",Argentina,",",5312,",",Área cosechada,",",01330,",",Uvas,","
"QCL,",Cultivos y productos de ganadería,",",032,",",Argentina,",",5412,",",Rendimiento,",",01330,",",Uvas,","
"QCL,",Cultivos y productos de ganadería,",",032,",",Argentina,",",5510,",",Producción,",",01330,",",Uvas,","
"QCL,",Cultivos y productos de ganadería,",",032,",",Argentina,",",5312,",",Área cosechada,",",01330,",",Uvas,","
"QCL,",Cultivos y productos de ganadería,",",032,",",Argentina,",",5412,",",Rendimiento,",",01330,",",Uvas,","
"QCL,",Cultivos y productos de ganadería,",",032,",",Argentina,",",5510,",",Producción,",",01330,",",Uvas,","
"QCL,",Cultivos y productos de ganadería,",",032,",",Argentina,",",5312,",",Área cosechada,",",01330,",",Uvas,","
"QCL,",Cultivos y productos de ganadería,",",032,",",Argentina,",",5412,",",Rendimiento,",",01330,",",Uvas,","
"QCL,",Cultivos y productos de ganadería,",",032,",",Argentina,",",5510,",",Producción,",",01330,",",Uvas,","
"QCL,",Cultivos y productos de ganadería,",",032,",",Argentina,",",5312,",",Área cosechada,",",01330,",",Uvas,","
"QCL,",Cultivos y productos de ganadería,",",032,",",Argentina,",",5412,",",Rendimiento,",",01330,",",Uvas,","
"QCL,",Cultivos y productos de ganadería,",",032,",",Argentina,",",5510,",",Producción,",",01330,",",Uvas,","
"QCL,",Cultivos y productos de ganadería,",",032,",",Argentina,",",5312,",",Área cosechada,",",01330,",",Uvas,","
"QCL,",Cultivos y productos de ganadería,",",032,",",Argentina,",",5412,",",Rendimiento,",",01330,",",Uvas,","
"QCL,",Cultivos y productos de ganadería,",",032,",",Argentina,",",5510,",",Producción,",",01330,",",Uvas,","
"QCL,",Cultivos y productos de ganadería,",",032,",",Argentina,",",5312,",",Área cosechada,",",01330,",",Uvas,","
"QCL,",Cultivos y productos de ganadería,",",032,",",Argentina,",",5412,",",Rendimiento,",",01330,",",Uvas,","
"QCL,",Cultivos y productos de ganadería,",",032,",",Argentina,",",5510,",",Producción,",",01330,",",Uvas,","
"QCL,",Cultivos y productos de ganadería,",",032,",",Argentina,",",5312,",",Área cosechada,",",01330,",",Uvas,","
"QCL,",Cultivos y productos de ganadería,",",032,",",Argentina,",",5412,",",Rendimiento,",",01330,",",Uvas,","
"QCL,",Cultivos y productos de ganadería,",",032,",",Argentina,",",5510,",",Producción,",",01330,",",Uvas,","
"QCL,",Cultivos y productos de ganadería,",",032,",",Argentina,",",5312,",",Área cosechada,",",01520.01,",","Yuca, fresca",","
"QCL,",Cultivos y productos de ganadería,",",032,",",Argentina,",",5412,",",Rendimiento,",",01520.01,",","Yuca, fresca",","
"QCL,",Cultivos y productos de ganadería,",",032,",",Argentina,",",5510,",",Producción,",",01520.01,",","Yuca, fresca",","
"QCL,",Cultivos y productos de ganadería,",",032,",",Argentina,",",5312,",",Área cosechada,",",01520.01,",","Yuca, fresca",","
"QCL,",Cultivos y productos de ganadería,",",032,",",Argentina,",",5412,",",Rendimiento,",",01520.01,",","Yuca, fresca",","
"QCL,",Cultivos y productos de ganadería,",",032,",",Argentina,",",5510,",",Producción,",",01520.01,",","Yuca, fresca",","
"QCL,",Cultivos y productos de ganadería,",",032,",",Argentina,",",5312,",",Área cosechada,",",01520.01,",","Yuca, fresca",","
"QCL,",Cultivos y productos de ganadería,",",032,",",Argentina,",",5412,",",Rendimiento,",",01520.01,",","Yuca, fresca",","
"QCL,",Cultivos y productos de ganadería,",",032,",",Argentina,",",5510,",",Producción,",",01520.01,",","Yuca, fresca",","
"QCL,",Cultivos y productos de ganadería,",",032,",",Argentina,",",5312,",",Área cosechada,",",01520.01,",","Yuca, fresca",","
"QCL,",Cultivos y productos de ganadería,",",032,",",Argentina,",",5412,",",Rendimiento,",",01520.01,",","Yuca, fresca",","
"QCL,",Cultivos y productos de ganadería,",",032,",",Argentina,",",5510,",",Producción,",",01520.01,",","Yuca, fresca",","
"QCL,",Cultivos y productos de ganadería,",",032,",",Argentina,",",5312,",",Área cosechada,",",01520.01,",","Yuca, fresca",","
"QCL,",Cultivos y productos de ganadería,",",032,",",Argentina,",",5412,",",Rendimiento,",",01520.01,",","Yuca, fresca",","
"QCL,",Cultivos y productos de ganadería,",",032,",",Argentina,",",5510,",",Producción,",",01520.01,",","Yuca, fresca",","
"QCL,",Cultivos y productos de ganadería,",",032,",",Argentina,",",5312,",",Área cosechada,",",01520.01,",","Yuca, fresca",","
"QCL,",Cultivos y productos de ganadería,",",032,",",Argentina,",",5412,",",Rendimiento,",",01520.01,",","Yuca, fresca",","
"QCL,",Cultivos y productos de ganadería,",",032,",",Argentina,",",5510,",",Producción,",",01520.01,",","Yuca, fresca",","
"QCL,",Cultivos y productos de ganadería,",",032,",",Argentina,",",5312,",",Área cosechada,",",01520.01,",","Yuca, fresca",","
"QCL,",Cultivos y productos de ganadería,",",032,",",Argentina,",",5412,",",Rendimiento,",",01520.01,",","Yuca, fresca",","
"QCL,",Cultivos y productos de ganadería,",",032,",",Argentina,",",5510,",",Producción,",",01520.01,",","Yuca, fresca",","
"QCL,",Cultivos y productos de ganadería,",",032,",",Argentina,",",5312,",",Área cosechada,",",01520.01,",","Yuca, fresca",","
"QCL,",Cultivos y productos de ganadería,",",032,",",Argentina,",",5412,",",Rendimiento,",",01520.01,",","Yuca, fresca",","
"QCL,",Cultivos y productos de ganadería,",",032,",",Argentina,",",5510,",",Producción,",",01520.01,",","Yuca, fresca",","
"QCL,",Cultivos y productos de ganadería,",",032,",",Argentina,",",5312,",",Área cosechada,",",01520.01,",","Yuca, fresca",","
"QCL,",Cultivos y productos de ganadería,",",032,",",Argentina,",",5412,",",Rendimiento,",",01520.01,",","Yuca, fresca",","
"QCL,",Cultivos y productos de ganadería,",",032,",",Argentina,",",5510,",",Producción,",",01520.01,",","Yuca, fresca",","
"QCL,",Cultivos y productos de ganadería,",",032,",",Argentina,",",5312,",",Área cosechada,",",01520.01,",","Yuca, fresca",","
"QCL,",Cultivos y productos de ganadería,",",032,",",Argentina,",",5412,",",Rendimiento,",",01520.01,",","Yuca, fresca",","
"QCL,",Cultivos y productos de ganadería,",",032,",",Argentina,",",5510,",",Producción,",",01520.01,",","Yuca, fresca",","
"QCL,",Cultivos y productos de ganadería,",",032,",",Argentina,",",5312,",",Área cosechada,",",01520.01,",","Yuca, fresca",","
"QCL,",Cultivos y productos de ganadería,",",032,",",Argentina,",",5412,",",Rendimiento,",",01520.01,",","Yuca, fresca",","
"QCL,",Cultivos y productos de ganadería,",",032,",",Argentina,",",5510,",",Producción,",",01520.01,",","Yuca, fresca",","
"QCL,",Cultivos y productos de ganadería,",",032,",",Argentina,",",5312,",",Área cosechada,",",01520.01,",","Yuca, fresca",","
"QCL,",Cultivos y productos de ganadería,",",032,",",Argentina,",",5412,",",Rendimiento,",",01520.01,",","Yuca, fresca",","
"QCL,",Cultivos y productos de ganadería,",",032,",",Argentina,",",5510,",",Producción,",",01520.01,",","Yuca, fresca",","
"QCL,",Cultivos y productos de ganadería,",",032,",",Argentina,",",5312,",",Área cosechada,",",01520.01,",","Yuca, fresca",","
"QCL,",Cultivos y productos de ganadería,",",032,",",Argentina,",",5412,",",Rendimiento,",",01520.01,",","Yuca, fresca",","
"QCL,",Cultivos y productos de ganadería,",",032,",",Argentina,",",5510,",",Producción,",",01520.01,",","Yuca, fresca",","
"QCL,",Cultivos y productos de ganadería,",",032,",",Argentina,",",5312,",",Área cosechada,",",01520.01,",","Yuca, fresca",","
"QCL,",Cultivos y productos de ganadería,",",032,",",Argentina,",",5412,",",Rendimiento,",",01520.01,",","Yuca, fresca",","
"QCL,",Cultivos y productos de ganadería,",",032,",",Argentina,",",5510,",",Producción,",",01520.01,",","Yuca, fresca",","
"QCL,",Cultivos y productos de ganadería,",",032,",",Argentina,",",5312,",",Área cosechada,",",01520.01,",","Yuca, fresca",","
"QCL,",Cultivos y productos de ganadería,",",032,",",Argentina,",",5412,",",Rendimiento,",",01520.01,",","Yuca, fresca",","
"QCL,",Cultivos y productos de ganadería,",",032,",",Argentina,",",5510,",",Producción,",",01520.01,",","Yuca, fresca",","
"QCL,",Cultivos y productos de ganadería,",",032,",",Argentina,",",5312,",",Área cosechada,",",01251,",",Zanahorias y nabos,","
"QCL,",Cultivos y productos de ganadería,",",032,",",Argentina,",",5412,",",Rendimiento,",",01251,",",Zanahorias y nabos,","
"QCL,",Cultivos y productos de ganadería,",",032,",",Argentina,",",5510,",",Producción,",",01251,",",Zanahorias y nabos,","
"QCL,",Cultivos y productos de ganadería,",",032,",",Argentina,",",5312,",",Área cosechada,",",01251,",",Zanahorias y nabos,","
"QCL,",Cultivos y productos de ganadería,",",032,",",Argentina,",",5412,",",Rendimiento,",",01251,",",Zanahorias y nabos,","
"QCL,",Cultivos y productos de ganadería,",",032,",",Argentina,",",5510,",",Producción,",",01251,",",Zanahorias y nabos,","
"QCL,",Cultivos y productos de ganadería,",",032,",",Argentina,",",5312,",",Área cosechada,",",01251,",",Zanahorias y nabos,","
"QCL,",Cultivos y productos de ganadería,",",032,",",Argentina,",",5412,",",Rendimiento,",",01251,",",Zanahorias y nabos,","
"QCL,",Cultivos y productos de ganadería,",",032,",",Argentina,",",5510,",",Producción,",",01251,",",Zanahorias y nabos,","
"QCL,",Cultivos y productos de ganadería,",",032,",",Argentina,",",5312,",",Área cosechada,",",01251,",",Zanahorias y nabos,","
"QCL,",Cultivos y productos de ganadería,",",032,",",Argentina,",",5412,",",Rendimiento,",",01251,",",Zanahorias y nabos,","
"QCL,",Cultivos y productos de ganadería,",",032,",",Argentina,",",5510,",",Producción,",",01251,",",Zanahorias y nabos,","
"QCL,",Cultivos y productos de ganadería,",",032,",",Argentina,",",5312,",",Área cosechada,",",01251,",",Zanahorias y nabos,","
"QCL,",Cultivos y productos de ganadería,",",032,",",Argentina,",",5412,",",Rendimiento,",",01251,",",Zanahorias y nabos,","
"QCL,",Cultivos y productos de ganadería,",",032,",",Argentina,",",5510,",",Producción,",",01251,",",Zanahorias y nabos,","
"QCL,",Cultivos y productos de ganadería,",",032,",",Argentina,",",5312,",",Área cosechada,",",01251,",",Zanahorias y nabos,","
"QCL,",Cultivos y productos de ganadería,",",032,",",Argentina,",",5412,",",Rendimiento,",",01251,",",Zanahorias y nabos,","
"QCL,",Cultivos y productos de ganadería,",",032,",",Argentina,",",5510,",",Producción,",",01251,",",Zanahorias y nabos,","
"QCL,",Cultivos y productos de ganadería,",",032,",",Argentina,",",5312,",",Área cosechada,",",01251,",",Zanahorias y nabos,","
"QCL,",Cultivos y productos de ganadería,",",032,",",Argentina,",",5412,",",Rendimiento,",",01251,",",Zanahorias y nabos,","
"QCL,",Cultivos y productos de ganadería,",",032,",",Argentina,",",5510,",",Producción,",",01251,",",Zanahorias y nabos,","
"QCL,",Cultivos y productos de ganadería,",",032,",",Argentina,",",5312,",",Área cosechada,",",01251,",",Zanahorias y nabos,","
"QCL,",Cultivos y productos de ganadería,",",032,",",Argentina,",",5412,",",Rendimiento,",",01251,",",Zanahorias y nabos,","
"QCL,",Cultivos y productos de ganadería,",",032,",",Argentina,",",5510,",",Producción,",",01251,",",Zanahorias y nabos,","
"QCL,",Cultivos y productos de ganadería,",",032,",",Argentina,",",5312,",",Área cosechada,",",01251,",",Zanahorias y nabos,","
"QCL,",Cultivos y productos de ganadería,",",032,",",Argentina,",",5412,",",Rendimiento,",",01251,",",Zanahorias y nabos,","
"QCL,",Cultivos y productos de ganadería,",",032,",",Argentina,",",5510,",",Producción,",",01251,",",Zanahorias y nabos,","
"QCL,",Cultivos y productos de ganadería,",",032,",",Argentina,",",5312,",",Área cosechada,",",01251,",",Zanahorias y nabos,","
"QCL,",Cultivos y productos de ganadería,",",032,",",Argentina,",",5412,",",Rendimiento,",",01251,",",Zanahorias y nabos,","
"QCL,",Cultivos y productos de ganadería,",",032,",",Argentina,",",5510,",",Producción,",",01251,",",Zanahorias y nabos,","
"QCL,",Cultivos y productos de ganadería,",",032,",",Argentina,",",5312,",",Área cosechada,",",01251,",",Zanahorias y nabos,","
"QCL,",Cultivos y productos de ganadería,",",032,",",Argentina,",",5412,",",Rendimiento,",",01251,",",Zanahorias y nabos,","
"QCL,",Cultivos y productos de ganadería,",",032,",",Argentina,",",5510,",",Producción,",",01251,",",Zanahorias y nabos,","
"QCL,",Cultivos y productos de ganadería,",",032,",",Argentina,",",5312,",",Área cosechada,",",01251,",",Zanahorias y nabos,","
"QCL,",Cultivos y productos de ganadería,",",032,",",Argentina,",",5412,",",Rendimiento,",",01251,",",Zanahorias y nabos,","
"QCL,",Cultivos y productos de ganadería,",",032,",",Argentina,",",5510,",",Producción,",",01251,",",Zanahorias y nabos,","
"QCL,",Cultivos y productos de ganadería,",",032,",",Argentina,",",5312,",",Área cosechada,",",01251,",",Zanahorias y nabos,","
"QCL,",Cultivos y productos de ganadería,",",032,",",Argentina,",",5412,",",Rendimiento,",",01251,",",Zanahorias y nabos,","
"QCL,",Cultivos y productos de ganadería,",",032,",",Argentina,",",5510,",",Producción,",",01251,",",Zanahorias y nabos,","
"QCL,",Cultivos y productos de ganadería,",",032,",",Argentina,",",5312,",",Área cosechada,",",01251,",",Zanahorias y nabos,","
"QCL,",Cultivos y productos de ganadería,",",032,",",Argentina,",",5412,",",Rendimiento,",",01251,",",Zanahorias y nabos,","
"QCL,",Cultivos y productos de ganadería,",",032,",",Argentina,",",5510,",",Producción,",",01251,",",Zanahorias y nabos,","
"QCL,",Cultivos y productos de ganadería,",",032,",",Argentina,",",5312,",",Área cosechada,",",01251,",",Zanahorias y nabos,","
"QCL,",Cultivos y productos de ganadería,",",032,",",Argentina,",",5412,",",Rendimiento,",",01251,",",Zanahorias y nabos,","
"QCL,",Cultivos y productos de ganadería,",",032,",",Argentina,",",5510,",",Producción,",",01251,",",Zanahorias y nabos,","
