Código del ámbito,Ámbito,Código del área (M49),Área,Código del elemento,Elemento,Código del producto (CPC),Producto,Código del año,Año,Unidad,Valor,Símbolo,Descripción del Símbolo,Nota;
"QCL,""Cultivos y productos de ganadería"",""032"",""Argentina"",""5312"",""Área cosechada"",""01450"",""Aceitunas, olivas"",""2010"",""2010"",""ha"",""126400"",""E"",""Valor estimado"",""""";
"QCL,""Cultivos y productos de ganadería"",""032"",""Argentina"",""5412"",""Rendimiento"",""01450"",""Aceitunas, olivas"",""2010"",""2010"",""kg/ha"",""2799.4"",""E"",""Valor estimado"",""""";
"QCL,""Cultivos y productos de ganadería"",""032"",""Argentina"",""5510"",""Producción"",""01450"",""Aceitunas, olivas"",""2010"",""2010"",""toneladas"",""353842"",""E"",""Valor estimado"",""""";
"QCL,""Cultivos y productos de ganadería"",""032"",""Argentina"",""5312"",""Área cosechada"",""01450"",""Aceitunas, olivas"",""2011"",""2011"",""ha"",""88700"",""E"",""Valor estimado"",""""";
"QCL,""Cultivos y productos de ganadería"",""032"",""Argentina"",""5412"",""Rendimiento"",""01450"",""Aceitunas, olivas"",""2011"",""2011"",""kg/ha"",""2798.9"",""E"",""Valor estimado"",""""";
"QCL,""Cultivos y productos de ganadería"",""032"",""Argentina"",""5510"",""Producción"",""01450"",""Aceitunas, olivas"",""2011"",""2011"",""toneladas"",""248261"",""E"",""Valor estimado"",""""";
"QCL,""Cultivos y productos de ganadería"",""032"",""Argentina"",""5312"",""Área cosechada"",""01450"",""Aceitunas, olivas"",""2012"",""2012"",""ha"",""128900"",""E"",""Valor estimado"",""""";
"QCL,""Cultivos y productos de ganadería"",""032"",""Argentina"",""5412"",""Rendimiento"",""01450"",""Aceitunas, olivas"",""2012"",""2012"",""kg/ha"",""2800"",""E"",""Valor estimado"",""""";
"QCL,""Cultivos y productos de ganadería"",""032"",""Argentina"",""5510"",""Producción"",""01450"",""Aceitunas, olivas"",""2012"",""2012"",""toneladas"",""360922"",""E"",""Valor estimado"",""""";
"QCL,""Cultivos y productos de ganadería"",""032"",""Argentina"",""5312"",""Área cosechada"",""01450"",""Aceitunas, olivas"",""2013"",""2013"",""ha"",""77400"",""E"",""Valor estimado"",""""";
"QCL,""Cultivos y productos de ganadería"",""032"",""Argentina"",""5412"",""Rendimiento"",""01450"",""Aceitunas, olivas"",""2013"",""2013"",""kg/ha"",""2798.6"",""E"",""Valor estimado"",""""";
"QCL,""Cultivos y productos de ganadería"",""032"",""Argentina"",""5510"",""Producción"",""01450"",""Aceitunas, olivas"",""2013"",""2013"",""toneladas"",""216609"",""E"",""Valor estimado"",""""";
"QCL,""Cultivos y productos de ganadería"",""032"",""Argentina"",""5312"",""Área cosechada"",""01450"",""Aceitunas, olivas"",""2014"",""2014"",""ha"",""122410"",""I"",""Valor imputado por una agencia receptora"",""""";
"QCL,""Cultivos y productos de ganadería"",""032"",""Argentina"",""5412"",""Rendimiento"",""01450"",""Aceitunas, olivas"",""2014"",""2014"",""kg/ha"",""2792.8"",""E"",""Valor estimado"",""""";
"QCL,""Cultivos y productos de ganadería"",""032"",""Argentina"",""5510"",""Producción"",""01450"",""Aceitunas, olivas"",""2014"",""2014"",""toneladas"",""341865"",""E"",""Valor estimado"",""""";
"QCL,""Cultivos y productos de ganadería"",""032"",""Argentina"",""5312"",""Área cosechada"",""01450"",""Aceitunas, olivas"",""2015"",""2015"",""ha"",""118548"",""I"",""Valor imputado por una agencia receptora"",""""";
"QCL,""Cultivos y productos de ganadería"",""032"",""Argentina"",""5412"",""Rendimiento"",""01450"",""Aceitunas, olivas"",""2015"",""2015"",""kg/ha"",""2824.6"",""E"",""Valor estimado"",""""";
"QCL,""Cultivos y productos de ganadería"",""032"",""Argentina"",""5510"",""Producción"",""01450"",""Aceitunas, olivas"",""2015"",""2015"",""toneladas"",""334848"",""E"",""Valor estimado"",""""";
"QCL,""Cultivos y productos de ganadería"",""032"",""Argentina"",""5312"",""Área cosechada"",""01450"",""Aceitunas, olivas"",""2016"",""2016"",""ha"",""87295"",""I"",""Valor imputado por una agencia receptora"",""""";
"QCL,""Cultivos y productos de ganadería"",""032"",""Argentina"",""5412"",""Rendimiento"",""01450"",""Aceitunas, olivas"",""2016"",""2016"",""kg/ha"",""2835.8"",""E"",""Valor estimado"",""""";
"QCL,""Cultivos y productos de ganadería"",""032"",""Argentina"",""5510"",""Producción"",""01450"",""Aceitunas, olivas"",""2016"",""2016"",""toneladas"",""247555"",""E"",""Valor estimado"",""""";
"QCL,""Cultivos y productos de ganadería"",""032"",""Argentina"",""5312"",""Área cosechada"",""01450"",""Aceitunas, olivas"",""2017"",""2017"",""ha"",""141571"",""I"",""Valor imputado por una agencia receptora"",""""";
"QCL,""Cultivos y productos de ganadería"",""032"",""Argentina"",""5412"",""Rendimiento"",""01450"",""Aceitunas, olivas"",""2017"",""2017"",""kg/ha"",""2825.4"",""E"",""Valor estimado"",""""";
"QCL,""Cultivos y productos de ganadería"",""032"",""Argentina"",""5510"",""Producción"",""01450"",""Aceitunas, olivas"",""2017"",""2017"",""toneladas"",""400000"",""X"",""Valor de fuente externa"",""Cifras no oficiales""";
"QCL,""Cultivos y productos de ganadería"",""032"",""Argentina"",""5312"",""Área cosechada"",""01450"",""Aceitunas, olivas"",""2018"",""2018"",""ha"",""108213"",""I"",""Valor imputado por una agencia receptora"",""""";
"QCL,""Cultivos y productos de ganadería"",""032"",""Argentina"",""5412"",""Rendimiento"",""01450"",""Aceitunas, olivas"",""2018"",""2018"",""kg/ha"",""2809.2"",""E"",""Valor estimado"",""""";
"QCL,""Cultivos y productos de ganadería"",""032"",""Argentina"",""5510"",""Producción"",""01450"",""Aceitunas, olivas"",""2018"",""2018"",""toneladas"",""303989.13"",""E"",""Valor estimado"",""""";
"QCL,""Cultivos y productos de ganadería"",""032"",""Argentina"",""5312"",""Área cosechada"",""01450"",""Aceitunas, olivas"",""2019"",""2019"",""ha"",""114945"",""I"",""Valor imputado por una agencia receptora"",""""";
"QCL,""Cultivos y productos de ganadería"",""032"",""Argentina"",""5412"",""Rendimiento"",""01450"",""Aceitunas, olivas"",""2019"",""2019"",""kg/ha"",""2792.6"",""E"",""Valor estimado"",""""";
"QCL,""Cultivos y productos de ganadería"",""032"",""Argentina"",""5510"",""Producción"",""01450"",""Aceitunas, olivas"",""2019"",""2019"",""toneladas"",""321000"",""E"",""Valor estimado"",""""";
"QCL,""Cultivos y productos de ganadería"",""032"",""Argentina"",""5312"",""Área cosechada"",""01450"",""Aceitunas, olivas"",""2020"",""2020"",""ha"",""115467"",""I"",""Valor imputado por una agencia receptora"",""""";
"QCL,""Cultivos y productos de ganadería"",""032"",""Argentina"",""5412"",""Rendimiento"",""01450"",""Aceitunas, olivas"",""2020"",""2020"",""kg/ha"",""2780"",""E"",""Valor estimado"",""""";
"QCL,""Cultivos y productos de ganadería"",""032"",""Argentina"",""5510"",""Producción"",""01450"",""Aceitunas, olivas"",""2020"",""2020"",""toneladas"",""321000"",""E"",""Valor estimado"",""""";
"QCL,""Cultivos y productos de ganadería"",""032"",""Argentina"",""5312"",""Área cosechada"",""01450"",""Aceitunas, olivas"",""2021"",""2021"",""ha"",""122291"",""I"",""Valor imputado por una agencia receptora"",""""";
"QCL,""Cultivos y productos de ganadería"",""032"",""Argentina"",""5412"",""Rendimiento"",""01450"",""Aceitunas, olivas"",""2021"",""2021"",""kg/ha"",""2775.1"",""E"",""Valor estimado"",""""";
"QCL,""Cultivos y productos de ganadería"",""032"",""Argentina"",""5510"",""Producción"",""01450"",""Aceitunas, olivas"",""2021"",""2021"",""toneladas"",""339371.71"",""I"",""Valor imputado por una agencia receptora"",""""";
"QCL,""Cultivos y productos de ganadería"",""032"",""Argentina"",""5312"",""Área cosechada"",""01450"",""Aceitunas, olivas"",""2022"",""2022"",""ha"",""128115"",""I"",""Valor imputado por una agencia receptora"",""""";
"QCL,""Cultivos y productos de ganadería"",""032"",""Argentina"",""5412"",""Rendimiento"",""01450"",""Aceitunas, olivas"",""2022"",""2022"",""kg/ha"",""2762.8"",""E"",""Valor estimado"",""""";
"QCL,""Cultivos y productos de ganadería"",""032"",""Argentina"",""5510"",""Producción"",""01450"",""Aceitunas, olivas"",""2022"",""2022"",""toneladas"",""353955.6"",""I"",""Valor imputado por una agencia receptora"",""""";
"QCL,""Cultivos y productos de ganadería"",""032"",""Argentina"",""5312"",""Área cosechada"",""01450"",""Aceitunas, olivas"",""2023"",""2023"",""ha"",""124403"",""I"",""Valor imputado por una agencia receptora"",""""";
"QCL,""Cultivos y productos de ganadería"",""032"",""Argentina"",""5412"",""Rendimiento"",""01450"",""Aceitunas, olivas"",""2023"",""2023"",""kg/ha"",""2752.1"",""E"",""Valor estimado"",""""";
"QCL,""Cultivos y productos de ganadería"",""032"",""Argentina"",""5510"",""Producción"",""01450"",""Aceitunas, olivas"",""2023"",""2023"",""toneladas"",""342363.8"",""I"",""Valor imputado por una agencia receptora"",""""";
"QCL,""Cultivos y productos de ganadería"",""032"",""Argentina"",""5312"",""Área cosechada"",""01450"",""Aceitunas, olivas"",""2024"",""2024"",""ha"",""126720"",""I"",""Valor imputado por una agencia receptora"",""""";
"QCL,""Cultivos y productos de ganadería"",""032"",""Argentina"",""5412"",""Rendimiento"",""01450"",""Aceitunas, olivas"",""2024"",""2024"",""kg/ha"",""2741.3"",""E"",""Valor estimado"",""""";
"QCL,""Cultivos y productos de ganadería"",""032"",""Argentina"",""5510"",""Producción"",""01450"",""Aceitunas, olivas"",""2024"",""2024"",""toneladas"",""347381.23"",""I"",""Valor imputado por una agencia receptora"",""""";
"QCL,""Cultivos y productos de ganadería"",""032"",""Argentina"",""5312"",""Área cosechada"",""01311"",""Aguacates"",""2010"",""2010"",""ha"",""560"",""I"",""Valor imputado por una agencia receptora"",""""";
"QCL,""Cultivos y productos de ganadería"",""032"",""Argentina"",""5412"",""Rendimiento"",""01311"",""Aguacates"",""2010"",""2010"",""kg/ha"",""6648.6"",""E"",""Valor estimado"",""""";
"QCL,""Cultivos y productos de ganadería"",""032"",""Argentina"",""5510"",""Producción"",""01311"",""Aguacates"",""2010"",""2010"",""toneladas"",""3726.11"",""I"",""Valor imputado por una agencia receptora"",""""";
"QCL,""Cultivos y productos de ganadería"",""032"",""Argentina"",""5312"",""Área cosechada"",""01311"",""Aguacates"",""2011"",""2011"",""ha"",""570"",""I"",""Valor imputado por una agencia receptora"",""""";
"QCL,""Cultivos y productos de ganadería"",""032"",""Argentina"",""5412"",""Rendimiento"",""01311"",""Aguacates"",""2011"",""2011"",""kg/ha"",""6736.8"",""E"",""Valor estimado"",""""";
"QCL,""Cultivos y productos de ganadería"",""032"",""Argentina"",""5510"",""Producción"",""01311"",""Aguacates"",""2011"",""2011"",""toneladas"",""3839.54"",""I"",""Valor imputado por una agencia receptora"",""""";
"QCL,""Cultivos y productos de ganadería"",""032"",""Argentina"",""5312"",""Área cosechada"",""01311"",""Aguacates"",""2012"",""2012"",""ha"",""580"",""E"",""Valor estimado"",""""";
"QCL,""Cultivos y productos de ganadería"",""032"",""Argentina"",""5412"",""Rendimiento"",""01311"",""Aguacates"",""2012"",""2012"",""kg/ha"",""7069"",""E"",""Valor estimado"",""""";
"QCL,""Cultivos y productos de ganadería"",""032"",""Argentina"",""5510"",""Producción"",""01311"",""Aguacates"",""2012"",""2012"",""toneladas"",""4100"",""E"",""Valor estimado"",""""";
"QCL,""Cultivos y productos de ganadería"",""032"",""Argentina"",""5312"",""Área cosechada"",""01311"",""Aguacates"",""2013"",""2013"",""ha"",""587"",""I"",""Valor imputado por una agencia receptora"",""""";
"QCL,""Cultivos y productos de ganadería"",""032"",""Argentina"",""5412"",""Rendimiento"",""01311"",""Aguacates"",""2013"",""2013"",""kg/ha"",""6903.4"",""E"",""Valor estimado"",""""";
"QCL,""Cultivos y productos de ganadería"",""032"",""Argentina"",""5510"",""Producción"",""01311"",""Aguacates"",""2013"",""2013"",""toneladas"",""4051.54"",""I"",""Valor imputado por una agencia receptora"",""""";
"QCL,""Cultivos y productos de ganadería"",""032"",""Argentina"",""5312"",""Área cosechada"",""01311"",""Aguacates"",""2014"",""2014"",""ha"",""588"",""I"",""Valor imputado por una agencia receptora"",""""";
"QCL,""Cultivos y productos de ganadería"",""032"",""Argentina"",""5412"",""Rendimiento"",""01311"",""Aguacates"",""2014"",""2014"",""kg/ha"",""6869.3"",""E"",""Valor estimado"",""""";
"QCL,""Cultivos y productos de ganadería"",""032"",""Argentina"",""5510"",""Producción"",""01311"",""Aguacates"",""2014"",""2014"",""toneladas"",""4038.59"",""I"",""Valor imputado por una agencia receptora"",""""";
"QCL,""Cultivos y productos de ganadería"",""032"",""Argentina"",""5312"",""Área cosechada"",""01311"",""Aguacates"",""2015"",""2015"",""ha"",""581"",""I"",""Valor imputado por una agencia receptora"",""""";
"QCL,""Cultivos y productos de ganadería"",""032"",""Argentina"",""5412"",""Rendimiento"",""01311"",""Aguacates"",""2015"",""2015"",""kg/ha"",""6931.4"",""E"",""Valor estimado"",""""";
"QCL,""Cultivos y productos de ganadería"",""032"",""Argentina"",""5510"",""Producción"",""01311"",""Aguacates"",""2015"",""2015"",""toneladas"",""4029.92"",""I"",""Valor imputado por una agencia receptora"",""""";
"QCL,""Cultivos y productos de ganadería"",""032"",""Argentina"",""5312"",""Área cosechada"",""01311"",""Aguacates"",""2016"",""2016"",""ha"",""578"",""I"",""Valor imputado por una agencia receptora"",""""";
"QCL,""Cultivos y productos de ganadería"",""032"",""Argentina"",""5412"",""Rendimiento"",""01311"",""Aguacates"",""2016"",""2016"",""kg/ha"",""6971.7"",""E"",""Valor estimado"",""""";
"QCL,""Cultivos y productos de ganadería"",""032"",""Argentina"",""5510"",""Producción"",""01311"",""Aguacates"",""2016"",""2016"",""toneladas"",""4027.05"",""I"",""Valor imputado por una agencia receptora"",""""";
"QCL,""Cultivos y productos de ganadería"",""032"",""Argentina"",""5312"",""Área cosechada"",""01311"",""Aguacates"",""2017"",""2017"",""ha"",""576"",""I"",""Valor imputado por una agencia receptora"",""""";
"QCL,""Cultivos y productos de ganadería"",""032"",""Argentina"",""5412"",""Rendimiento"",""01311"",""Aguacates"",""2017"",""2017"",""kg/ha"",""6997.9"",""E"",""Valor estimado"",""""";
"QCL,""Cultivos y productos de ganadería"",""032"",""Argentina"",""5510"",""Producción"",""01311"",""Aguacates"",""2017"",""2017"",""toneladas"",""4033.27"",""I"",""Valor imputado por una agencia receptora"",""""";
"QCL,""Cultivos y productos de ganadería"",""032"",""Argentina"",""5312"",""Área cosechada"",""01311"",""Aguacates"",""2018"",""2018"",""ha"",""576"",""I"",""Valor imputado por una agencia receptora"",""""";
"QCL,""Cultivos y productos de ganadería"",""032"",""Argentina"",""5412"",""Rendimiento"",""01311"",""Aguacates"",""2018"",""2018"",""kg/ha"",""7021.8"",""E"",""Valor estimado"",""""";
"QCL,""Cultivos y productos de ganadería"",""032"",""Argentina"",""5510"",""Producción"",""01311"",""Aguacates"",""2018"",""2018"",""toneladas"",""4043.69"",""I"",""Valor imputado por una agencia receptora"",""""";
"QCL,""Cultivos y productos de ganadería"",""032"",""Argentina"",""5312"",""Área cosechada"",""01311"",""Aguacates"",""2019"",""2019"",""ha"",""576"",""I"",""Valor imputado por una agencia receptora"",""""";
"QCL,""Cultivos y productos de ganadería"",""032"",""Argentina"",""5412"",""Rendimiento"",""01311"",""Aguacates"",""2019"",""2019"",""kg/ha"",""7048.6"",""E"",""Valor estimado"",""""";
"QCL,""Cultivos y productos de ganadería"",""032"",""Argentina"",""5510"",""Producción"",""01311"",""Aguacates"",""2019"",""2019"",""toneladas"",""4056.69"",""I"",""Valor imputado por una agencia receptora"",""""";
"QCL,""Cultivos y productos de ganadería"",""032"",""Argentina"",""5312"",""Área cosechada"",""01311"",""Aguacates"",""2020"",""2020"",""ha"",""576"",""I"",""Valor imputado por una agencia receptora"",""""";
"QCL,""Cultivos y productos de ganadería"",""032"",""Argentina"",""5412"",""Rendimiento"",""01311"",""Aguacates"",""2020"",""2020"",""kg/ha"",""7068.3"",""E"",""Valor estimado"",""""";
"QCL,""Cultivos y productos de ganadería"",""032"",""Argentina"",""5510"",""Producción"",""01311"",""Aguacates"",""2020"",""2020"",""toneladas"",""4071.67"",""I"",""Valor imputado por una agencia receptora"",""""";
"QCL,""Cultivos y productos de ganadería"",""032"",""Argentina"",""5312"",""Área cosechada"",""01311"",""Aguacates"",""2021"",""2021"",""ha"",""578"",""I"",""Valor imputado por una agencia receptora"",""""";
"QCL,""Cultivos y productos de ganadería"",""032"",""Argentina"",""5412"",""Rendimiento"",""01311"",""Aguacates"",""2021"",""2021"",""kg/ha"",""7099.6"",""E"",""Valor estimado"",""""";
"QCL,""Cultivos y productos de ganadería"",""032"",""Argentina"",""5510"",""Producción"",""01311"",""Aguacates"",""2021"",""2021"",""toneladas"",""4101.62"",""I"",""Valor imputado por una agencia receptora"",""""";
"QCL,""Cultivos y productos de ganadería"",""032"",""Argentina"",""5312"",""Área cosechada"",""01311"",""Aguacates"",""2022"",""2022"",""ha"",""575"",""I"",""Valor imputado por una agencia receptora"",""""";
"QCL,""Cultivos y productos de ganadería"",""032"",""Argentina"",""5412"",""Rendimiento"",""01311"",""Aguacates"",""2022"",""2022"",""kg/ha"",""7127.5"",""E"",""Valor estimado"",""""";
"QCL,""Cultivos y productos de ganadería"",""032"",""Argentina"",""5510"",""Producción"",""01311"",""Aguacates"",""2022"",""2022"",""toneladas"",""4101.83"",""I"",""Valor imputado por una agencia receptora"",""""";
"QCL,""Cultivos y productos de ganadería"",""032"",""Argentina"",""5312"",""Área cosechada"",""01311"",""Aguacates"",""2023"",""2023"",""ha"",""575"",""I"",""Valor imputado por una agencia receptora"",""""";
"QCL,""Cultivos y productos de ganadería"",""032"",""Argentina"",""5412"",""Rendimiento"",""01311"",""Aguacates"",""2023"",""2023"",""kg/ha"",""7151"",""E"",""Valor estimado"",""""";
"QCL,""Cultivos y productos de ganadería"",""032"",""Argentina"",""5510"",""Producción"",""01311"",""Aguacates"",""2023"",""2023"",""toneladas"",""4112.63"",""I"",""Valor imputado por una agencia receptora"",""""";
"QCL,""Cultivos y productos de ganadería"",""032"",""Argentina"",""5312"",""Área cosechada"",""01311"",""Aguacates"",""2024"",""2024"",""ha"",""575"",""I"",""Valor imputado por una agencia receptora"",""""";
"QCL,""Cultivos y productos de ganadería"",""032"",""Argentina"",""5412"",""Rendimiento"",""01311"",""Aguacates"",""2024"",""2024"",""kg/ha"",""7174.5"",""E"",""Valor estimado"",""""";
"QCL,""Cultivos y productos de ganadería"",""032"",""Argentina"",""5510"",""Producción"",""01311"",""Aguacates"",""2024"",""2024"",""toneladas"",""4123.42"",""I"",""Valor imputado por una agencia receptora"",""""";
"QCL,""Cultivos y productos de ganadería"",""032"",""Argentina"",""5312"",""Área cosechada"",""01652"",""Ajíes y pimientos secos (caspicum y pimenta), en bruto"",""2010"",""2010"",""ha"",""2882"",""I"",""Valor imputado por una agencia receptora"",""""";
"QCL,""Cultivos y productos de ganadería"",""032"",""Argentina"",""5412"",""Rendimiento"",""01652"",""Ajíes y pimientos secos (caspicum y pimenta), en bruto"",""2010"",""2010"",""kg/ha"",""1098.2"",""E"",""Valor estimado"",""""";
"QCL,""Cultivos y productos de ganadería"",""032"",""Argentina"",""5510"",""Producción"",""01652"",""Ajíes y pimientos secos (caspicum y pimenta), en bruto"",""2010"",""2010"",""toneladas"",""3164.9"",""I"",""Valor imputado por una agencia receptora"",""""";
"QCL,""Cultivos y productos de ganadería"",""032"",""Argentina"",""5312"",""Área cosechada"",""01652"",""Ajíes y pimientos secos (caspicum y pimenta), en bruto"",""2011"",""2011"",""ha"",""2833"",""I"",""Valor imputado por una agencia receptora"",""""";
"QCL,""Cultivos y productos de ganadería"",""032"",""Argentina"",""5412"",""Rendimiento"",""01652"",""Ajíes y pimientos secos (caspicum y pimenta), en bruto"",""2011"",""2011"",""kg/ha"",""1112.8"",""E"",""Valor estimado"",""""";
"QCL,""Cultivos y productos de ganadería"",""032"",""Argentina"",""5510"",""Producción"",""01652"",""Ajíes y pimientos secos (caspicum y pimenta), en bruto"",""2011"",""2011"",""toneladas"",""3152.06"",""I"",""Valor imputado por una agencia receptora"",""""";
"QCL,""Cultivos y productos de ganadería"",""032"",""Argentina"",""5312"",""Área cosechada"",""01652"",""Ajíes y pimientos secos (caspicum y pimenta), en bruto"",""2012"",""2012"",""ha"",""2500"",""E"",""Valor estimado"",""""";
"QCL,""Cultivos y productos de ganadería"",""032"",""Argentina"",""5412"",""Rendimiento"",""01652"",""Ajíes y pimientos secos (caspicum y pimenta), en bruto"",""2012"",""2012"",""kg/ha"",""1200"",""E"",""Valor estimado"",""""";
"QCL,""Cultivos y productos de ganadería"",""032"",""Argentina"",""5510"",""Producción"",""01652"",""Ajíes y pimientos secos (caspicum y pimenta), en bruto"",""2012"",""2012"",""toneladas"",""3000"",""E"",""Valor estimado"",""""";
"QCL,""Cultivos y productos de ganadería"",""032"",""Argentina"",""5312"",""Área cosechada"",""01652"",""Ajíes y pimientos secos (caspicum y pimenta), en bruto"",""2013"",""2013"",""ha"",""2783"",""I"",""Valor imputado por una agencia receptora"",""""";
"QCL,""Cultivos y productos de ganadería"",""032"",""Argentina"",""5412"",""Rendimiento"",""01652"",""Ajíes y pimientos secos (caspicum y pimenta), en bruto"",""2013"",""2013"",""kg/ha"",""1138"",""E"",""Valor estimado"",""""";
"QCL,""Cultivos y productos de ganadería"",""032"",""Argentina"",""5510"",""Producción"",""01652"",""Ajíes y pimientos secos (caspicum y pimenta), en bruto"",""2013"",""2013"",""toneladas"",""3167.29"",""I"",""Valor imputado por una agencia receptora"",""""";
"QCL,""Cultivos y productos de ganadería"",""032"",""Argentina"",""5312"",""Área cosechada"",""01652"",""Ajíes y pimientos secos (caspicum y pimenta), en bruto"",""2014"",""2014"",""ha"",""2843"",""I"",""Valor imputado por una agencia receptora"",""""";
"QCL,""Cultivos y productos de ganadería"",""032"",""Argentina"",""5412"",""Rendimiento"",""01652"",""Ajíes y pimientos secos (caspicum y pimenta), en bruto"",""2014"",""2014"",""kg/ha"",""1122.8"",""E"",""Valor estimado"",""""";
"QCL,""Cultivos y productos de ganadería"",""032"",""Argentina"",""5510"",""Producción"",""01652"",""Ajíes y pimientos secos (caspicum y pimenta), en bruto"",""2014"",""2014"",""toneladas"",""3191.85"",""I"",""Valor imputado por una agencia receptora"",""""";
"QCL,""Cultivos y productos de ganadería"",""032"",""Argentina"",""5312"",""Área cosechada"",""01652"",""Ajíes y pimientos secos (caspicum y pimenta), en bruto"",""2015"",""2015"",""ha"",""2790"",""I"",""Valor imputado por una agencia receptora"",""""";
"QCL,""Cultivos y productos de ganadería"",""032"",""Argentina"",""5412"",""Rendimiento"",""01652"",""Ajíes y pimientos secos (caspicum y pimenta), en bruto"",""2015"",""2015"",""kg/ha"",""1136.8"",""E"",""Valor estimado"",""""";
"QCL,""Cultivos y productos de ganadería"",""032"",""Argentina"",""5510"",""Producción"",""01652"",""Ajíes y pimientos secos (caspicum y pimenta), en bruto"",""2015"",""2015"",""toneladas"",""3171.41"",""I"",""Valor imputado por una agencia receptora"",""""";
"QCL,""Cultivos y productos de ganadería"",""032"",""Argentina"",""5312"",""Área cosechada"",""01652"",""Ajíes y pimientos secos (caspicum y pimenta), en bruto"",""2016"",""2016"",""ha"",""2776"",""I"",""Valor imputado por una agencia receptora"",""""";
"QCL,""Cultivos y productos de ganadería"",""032"",""Argentina"",""5412"",""Rendimiento"",""01652"",""Ajíes y pimientos secos (caspicum y pimenta), en bruto"",""2016"",""2016"",""kg/ha"",""1143.5"",""E"",""Valor estimado"",""""";
"QCL,""Cultivos y productos de ganadería"",""032"",""Argentina"",""5510"",""Producción"",""01652"",""Ajíes y pimientos secos (caspicum y pimenta), en bruto"",""2016"",""2016"",""toneladas"",""3174.18"",""I"",""Valor imputado por una agencia receptora"",""""";
"QCL,""Cultivos y productos de ganadería"",""032"",""Argentina"",""5312"",""Área cosechada"",""01652"",""Ajíes y pimientos secos (caspicum y pimenta), en bruto"",""2017"",""2017"",""ha"",""2780"",""I"",""Valor imputado por una agencia receptora"",""""";
"QCL,""Cultivos y productos de ganadería"",""032"",""Argentina"",""5412"",""Rendimiento"",""01652"",""Ajíes y pimientos secos (caspicum y pimenta), en bruto"",""2017"",""2017"",""kg/ha"",""1144.2"",""E"",""Valor estimado"",""""";
"QCL,""Cultivos y productos de ganadería"",""032"",""Argentina"",""5510"",""Producción"",""01652"",""Ajíes y pimientos secos (caspicum y pimenta), en bruto"",""2017"",""2017"",""toneladas"",""3180.98"",""I"",""Valor imputado por una agencia receptora"",""""";
"QCL,""Cultivos y productos de ganadería"",""032"",""Argentina"",""5312"",""Área cosechada"",""01652"",""Ajíes y pimientos secos (caspicum y pimenta), en bruto"",""2018"",""2018"",""ha"",""2794"",""I"",""Valor imputado por una agencia receptora"",""""";
"QCL,""Cultivos y productos de ganadería"",""032"",""Argentina"",""5412"",""Rendimiento"",""01652"",""Ajíes y pimientos secos (caspicum y pimenta), en bruto"",""2018"",""2018"",""kg/ha"",""1140.7"",""E"",""Valor estimado"",""""";
"QCL,""Cultivos y productos de ganadería"",""032"",""Argentina"",""5510"",""Producción"",""01652"",""Ajíes y pimientos secos (caspicum y pimenta), en bruto"",""2018"",""2018"",""toneladas"",""3187.25"",""I"",""Valor imputado por una agencia receptora"",""""";
"QCL,""Cultivos y productos de ganadería"",""032"",""Argentina"",""5312"",""Área cosechada"",""01652"",""Ajíes y pimientos secos (caspicum y pimenta), en bruto"",""2019"",""2019"",""ha"",""2782"",""I"",""Valor imputado por una agencia receptora"",""""";
"QCL,""Cultivos y productos de ganadería"",""032"",""Argentina"",""5412"",""Rendimiento"",""01652"",""Ajíes y pimientos secos (caspicum y pimenta), en bruto"",""2019"",""2019"",""kg/ha"",""1146.6"",""E"",""Valor estimado"",""""";
"QCL,""Cultivos y productos de ganadería"",""032"",""Argentina"",""5510"",""Producción"",""01652"",""Ajíes y pimientos secos (caspicum y pimenta), en bruto"",""2019"",""2019"",""toneladas"",""3190.13"",""I"",""Valor imputado por una agencia receptora"",""""";
"QCL,""Cultivos y productos de ganadería"",""032"",""Argentina"",""5312"",""Área cosechada"",""01652"",""Ajíes y pimientos secos (caspicum y pimenta), en bruto"",""2020"",""2020"",""ha"",""2783"",""I"",""Valor imputado por una agencia receptora"",""""";
"QCL,""Cultivos y productos de ganadería"",""032"",""Argentina"",""5412"",""Rendimiento"",""01652"",""Ajíes y pimientos secos (caspicum y pimenta), en bruto"",""2020"",""2020"",""kg/ha"",""1147"",""E"",""Valor estimado"",""""";
"QCL,""Cultivos y productos de ganadería"",""032"",""Argentina"",""5510"",""Producción"",""01652"",""Ajíes y pimientos secos (caspicum y pimenta), en bruto"",""2020"",""2020"",""toneladas"",""3192.34"",""I"",""Valor imputado por una agencia receptora"",""""";
"QCL,""Cultivos y productos de ganadería"",""032"",""Argentina"",""5312"",""Área cosechada"",""01652"",""Ajíes y pimientos secos (caspicum y pimenta), en bruto"",""2021"",""2021"",""ha"",""2780"",""I"",""Valor imputado por una agencia receptora"",""""";
"QCL,""Cultivos y productos de ganadería"",""032"",""Argentina"",""5412"",""Rendimiento"",""01652"",""Ajíes y pimientos secos (caspicum y pimenta), en bruto"",""2021"",""2021"",""kg/ha"",""1147.5"",""E"",""Valor estimado"",""""";
"QCL,""Cultivos y productos de ganadería"",""032"",""Argentina"",""5510"",""Producción"",""01652"",""Ajíes y pimientos secos (caspicum y pimenta), en bruto"",""2021"",""2021"",""toneladas"",""3190.19"",""I"",""Valor imputado por una agencia receptora"",""""";
"QCL,""Cultivos y productos de ganadería"",""032"",""Argentina"",""5312"",""Área cosechada"",""01652"",""Ajíes y pimientos secos (caspicum y pimenta), en bruto"",""2022"",""2022"",""ha"",""2762"",""I"",""Valor imputado por una agencia receptora"",""""";
"QCL,""Cultivos y productos de ganadería"",""032"",""Argentina"",""5412"",""Rendimiento"",""01652"",""Ajíes y pimientos secos (caspicum y pimenta), en bruto"",""2022"",""2022"",""kg/ha"",""1153"",""E"",""Valor estimado"",""""";
"QCL,""Cultivos y productos de ganadería"",""032"",""Argentina"",""5510"",""Producción"",""01652"",""Ajíes y pimientos secos (caspicum y pimenta), en bruto"",""2022"",""2022"",""toneladas"",""3184.17"",""I"",""Valor imputado por una agencia receptora"",""""";
"QCL,""Cultivos y productos de ganadería"",""032"",""Argentina"",""5312"",""Área cosechada"",""01652"",""Ajíes y pimientos secos (caspicum y pimenta), en bruto"",""2023"",""2023"",""ha"",""2755"",""I"",""Valor imputado por una agencia receptora"",""""";
"QCL,""Cultivos y productos de ganadería"",""032"",""Argentina"",""5412"",""Rendimiento"",""01652"",""Ajíes y pimientos secos (caspicum y pimenta), en bruto"",""2023"",""2023"",""kg/ha"",""1156.1"",""E"",""Valor estimado"",""""";
"QCL,""Cultivos y productos de ganadería"",""032"",""Argentina"",""5510"",""Producción"",""01652"",""Ajíes y pimientos secos (caspicum y pimenta), en bruto"",""2023"",""2023"",""toneladas"",""3185.34"",""I"",""Valor imputado por una agencia receptora"",""""";
"QCL,""Cultivos y productos de ganadería"",""032"",""Argentina"",""5312"",""Área cosechada"",""01652"",""Ajíes y pimientos secos (caspicum y pimenta), en bruto"",""2024"",""2024"",""ha"",""2749"",""I"",""Valor imputado por una agencia receptora"",""""";
"QCL,""Cultivos y productos de ganadería"",""032"",""Argentina"",""5412"",""Rendimiento"",""01652"",""Ajíes y pimientos secos (caspicum y pimenta), en bruto"",""2024"",""2024"",""kg/ha"",""1159.2"",""E"",""Valor estimado"",""""";
"QCL,""Cultivos y productos de ganadería"",""032"",""Argentina"",""5510"",""Producción"",""01652"",""Ajíes y pimientos secos (caspicum y pimenta), en bruto"",""2024"",""2024"",""toneladas"",""3186.5"",""I"",""Valor imputado por una agencia receptora"",""""";
"QCL,""Cultivos y productos de ganadería"",""032"",""Argentina"",""5312"",""Área cosechada"",""01231"",""Ajíes y pimientos, verdes (capsicum y pimenta)"",""2010"",""2010"",""ha"",""7094"",""I"",""Valor imputado por una agencia receptora"",""""";
"QCL,""Cultivos y productos de ganadería"",""032"",""Argentina"",""5412"",""Rendimiento"",""01231"",""Ajíes y pimientos, verdes (capsicum y pimenta)"",""2010"",""2010"",""kg/ha"",""20496.6"",""E"",""Valor estimado"",""""";
"QCL,""Cultivos y productos de ganadería"",""032"",""Argentina"",""5510"",""Producción"",""01231"",""Ajíes y pimientos, verdes (capsicum y pimenta)"",""2010"",""2010"",""toneladas"",""145411.5"",""I"",""Valor imputado por una agencia receptora"",""""";
"QCL,""Cultivos y productos de ganadería"",""032"",""Argentina"",""5312"",""Área cosechada"",""01231"",""Ajíes y pimientos, verdes (capsicum y pimenta)"",""2011"",""2011"",""ha"",""6858"",""I"",""Valor imputado por una agencia receptora"",""""";
"QCL,""Cultivos y productos de ganadería"",""032"",""Argentina"",""5412"",""Rendimiento"",""01231"",""Ajíes y pimientos, verdes (capsicum y pimenta)"",""2011"",""2011"",""kg/ha"",""20836.5"",""E"",""Valor estimado"",""""";
"QCL,""Cultivos y productos de ganadería"",""032"",""Argentina"",""5510"",""Producción"",""01231"",""Ajíes y pimientos, verdes (capsicum y pimenta)"",""2011"",""2011"",""toneladas"",""142888.15"",""I"",""Valor imputado por una agencia receptora"",""""";
"QCL,""Cultivos y productos de ganadería"",""032"",""Argentina"",""5312"",""Área cosechada"",""01231"",""Ajíes y pimientos, verdes (capsicum y pimenta)"",""2012"",""2012"",""ha"",""6742"",""I"",""Valor imputado por una agencia receptora"",""""";
"QCL,""Cultivos y productos de ganadería"",""032"",""Argentina"",""5412"",""Rendimiento"",""01231"",""Ajíes y pimientos, verdes (capsicum y pimenta)"",""2012"",""2012"",""kg/ha"",""21176.3"",""E"",""Valor estimado"",""""";
"QCL,""Cultivos y productos de ganadería"",""032"",""Argentina"",""5510"",""Producción"",""01231"",""Ajíes y pimientos, verdes (capsicum y pimenta)"",""2012"",""2012"",""toneladas"",""142775.54"",""I"",""Valor imputado por una agencia receptora"",""""";
"QCL,""Cultivos y productos de ganadería"",""032"",""Argentina"",""5312"",""Área cosechada"",""01231"",""Ajíes y pimientos, verdes (capsicum y pimenta)"",""2013"",""2013"",""ha"",""6697"",""I"",""Valor imputado por una agencia receptora"",""""";
"QCL,""Cultivos y productos de ganadería"",""032"",""Argentina"",""5412"",""Rendimiento"",""01231"",""Ajíes y pimientos, verdes (capsicum y pimenta)"",""2013"",""2013"",""kg/ha"",""21516.2"",""E"",""Valor estimado"",""""";
"QCL,""Cultivos y productos de ganadería"",""032"",""Argentina"",""5510"",""Producción"",""01231"",""Ajíes y pimientos, verdes (capsicum y pimenta)"",""2013"",""2013"",""toneladas"",""144102.91"",""I"",""Valor imputado por una agencia receptora"",""""";
"QCL,""Cultivos y productos de ganadería"",""032"",""Argentina"",""5312"",""Área cosechada"",""01231"",""Ajíes y pimientos, verdes (capsicum y pimenta)"",""2014"",""2014"",""ha"",""6635"",""I"",""Valor imputado por una agencia receptora"",""""";
"QCL,""Cultivos y productos de ganadería"",""032"",""Argentina"",""5412"",""Rendimiento"",""01231"",""Ajíes y pimientos, verdes (capsicum y pimenta)"",""2014"",""2014"",""kg/ha"",""21949.4"",""E"",""Valor estimado"",""""";
"QCL,""Cultivos y productos de ganadería"",""032"",""Argentina"",""5510"",""Producción"",""01231"",""Ajíes y pimientos, verdes (capsicum y pimenta)"",""2014"",""2014"",""toneladas"",""145633.96"",""I"",""Valor imputado por una agencia receptora"",""""";
"QCL,""Cultivos y productos de ganadería"",""032"",""Argentina"",""5312"",""Área cosechada"",""01231"",""Ajíes y pimientos, verdes (capsicum y pimenta)"",""2015"",""2015"",""ha"",""6536"",""I"",""Valor imputado por una agencia receptora"",""""";
"QCL,""Cultivos y productos de ganadería"",""032"",""Argentina"",""5412"",""Rendimiento"",""01231"",""Ajíes y pimientos, verdes (capsicum y pimenta)"",""2015"",""2015"",""kg/ha"",""23054.2"",""E"",""Valor estimado"",""""";
"QCL,""Cultivos y productos de ganadería"",""032"",""Argentina"",""5510"",""Producción"",""01231"",""Ajíes y pimientos, verdes (capsicum y pimenta)"",""2015"",""2015"",""toneladas"",""150676.94"",""I"",""Valor imputado por una agencia receptora"",""""";
"QCL,""Cultivos y productos de ganadería"",""032"",""Argentina"",""5312"",""Área cosechada"",""01231"",""Ajíes y pimientos, verdes (capsicum y pimenta)"",""2016"",""2016"",""ha"",""6515"",""I"",""Valor imputado por una agencia receptora"",""""";
"QCL,""Cultivos y productos de ganadería"",""032"",""Argentina"",""5412"",""Rendimiento"",""01231"",""Ajíes y pimientos, verdes (capsicum y pimenta)"",""2016"",""2016"",""kg/ha"",""22534.6"",""E"",""Valor estimado"",""""";
"QCL,""Cultivos y productos de ganadería"",""032"",""Argentina"",""5510"",""Producción"",""01231"",""Ajíes y pimientos, verdes (capsicum y pimenta)"",""2016"",""2016"",""toneladas"",""146804.6"",""E"",""Valor estimado"",""""";
"QCL,""Cultivos y productos de ganadería"",""032"",""Argentina"",""5312"",""Área cosechada"",""01231"",""Ajíes y pimientos, verdes (capsicum y pimenta)"",""2017"",""2017"",""ha"",""6487"",""I"",""Valor imputado por una agencia receptora"",""""";
"QCL,""Cultivos y productos de ganadería"",""032"",""Argentina"",""5412"",""Rendimiento"",""01231"",""Ajíes y pimientos, verdes (capsicum y pimenta)"",""2017"",""2017"",""kg/ha"",""22379.6"",""E"",""Valor estimado"",""""";
"QCL,""Cultivos y productos de ganadería"",""032"",""Argentina"",""5510"",""Producción"",""01231"",""Ajíes y pimientos, verdes (capsicum y pimenta)"",""2017"",""2017"",""toneladas"",""145180.28"",""I"",""Valor imputado por una agencia receptora"",""""";
"QCL,""Cultivos y productos de ganadería"",""032"",""Argentina"",""5312"",""Área cosechada"",""01231"",""Ajíes y pimientos, verdes (capsicum y pimenta)"",""2018"",""2018"",""ha"",""6385"",""I"",""Valor imputado por una agencia receptora"",""""";
"QCL,""Cultivos y productos de ganadería"",""032"",""Argentina"",""5412"",""Rendimiento"",""01231"",""Ajíes y pimientos, verdes (capsicum y pimenta)"",""2018"",""2018"",""kg/ha"",""22700.9"",""E"",""Valor estimado"",""""";
"QCL,""Cultivos y productos de ganadería"",""032"",""Argentina"",""5510"",""Producción"",""01231"",""Ajíes y pimientos, verdes (capsicum y pimenta)"",""2018"",""2018"",""toneladas"",""144955.02"",""I"",""Valor imputado por una agencia receptora"",""""";
"QCL,""Cultivos y productos de ganadería"",""032"",""Argentina"",""5312"",""Área cosechada"",""01231"",""Ajíes y pimientos, verdes (capsicum y pimenta)"",""2019"",""2019"",""ha"",""6353"",""I"",""Valor imputado por una agencia receptora"",""""";
"QCL,""Cultivos y productos de ganadería"",""032"",""Argentina"",""5412"",""Rendimiento"",""01231"",""Ajíes y pimientos, verdes (capsicum y pimenta)"",""2019"",""2019"",""kg/ha"",""23037.5"",""E"",""Valor estimado"",""""";
"QCL,""Cultivos y productos de ganadería"",""032"",""Argentina"",""5510"",""Producción"",""01231"",""Ajíes y pimientos, verdes (capsicum y pimenta)"",""2019"",""2019"",""toneladas"",""146346.31"",""I"",""Valor imputado por una agencia receptora"",""""";
"QCL,""Cultivos y productos de ganadería"",""032"",""Argentina"",""5312"",""Área cosechada"",""01231"",""Ajíes y pimientos, verdes (capsicum y pimenta)"",""2020"",""2020"",""ha"",""6344"",""I"",""Valor imputado por una agencia receptora"",""""";
"QCL,""Cultivos y productos de ganadería"",""032"",""Argentina"",""5412"",""Rendimiento"",""01231"",""Ajíes y pimientos, verdes (capsicum y pimenta)"",""2020"",""2020"",""kg/ha"",""23364.6"",""E"",""Valor estimado"",""""";
"QCL,""Cultivos y productos de ganadería"",""032"",""Argentina"",""5510"",""Producción"",""01231"",""Ajíes y pimientos, verdes (capsicum y pimenta)"",""2020"",""2020"",""toneladas"",""148234.65"",""I"",""Valor imputado por una agencia receptora"",""""";
"QCL,""Cultivos y productos de ganadería"",""032"",""Argentina"",""5312"",""Área cosechada"",""01231"",""Ajíes y pimientos, verdes (capsicum y pimenta)"",""2021"",""2021"",""ha"",""6457"",""I"",""Valor imputado por una agencia receptora"",""""";
"QCL,""Cultivos y productos de ganadería"",""032"",""Argentina"",""5412"",""Rendimiento"",""01231"",""Ajíes y pimientos, verdes (capsicum y pimenta)"",""2021"",""2021"",""kg/ha"",""23790.4"",""E"",""Valor estimado"",""""";
"QCL,""Cultivos y productos de ganadería"",""032"",""Argentina"",""5510"",""Producción"",""01231"",""Ajíes y pimientos, verdes (capsicum y pimenta)"",""2021"",""2021"",""toneladas"",""153621.76"",""I"",""Valor imputado por una agencia receptora"",""""";
"QCL,""Cultivos y productos de ganadería"",""032"",""Argentina"",""5312"",""Área cosechada"",""01231"",""Ajíes y pimientos, verdes (capsicum y pimenta)"",""2022"",""2022"",""ha"",""6438"",""I"",""Valor imputado por una agencia receptora"",""""";
"QCL,""Cultivos y productos de ganadería"",""032"",""Argentina"",""5412"",""Rendimiento"",""01231"",""Ajíes y pimientos, verdes (capsicum y pimenta)"",""2022"",""2022"",""kg/ha"",""23815.5"",""E"",""Valor estimado"",""""";
"QCL,""Cultivos y productos de ganadería"",""032"",""Argentina"",""5510"",""Producción"",""01231"",""Ajíes y pimientos, verdes (capsicum y pimenta)"",""2022"",""2022"",""toneladas"",""153334.03"",""I"",""Valor imputado por una agencia receptora"",""""";
"QCL,""Cultivos y productos de ganadería"",""032"",""Argentina"",""5312"",""Área cosechada"",""01231"",""Ajíes y pimientos, verdes (capsicum y pimenta)"",""2023"",""2023"",""ha"",""6428"",""I"",""Valor imputado por una agencia receptora"",""""";
"QCL,""Cultivos y productos de ganadería"",""032"",""Argentina"",""5412"",""Rendimiento"",""01231"",""Ajíes y pimientos, verdes (capsicum y pimenta)"",""2023"",""2023"",""kg/ha"",""23604.4"",""E"",""Valor estimado"",""""";
"QCL,""Cultivos y productos de ganadería"",""032"",""Argentina"",""5510"",""Producción"",""01231"",""Ajíes y pimientos, verdes (capsicum y pimenta)"",""2023"",""2023"",""toneladas"",""151730.15"",""E"",""Valor estimado"",""""";
"QCL,""Cultivos y productos de ganadería"",""032"",""Argentina"",""5312"",""Área cosechada"",""01231"",""Ajíes y pimientos, verdes (capsicum y pimenta)"",""2024"",""2024"",""ha"",""6418"",""I"",""Valor imputado por una agencia receptora"",""""";
"QCL,""Cultivos y productos de ganadería"",""032"",""Argentina"",""5412"",""Rendimiento"",""01231"",""Ajíes y pimientos, verdes (capsicum y pimenta)"",""2024"",""2024"",""kg/ha"",""23823.5"",""E"",""Valor estimado"",""""";
"QCL,""Cultivos y productos de ganadería"",""032"",""Argentina"",""5510"",""Producción"",""01231"",""Ajíes y pimientos, verdes (capsicum y pimenta)"",""2024"",""2024"",""toneladas"",""152895.31"",""E"",""Valor estimado"",""""";
"QCL,""Cultivos y productos de ganadería"",""032"",""Argentina"",""5312"",""Área cosechada"",""01252"",""Ajo verde"",""2010"",""2010"",""ha"",""14895"",""I"",""Valor imputado por una agencia receptora"",""""";
"QCL,""Cultivos y productos de ganadería"",""032"",""Argentina"",""5412"",""Rendimiento"",""01252"",""Ajo verde"",""2010"",""2010"",""kg/ha"",""9575.2"",""E"",""Valor estimado"",""""";
"QCL,""Cultivos y productos de ganadería"",""032"",""Argentina"",""5510"",""Producción"",""01252"",""Ajo verde"",""2010"",""2010"",""toneladas"",""142619.94"",""I"",""Valor imputado por una agencia receptora"",""""";
"QCL,""Cultivos y productos de ganadería"",""032"",""Argentina"",""5312"",""Área cosechada"",""01252"",""Ajo verde"",""2011"",""2011"",""ha"",""14975"",""I"",""Valor imputado por una agencia receptora"",""""";
"QCL,""Cultivos y productos de ganadería"",""032"",""Argentina"",""5412"",""Rendimiento"",""01252"",""Ajo verde"",""2011"",""2011"",""kg/ha"",""9569.8"",""E"",""Valor estimado"",""""";
"QCL,""Cultivos y productos de ganadería"",""032"",""Argentina"",""5510"",""Producción"",""01252"",""Ajo verde"",""2011"",""2011"",""toneladas"",""143308.07"",""I"",""Valor imputado por una agencia receptora"",""""";
"QCL,""Cultivos y productos de ganadería"",""032"",""Argentina"",""5312"",""Área cosechada"",""01252"",""Ajo verde"",""2012"",""2012"",""ha"",""15056"",""I"",""Valor imputado por una agencia receptora"",""""";
"QCL,""Cultivos y productos de ganadería"",""032"",""Argentina"",""5412"",""Rendimiento"",""01252"",""Ajo verde"",""2012"",""2012"",""kg/ha"",""9564.3"",""E"",""Valor estimado"",""""";
"QCL,""Cultivos y productos de ganadería"",""032"",""Argentina"",""5510"",""Producción"",""01252"",""Ajo verde"",""2012"",""2012"",""toneladas"",""143996.19"",""I"",""Valor imputado por una agencia receptora"",""""";
"QCL,""Cultivos y productos de ganadería"",""032"",""Argentina"",""5312"",""Área cosechada"",""01252"",""Ajo verde"",""2013"",""2013"",""ha"",""15136"",""I"",""Valor imputado por una agencia receptora"",""""";
"QCL,""Cultivos y productos de ganadería"",""032"",""Argentina"",""5412"",""Rendimiento"",""01252"",""Ajo verde"",""2013"",""2013"",""kg/ha"",""9558.8"",""E"",""Valor estimado"",""""";
"QCL,""Cultivos y productos de ganadería"",""032"",""Argentina"",""5510"",""Producción"",""01252"",""Ajo verde"",""2013"",""2013"",""toneladas"",""144684.32"",""I"",""Valor imputado por una agencia receptora"",""""";
"QCL,""Cultivos y productos de ganadería"",""032"",""Argentina"",""5312"",""Área cosechada"",""01252"",""Ajo verde"",""2014"",""2014"",""ha"",""15309"",""I"",""Valor imputado por una agencia receptora"",""""";
"QCL,""Cultivos y productos de ganadería"",""032"",""Argentina"",""5412"",""Rendimiento"",""01252"",""Ajo verde"",""2014"",""2014"",""kg/ha"",""9563.4"",""E"",""Valor estimado"",""""";
"QCL,""Cultivos y productos de ganadería"",""032"",""Argentina"",""5510"",""Producción"",""01252"",""Ajo verde"",""2014"",""2014"",""toneladas"",""146401.96"",""I"",""Valor imputado por una agencia receptora"",""""";
"QCL,""Cultivos y productos de ganadería"",""032"",""Argentina"",""5312"",""Área cosechada"",""01252"",""Ajo verde"",""2015"",""2015"",""ha"",""15606"",""I"",""Valor imputado por una agencia receptora"",""""";
"QCL,""Cultivos y productos de ganadería"",""032"",""Argentina"",""5412"",""Rendimiento"",""01252"",""Ajo verde"",""2015"",""2015"",""kg/ha"",""9513.2"",""E"",""Valor estimado"",""""";
"QCL,""Cultivos y productos de ganadería"",""032"",""Argentina"",""5510"",""Producción"",""01252"",""Ajo verde"",""2015"",""2015"",""toneladas"",""148459.4"",""I"",""Valor imputado por una agencia receptora"",""""";
"QCL,""Cultivos y productos de ganadería"",""032"",""Argentina"",""5312"",""Área cosechada"",""01252"",""Ajo verde"",""2016"",""2016"",""ha"",""15499"",""I"",""Valor imputado por una agencia receptora"",""""";
"QCL,""Cultivos y productos de ganadería"",""032"",""Argentina"",""5412"",""Rendimiento"",""01252"",""Ajo verde"",""2016"",""2016"",""kg/ha"",""9604.1"",""E"",""Valor estimado"",""""";
"QCL,""Cultivos y productos de ganadería"",""032"",""Argentina"",""5510"",""Producción"",""01252"",""Ajo verde"",""2016"",""2016"",""toneladas"",""148851.5"",""I"",""Valor imputado por una agencia receptora"",""""";
"QCL,""Cultivos y productos de ganadería"",""032"",""Argentina"",""5312"",""Área cosechada"",""01252"",""Ajo verde"",""2017"",""2017"",""ha"",""15456"",""I"",""Valor imputado por una agencia receptora"",""""";
"QCL,""Cultivos y productos de ganadería"",""032"",""Argentina"",""5412"",""Rendimiento"",""01252"",""Ajo verde"",""2017"",""2017"",""kg/ha"",""9675"",""E"",""Valor estimado"",""""";
"QCL,""Cultivos y productos de ganadería"",""032"",""Argentina"",""5510"",""Producción"",""01252"",""Ajo verde"",""2017"",""2017"",""toneladas"",""149534.16"",""I"",""Valor imputado por una agencia receptora"",""""";
"QCL,""Cultivos y productos de ganadería"",""032"",""Argentina"",""5312"",""Área cosechada"",""01252"",""Ajo verde"",""2018"",""2018"",""ha"",""15526"",""I"",""Valor imputado por una agencia receptora"",""""";
"QCL,""Cultivos y productos de ganadería"",""032"",""Argentina"",""5412"",""Rendimiento"",""01252"",""Ajo verde"",""2018"",""2018"",""kg/ha"",""9736.8"",""E"",""Valor estimado"",""""";
"QCL,""Cultivos y productos de ganadería"",""032"",""Argentina"",""5510"",""Producción"",""01252"",""Ajo verde"",""2018"",""2018"",""toneladas"",""151173.38"",""I"",""Valor imputado por una agencia receptora"",""""";
"QCL,""Cultivos y productos de ganadería"",""032"",""Argentina"",""5312"",""Área cosechada"",""01252"",""Ajo verde"",""2019"",""2019"",""ha"",""15665"",""I"",""Valor imputado por una agencia receptora"",""""";
"QCL,""Cultivos y productos de ganadería"",""032"",""Argentina"",""5412"",""Rendimiento"",""01252"",""Ajo verde"",""2019"",""2019"",""kg/ha"",""9769.6"",""E"",""Valor estimado"",""""";
"QCL,""Cultivos y productos de ganadería"",""032"",""Argentina"",""5510"",""Producción"",""01252"",""Ajo verde"",""2019"",""2019"",""toneladas"",""153045.67"",""I"",""Valor imputado por una agencia receptora"",""""";
"QCL,""Cultivos y productos de ganadería"",""032"",""Argentina"",""5312"",""Área cosechada"",""01252"",""Ajo verde"",""2020"",""2020"",""ha"",""15780"",""I"",""Valor imputado por una agencia receptora"",""""";
"QCL,""Cultivos y productos de ganadería"",""032"",""Argentina"",""5412"",""Rendimiento"",""01252"",""Ajo verde"",""2020"",""2020"",""kg/ha"",""9817.4"",""E"",""Valor estimado"",""""";
"QCL,""Cultivos y productos de ganadería"",""032"",""Argentina"",""5510"",""Producción"",""01252"",""Ajo verde"",""2020"",""2020"",""toneladas"",""154921.44"",""I"",""Valor imputado por una agencia receptora"",""""";
"QCL,""Cultivos y productos de ganadería"",""032"",""Argentina"",""5312"",""Área cosechada"",""01252"",""Ajo verde"",""2021"",""2021"",""ha"",""15963"",""I"",""Valor imputado por una agencia receptora"",""""";
"QCL,""Cultivos y productos de ganadería"",""032"",""Argentina"",""5412"",""Rendimiento"",""01252"",""Ajo verde"",""2021"",""2021"",""kg/ha"",""9836.6"",""E"",""Valor estimado"",""""";
"QCL,""Cultivos y productos de ganadería"",""032"",""Argentina"",""5510"",""Producción"",""01252"",""Ajo verde"",""2021"",""2021"",""toneladas"",""157021.05"",""I"",""Valor imputado por una agencia receptora"",""""";
"QCL,""Cultivos y productos de ganadería"",""032"",""Argentina"",""5312"",""Área cosechada"",""01252"",""Ajo verde"",""2022"",""2022"",""ha"",""15897"",""I"",""Valor imputado por una agencia receptora"",""""";
"QCL,""Cultivos y productos de ganadería"",""032"",""Argentina"",""5412"",""Rendimiento"",""01252"",""Ajo verde"",""2022"",""2022"",""kg/ha"",""9829.5"",""E"",""Valor estimado"",""""";
"QCL,""Cultivos y productos de ganadería"",""032"",""Argentina"",""5510"",""Producción"",""01252"",""Ajo verde"",""2022"",""2022"",""toneladas"",""156260.69"",""I"",""Valor imputado por una agencia receptora"",""""";
"QCL,""Cultivos y productos de ganadería"",""032"",""Argentina"",""5312"",""Área cosechada"",""01252"",""Ajo verde"",""2023"",""2023"",""ha"",""15946"",""I"",""Valor imputado por una agencia receptora"",""""";
"QCL,""Cultivos y productos de ganadería"",""032"",""Argentina"",""5412"",""Rendimiento"",""01252"",""Ajo verde"",""2023"",""2023"",""kg/ha"",""9851.7"",""E"",""Valor estimado"",""""";
"QCL,""Cultivos y productos de ganadería"",""032"",""Argentina"",""5510"",""Producción"",""01252"",""Ajo verde"",""2023"",""2023"",""toneladas"",""157090.3"",""I"",""Valor imputado por una agencia receptora"",""""";
"QCL,""Cultivos y productos de ganadería"",""032"",""Argentina"",""5312"",""Área cosechada"",""01252"",""Ajo verde"",""2024"",""2024"",""ha"",""15994"",""I"",""Valor imputado por una agencia receptora"",""""";
"QCL,""Cultivos y productos de ganadería"",""032"",""Argentina"",""5412"",""Rendimiento"",""01252"",""Ajo verde"",""2024"",""2024"",""kg/ha"",""9803.2"",""E"",""Valor estimado"",""""";
"QCL,""Cultivos y productos de ganadería"",""032"",""Argentina"",""5510"",""Producción"",""01252"",""Ajo verde"",""2024"",""2024"",""toneladas"",""156790.68"",""E"",""Valor estimado"",""""";
"QCL,""Cultivos y productos de ganadería"",""032"",""Argentina"",""5312"",""Área cosechada"",""01343"",""Albaricoques"",""2010"",""2010"",""ha"",""2371"",""I"",""Valor imputado por una agencia receptora"",""""";
"QCL,""Cultivos y productos de ganadería"",""032"",""Argentina"",""5412"",""Rendimiento"",""01343"",""Albaricoques"",""2010"",""2010"",""kg/ha"",""11028.8"",""E"",""Valor estimado"",""""";
"QCL,""Cultivos y productos de ganadería"",""032"",""Argentina"",""5510"",""Producción"",""01343"",""Albaricoques"",""2010"",""2010"",""toneladas"",""26145.48"",""I"",""Valor imputado por una agencia receptora"",""""";
"QCL,""Cultivos y productos de ganadería"",""032"",""Argentina"",""5312"",""Área cosechada"",""01343"",""Albaricoques"",""2011"",""2011"",""ha"",""2367"",""I"",""Valor imputado por una agencia receptora"",""""";
"QCL,""Cultivos y productos de ganadería"",""032"",""Argentina"",""5412"",""Rendimiento"",""01343"",""Albaricoques"",""2011"",""2011"",""kg/ha"",""11097.6"",""E"",""Valor estimado"",""""";
"QCL,""Cultivos y productos de ganadería"",""032"",""Argentina"",""5510"",""Producción"",""01343"",""Albaricoques"",""2011"",""2011"",""toneladas"",""26271.36"",""I"",""Valor imputado por una agencia receptora"",""""";
"QCL,""Cultivos y productos de ganadería"",""032"",""Argentina"",""5312"",""Área cosechada"",""01343"",""Albaricoques"",""2012"",""2012"",""ha"",""2364"",""I"",""Valor imputado por una agencia receptora"",""""";
"QCL,""Cultivos y productos de ganadería"",""032"",""Argentina"",""5412"",""Rendimiento"",""01343"",""Albaricoques"",""2012"",""2012"",""kg/ha"",""11166.4"",""E"",""Valor estimado"",""""";
"QCL,""Cultivos y productos de ganadería"",""032"",""Argentina"",""5510"",""Producción"",""01343"",""Albaricoques"",""2012"",""2012"",""toneladas"",""26397.25"",""I"",""Valor imputado por una agencia receptora"",""""";
"QCL,""Cultivos y productos de ganadería"",""032"",""Argentina"",""5312"",""Área cosechada"",""01343"",""Albaricoques"",""2013"",""2013"",""ha"",""2361"",""I"",""Valor imputado por una agencia receptora"",""""";
"QCL,""Cultivos y productos de ganadería"",""032"",""Argentina"",""5412"",""Rendimiento"",""01343"",""Albaricoques"",""2013"",""2013"",""kg/ha"",""11235.3"",""E"",""Valor estimado"",""""";
"QCL,""Cultivos y productos de ganadería"",""032"",""Argentina"",""5510"",""Producción"",""01343"",""Albaricoques"",""2013"",""2013"",""toneladas"",""26523.13"",""I"",""Valor imputado por una agencia receptora"",""""";
"QCL,""Cultivos y productos de ganadería"",""032"",""Argentina"",""5312"",""Área cosechada"",""01343"",""Albaricoques"",""2014"",""2014"",""ha"",""2371"",""I"",""Valor imputado por una agencia receptora"",""""";
"QCL,""Cultivos y productos de ganadería"",""032"",""Argentina"",""5412"",""Rendimiento"",""01343"",""Albaricoques"",""2014"",""2014"",""kg/ha"",""11312.7"",""E"",""Valor estimado"",""""";
"QCL,""Cultivos y productos de ganadería"",""032"",""Argentina"",""5510"",""Producción"",""01343"",""Albaricoques"",""2014"",""2014"",""toneladas"",""26817.68"",""I"",""Valor imputado por una agencia receptora"",""""";
"QCL,""Cultivos y productos de ganadería"",""032"",""Argentina"",""5312"",""Área cosechada"",""01343"",""Albaricoques"",""2015"",""2015"",""ha"",""2369"",""I"",""Valor imputado por una agencia receptora"",""""";
"QCL,""Cultivos y productos de ganadería"",""032"",""Argentina"",""5412"",""Rendimiento"",""01343"",""Albaricoques"",""2015"",""2015"",""kg/ha"",""11383.3"",""E"",""Valor estimado"",""""";
"QCL,""Cultivos y productos de ganadería"",""032"",""Argentina"",""5510"",""Producción"",""01343"",""Albaricoques"",""2015"",""2015"",""toneladas"",""26963.46"",""I"",""Valor imputado por una agencia receptora"",""""";
"QCL,""Cultivos y productos de ganadería"",""032"",""Argentina"",""5312"",""Área cosechada"",""01343"",""Albaricoques"",""2016"",""2016"",""ha"",""2368"",""I"",""Valor imputado por una agencia receptora"",""""";
"QCL,""Cultivos y productos de ganadería"",""032"",""Argentina"",""5412"",""Rendimiento"",""01343"",""Albaricoques"",""2016"",""2016"",""kg/ha"",""11407.6"",""E"",""Valor estimado"",""""";
"QCL,""Cultivos y productos de ganadería"",""032"",""Argentina"",""5510"",""Producción"",""01343"",""Albaricoques"",""2016"",""2016"",""toneladas"",""27015.94"",""I"",""Valor imputado por una agencia receptora"",""""";
"QCL,""Cultivos y productos de ganadería"",""032"",""Argentina"",""5312"",""Área cosechada"",""01343"",""Albaricoques"",""2017"",""2017"",""ha"",""2363"",""I"",""Valor imputado por una agencia receptora"",""""";
"QCL,""Cultivos y productos de ganadería"",""032"",""Argentina"",""5412"",""Rendimiento"",""01343"",""Albaricoques"",""2017"",""2017"",""kg/ha"",""11377.9"",""E"",""Valor estimado"",""""";
"QCL,""Cultivos y productos de ganadería"",""032"",""Argentina"",""5510"",""Producción"",""01343"",""Albaricoques"",""2017"",""2017"",""toneladas"",""26881.88"",""I"",""Valor imputado por una agencia receptora"",""""";
"QCL,""Cultivos y productos de ganadería"",""032"",""Argentina"",""5312"",""Área cosechada"",""01343"",""Albaricoques"",""2018"",""2018"",""ha"",""2365"",""I"",""Valor imputado por una agencia receptora"",""""";
"QCL,""Cultivos y productos de ganadería"",""032"",""Argentina"",""5412"",""Rendimiento"",""01343"",""Albaricoques"",""2018"",""2018"",""kg/ha"",""11408.6"",""E"",""Valor estimado"",""""";
"QCL,""Cultivos y productos de ganadería"",""032"",""Argentina"",""5510"",""Producción"",""01343"",""Albaricoques"",""2018"",""2018"",""toneladas"",""26980.97"",""I"",""Valor imputado por una agencia receptora"",""""";
"QCL,""Cultivos y productos de ganadería"",""032"",""Argentina"",""5312"",""Área cosechada"",""01343"",""Albaricoques"",""2019"",""2019"",""ha"",""2368"",""I"",""Valor imputado por una agencia receptora"",""""";
"QCL,""Cultivos y productos de ganadería"",""032"",""Argentina"",""5412"",""Rendimiento"",""01343"",""Albaricoques"",""2019"",""2019"",""kg/ha"",""11434.6"",""E"",""Valor estimado"",""""";
"QCL,""Cultivos y productos de ganadería"",""032"",""Argentina"",""5510"",""Producción"",""01343"",""Albaricoques"",""2019"",""2019"",""toneladas"",""27080.05"",""I"",""Valor imputado por una agencia receptora"",""""";
"QCL,""Cultivos y productos de ganadería"",""032"",""Argentina"",""5312"",""Área cosechada"",""01343"",""Albaricoques"",""2020"",""2020"",""ha"",""2387"",""I"",""Valor imputado por una agencia receptora"",""""";
"QCL,""Cultivos y productos de ganadería"",""032"",""Argentina"",""5412"",""Rendimiento"",""01343"",""Albaricoques"",""2020"",""2020"",""kg/ha"",""11445.9"",""E"",""Valor estimado"",""""";
"QCL,""Cultivos y productos de ganadería"",""032"",""Argentina"",""5510"",""Producción"",""01343"",""Albaricoques"",""2020"",""2020"",""toneladas"",""27323.78"",""I"",""Valor imputado por una agencia receptora"",""""";
"QCL,""Cultivos y productos de ganadería"",""032"",""Argentina"",""5312"",""Área cosechada"",""01343"",""Albaricoques"",""2021"",""2021"",""ha"",""2407"",""I"",""Valor imputado por una agencia receptora"",""""";
"QCL,""Cultivos y productos de ganadería"",""032"",""Argentina"",""5412"",""Rendimiento"",""01343"",""Albaricoques"",""2021"",""2021"",""kg/ha"",""11428.3"",""E"",""Valor estimado"",""""";
"QCL,""Cultivos y productos de ganadería"",""032"",""Argentina"",""5510"",""Producción"",""01343"",""Albaricoques"",""2021"",""2021"",""toneladas"",""27503.63"",""I"",""Valor imputado por una agencia receptora"",""""";
"QCL,""Cultivos y productos de ganadería"",""032"",""Argentina"",""5312"",""Área cosechada"",""01343"",""Albaricoques"",""2022"",""2022"",""ha"",""2401"",""I"",""Valor imputado por una agencia receptora"",""""";
"QCL,""Cultivos y productos de ganadería"",""032"",""Argentina"",""5412"",""Rendimiento"",""01343"",""Albaricoques"",""2022"",""2022"",""kg/ha"",""11392.4"",""E"",""Valor estimado"",""""";
"QCL,""Cultivos y productos de ganadería"",""032"",""Argentina"",""5510"",""Producción"",""01343"",""Albaricoques"",""2022"",""2022"",""toneladas"",""27358.77"",""I"",""Valor imputado por una agencia receptora"",""""";
"QCL,""Cultivos y productos de ganadería"",""032"",""Argentina"",""5312"",""Área cosechada"",""01343"",""Albaricoques"",""2023"",""2023"",""ha"",""2408"",""I"",""Valor imputado por una agencia receptora"",""""";
"QCL,""Cultivos y productos de ganadería"",""032"",""Argentina"",""5412"",""Rendimiento"",""01343"",""Albaricoques"",""2023"",""2023"",""kg/ha"",""11402.8"",""E"",""Valor estimado"",""""";
"QCL,""Cultivos y productos de ganadería"",""032"",""Argentina"",""5510"",""Producción"",""01343"",""Albaricoques"",""2023"",""2023"",""toneladas"",""27453.48"",""I"",""Valor imputado por una agencia receptora"",""""";
"QCL,""Cultivos y productos de ganadería"",""032"",""Argentina"",""5312"",""Área cosechada"",""01343"",""Albaricoques"",""2024"",""2024"",""ha"",""2414"",""I"",""Valor imputado por una agencia receptora"",""""";
"QCL,""Cultivos y productos de ganadería"",""032"",""Argentina"",""5412"",""Rendimiento"",""01343"",""Albaricoques"",""2024"",""2024"",""kg/ha"",""11412"",""E"",""Valor estimado"",""""";
"QCL,""Cultivos y productos de ganadería"",""032"",""Argentina"",""5510"",""Producción"",""01343"",""Albaricoques"",""2024"",""2024"",""toneladas"",""27548.19"",""I"",""Valor imputado por una agencia receptora"",""""";
"QCL,""Cultivos y productos de ganadería"",""032"",""Argentina"",""5312"",""Área cosechada"",""01216"",""Alcachofas"",""2010"",""2010"",""ha"",""2636"",""I"",""Valor imputado por una agencia receptora"",""""";
"QCL,""Cultivos y productos de ganadería"",""032"",""Argentina"",""5412"",""Rendimiento"",""01216"",""Alcachofas"",""2010"",""2010"",""kg/ha"",""19706.2"",""E"",""Valor estimado"",""""";
"QCL,""Cultivos y productos de ganadería"",""032"",""Argentina"",""5510"",""Producción"",""01216"",""Alcachofas"",""2010"",""2010"",""toneladas"",""51948.33"",""I"",""Valor imputado por una agencia receptora"",""""";
"QCL,""Cultivos y productos de ganadería"",""032"",""Argentina"",""5312"",""Área cosechada"",""01216"",""Alcachofas"",""2011"",""2011"",""ha"",""2514"",""I"",""Valor imputado por una agencia receptora"",""""";
"QCL,""Cultivos y productos de ganadería"",""032"",""Argentina"",""5412"",""Rendimiento"",""01216"",""Alcachofas"",""2011"",""2011"",""kg/ha"",""19738.2"",""E"",""Valor estimado"",""""";
"QCL,""Cultivos y productos de ganadería"",""032"",""Argentina"",""5510"",""Producción"",""01216"",""Alcachofas"",""2011"",""2011"",""toneladas"",""49616.31"",""I"",""Valor imputado por una agencia receptora"",""""";
"QCL,""Cultivos y productos de ganadería"",""032"",""Argentina"",""5312"",""Área cosechada"",""01216"",""Alcachofas"",""2012"",""2012"",""ha"",""2396"",""I"",""Valor imputado por una agencia receptora"",""""";
"QCL,""Cultivos y productos de ganadería"",""032"",""Argentina"",""5412"",""Rendimiento"",""01216"",""Alcachofas"",""2012"",""2012"",""kg/ha"",""19765.6"",""E"",""Valor estimado"",""""";
"QCL,""Cultivos y productos de ganadería"",""032"",""Argentina"",""5510"",""Producción"",""01216"",""Alcachofas"",""2012"",""2012"",""toneladas"",""47356.26"",""I"",""Valor imputado por una agencia receptora"",""""";
"QCL,""Cultivos y productos de ganadería"",""032"",""Argentina"",""5312"",""Área cosechada"",""01216"",""Alcachofas"",""2013"",""2013"",""ha"",""2284"",""I"",""Valor imputado por una agencia receptora"",""""";
"QCL,""Cultivos y productos de ganadería"",""032"",""Argentina"",""5412"",""Rendimiento"",""01216"",""Alcachofas"",""2013"",""2013"",""kg/ha"",""19788.1"",""E"",""Valor estimado"",""""";
"QCL,""Cultivos y productos de ganadería"",""032"",""Argentina"",""5510"",""Producción"",""01216"",""Alcachofas"",""2013"",""2013"",""toneladas"",""45191.46"",""I"",""Valor imputado por una agencia receptora"",""""";
"QCL,""Cultivos y productos de ganadería"",""032"",""Argentina"",""5312"",""Área cosechada"",""01216"",""Alcachofas"",""2014"",""2014"",""ha"",""2178"",""I"",""Valor imputado por una agencia receptora"",""""";
"QCL,""Cultivos y productos de ganadería"",""032"",""Argentina"",""5412"",""Rendimiento"",""01216"",""Alcachofas"",""2014"",""2014"",""kg/ha"",""19805.6"",""E"",""Valor estimado"",""""";
"QCL,""Cultivos y productos de ganadería"",""032"",""Argentina"",""5510"",""Producción"",""01216"",""Alcachofas"",""2014"",""2014"",""toneladas"",""43143.14"",""I"",""Valor imputado por una agencia receptora"",""""";
"QCL,""Cultivos y productos de ganadería"",""032"",""Argentina"",""5312"",""Área cosechada"",""01216"",""Alcachofas"",""2015"",""2015"",""ha"",""2081"",""I"",""Valor imputado por una agencia receptora"",""""";
"QCL,""Cultivos y productos de ganadería"",""032"",""Argentina"",""5412"",""Rendimiento"",""01216"",""Alcachofas"",""2015"",""2015"",""kg/ha"",""19818.2"",""E"",""Valor estimado"",""""";
"QCL,""Cultivos y productos de ganadería"",""032"",""Argentina"",""5510"",""Producción"",""01216"",""Alcachofas"",""2015"",""2015"",""toneladas"",""41231.89"",""I"",""Valor imputado por una agencia receptora"",""""";
"QCL,""Cultivos y productos de ganadería"",""032"",""Argentina"",""5312"",""Área cosechada"",""01216"",""Alcachofas"",""2016"",""2016"",""ha"",""1991"",""I"",""Valor imputado por una agencia receptora"",""""";
"QCL,""Cultivos y productos de ganadería"",""032"",""Argentina"",""5412"",""Rendimiento"",""01216"",""Alcachofas"",""2016"",""2016"",""kg/ha"",""19826"",""E"",""Valor estimado"",""""";
"QCL,""Cultivos y productos de ganadería"",""032"",""Argentina"",""5510"",""Producción"",""01216"",""Alcachofas"",""2016"",""2016"",""toneladas"",""39478.25"",""I"",""Valor imputado por una agencia receptora"",""""";
"QCL,""Cultivos y productos de ganadería"",""032"",""Argentina"",""5312"",""Área cosechada"",""01216"",""Alcachofas"",""2017"",""2017"",""ha"",""1901"",""I"",""Valor imputado por una agencia receptora"",""""";
"QCL,""Cultivos y productos de ganadería"",""032"",""Argentina"",""5412"",""Rendimiento"",""01216"",""Alcachofas"",""2017"",""2017"",""kg/ha"",""19843"",""E"",""Valor estimado"",""""";
"QCL,""Cultivos y productos de ganadería"",""032"",""Argentina"",""5510"",""Producción"",""01216"",""Alcachofas"",""2017"",""2017"",""toneladas"",""37720.1"",""I"",""Valor imputado por una agencia receptora"",""""";
"QCL,""Cultivos y productos de ganadería"",""032"",""Argentina"",""5312"",""Área cosechada"",""01216"",""Alcachofas"",""2018"",""2018"",""ha"",""1823"",""I"",""Valor imputado por una agencia receptora"",""""";
"QCL,""Cultivos y productos de ganadería"",""032"",""Argentina"",""5412"",""Rendimiento"",""01216"",""Alcachofas"",""2018"",""2018"",""kg/ha"",""19868.3"",""E"",""Valor estimado"",""""";
"QCL,""Cultivos y productos de ganadería"",""032"",""Argentina"",""5510"",""Producción"",""01216"",""Alcachofas"",""2018"",""2018"",""toneladas"",""36223.82"",""I"",""Valor imputado por una agencia receptora"",""""";
"QCL,""Cultivos y productos de ganadería"",""032"",""Argentina"",""5312"",""Área cosechada"",""01216"",""Alcachofas"",""2019"",""2019"",""ha"",""1750"",""X"",""Valor de fuente externa"",""Cifras no oficiales""";
"QCL,""Cultivos y productos de ganadería"",""032"",""Argentina"",""5412"",""Rendimiento"",""01216"",""Alcachofas"",""2019"",""2019"",""kg/ha"",""20000"",""E"",""Valor estimado"",""""";
"QCL,""Cultivos y productos de ganadería"",""032"",""Argentina"",""5510"",""Producción"",""01216"",""Alcachofas"",""2019"",""2019"",""toneladas"",""35000"",""E"",""Valor estimado"",""""";
"QCL,""Cultivos y productos de ganadería"",""032"",""Argentina"",""5312"",""Área cosechada"",""01216"",""Alcachofas"",""2020"",""2020"",""ha"",""1800"",""E"",""Valor estimado"",""""";
"QCL,""Cultivos y productos de ganadería"",""032"",""Argentina"",""5412"",""Rendimiento"",""01216"",""Alcachofas"",""2020"",""2020"",""kg/ha"",""19722.2"",""E"",""Valor estimado"",""""";
"QCL,""Cultivos y productos de ganadería"",""032"",""Argentina"",""5510"",""Producción"",""01216"",""Alcachofas"",""2020"",""2020"",""toneladas"",""35500"",""E"",""Valor estimado"",""""";
"QCL,""Cultivos y productos de ganadería"",""032"",""Argentina"",""5312"",""Área cosechada"",""01216"",""Alcachofas"",""2021"",""2021"",""ha"",""1795"",""I"",""Valor imputado por una agencia receptora"",""""";
"QCL,""Cultivos y productos de ganadería"",""032"",""Argentina"",""5412"",""Rendimiento"",""01216"",""Alcachofas"",""2021"",""2021"",""kg/ha"",""19763.3"",""E"",""Valor estimado"",""""";
"QCL,""Cultivos y productos de ganadería"",""032"",""Argentina"",""5510"",""Producción"",""01216"",""Alcachofas"",""2021"",""2021"",""toneladas"",""35480.16"",""I"",""Valor imputado por una agencia receptora"",""""";
"QCL,""Cultivos y productos de ganadería"",""032"",""Argentina"",""5312"",""Área cosechada"",""01216"",""Alcachofas"",""2022"",""2022"",""ha"",""1567"",""I"",""Valor imputado por una agencia receptora"",""""";
"QCL,""Cultivos y productos de ganadería"",""032"",""Argentina"",""5412"",""Rendimiento"",""01216"",""Alcachofas"",""2022"",""2022"",""kg/ha"",""19855.2"",""E"",""Valor estimado"",""""";
"QCL,""Cultivos y productos de ganadería"",""032"",""Argentina"",""5510"",""Producción"",""01216"",""Alcachofas"",""2022"",""2022"",""toneladas"",""31117.06"",""I"",""Valor imputado por una agencia receptora"",""""";
"QCL,""Cultivos y productos de ganadería"",""032"",""Argentina"",""5312"",""Área cosechada"",""01216"",""Alcachofas"",""2023"",""2023"",""ha"",""1493"",""I"",""Valor imputado por una agencia receptora"",""""";
"QCL,""Cultivos y productos de ganadería"",""032"",""Argentina"",""5412"",""Rendimiento"",""01216"",""Alcachofas"",""2023"",""2023"",""kg/ha"",""19864.8"",""E"",""Valor estimado"",""""";
"QCL,""Cultivos y productos de ganadería"",""032"",""Argentina"",""5510"",""Producción"",""01216"",""Alcachofas"",""2023"",""2023"",""toneladas"",""29654.82"",""I"",""Valor imputado por una agencia receptora"",""""";
"QCL,""Cultivos y productos de ganadería"",""032"",""Argentina"",""5312"",""Área cosechada"",""01216"",""Alcachofas"",""2024"",""2024"",""ha"",""1419"",""I"",""Valor imputado por una agencia receptora"",""""";
"QCL,""Cultivos y productos de ganadería"",""032"",""Argentina"",""5412"",""Rendimiento"",""01216"",""Alcachofas"",""2024"",""2024"",""kg/ha"",""19874.9"",""E"",""Valor estimado"",""""";
"QCL,""Cultivos y productos de ganadería"",""032"",""Argentina"",""5510"",""Producción"",""01216"",""Alcachofas"",""2024"",""2024"",""toneladas"",""28194.8"",""I"",""Valor imputado por una agencia receptora"",""""";
"QCL,""Cultivos y productos de ganadería"",""032"",""Argentina"",""5312"",""Área cosechada"",""01921.01"",""Algodón con semilla, sin desmotar"",""2010"",""2010"",""ha"",""440872"",""A"",""Valor oficial"",""""";
"QCL,""Cultivos y productos de ganadería"",""032"",""Argentina"",""5412"",""Rendimiento"",""01921.01"",""Algodón con semilla, sin desmotar"",""2010"",""2010"",""kg/ha"",""1709.1"",""A"",""Valor oficial"",""""";
"QCL,""Cultivos y productos de ganadería"",""032"",""Argentina"",""5510"",""Producción"",""01921.01"",""Algodón con semilla, sin desmotar"",""2010"",""2010"",""toneladas"",""753502"",""A"",""Valor oficial"",""""";
"QCL,""Cultivos y productos de ganadería"",""032"",""Argentina"",""5312"",""Área cosechada"",""01921.01"",""Algodón con semilla, sin desmotar"",""2011"",""2011"",""ha"",""623399"",""A"",""Valor oficial"",""""";
"QCL,""Cultivos y productos de ganadería"",""032"",""Argentina"",""5412"",""Rendimiento"",""01921.01"",""Algodón con semilla, sin desmotar"",""2011"",""2011"",""kg/ha"",""1656.3"",""A"",""Valor oficial"",""""";
"QCL,""Cultivos y productos de ganadería"",""032"",""Argentina"",""5510"",""Producción"",""01921.01"",""Algodón con semilla, sin desmotar"",""2011"",""2011"",""toneladas"",""1032542"",""A"",""Valor oficial"",""""";
"QCL,""Cultivos y productos de ganadería"",""032"",""Argentina"",""5312"",""Área cosechada"",""01921.01"",""Algodón con semilla, sin desmotar"",""2012"",""2012"",""ha"",""528221"",""A"",""Valor oficial"",""""";
"QCL,""Cultivos y productos de ganadería"",""032"",""Argentina"",""5412"",""Rendimiento"",""01921.01"",""Algodón con semilla, sin desmotar"",""2012"",""2012"",""kg/ha"",""1341.6"",""A"",""Valor oficial"",""""";
"QCL,""Cultivos y productos de ganadería"",""032"",""Argentina"",""5510"",""Producción"",""01921.01"",""Algodón con semilla, sin desmotar"",""2012"",""2012"",""toneladas"",""708650"",""A"",""Valor oficial"",""""";
"QCL,""Cultivos y productos de ganadería"",""032"",""Argentina"",""5312"",""Área cosechada"",""01921.01"",""Algodón con semilla, sin desmotar"",""2013"",""2013"",""ha"",""342755"",""A"",""Valor oficial"",""""";
"QCL,""Cultivos y productos de ganadería"",""032"",""Argentina"",""5412"",""Rendimiento"",""01921.01"",""Algodón con semilla, sin desmotar"",""2013"",""2013"",""kg/ha"",""1517.2"",""A"",""Valor oficial"",""""";
"QCL,""Cultivos y productos de ganadería"",""032"",""Argentina"",""5510"",""Producción"",""01921.01"",""Algodón con semilla, sin desmotar"",""2013"",""2013"",""toneladas"",""520028"",""A"",""Valor oficial"",""""";
"QCL,""Cultivos y productos de ganadería"",""032"",""Argentina"",""5312"",""Área cosechada"",""01921.01"",""Algodón con semilla, sin desmotar"",""2014"",""2014"",""ha"",""512821"",""A"",""Valor oficial"",""""";
"QCL,""Cultivos y productos de ganadería"",""032"",""Argentina"",""5412"",""Rendimiento"",""01921.01"",""Algodón con semilla, sin desmotar"",""2014"",""2014"",""kg/ha"",""1988.3"",""A"",""Valor oficial"",""""";
"QCL,""Cultivos y productos de ganadería"",""032"",""Argentina"",""5510"",""Producción"",""01921.01"",""Algodón con semilla, sin desmotar"",""2014"",""2014"",""toneladas"",""1019653"",""A"",""Valor oficial"",""""";
"QCL,""Cultivos y productos de ganadería"",""032"",""Argentina"",""5312"",""Área cosechada"",""01921.01"",""Algodón con semilla, sin desmotar"",""2015"",""2015"",""ha"",""455745"",""A"",""Valor oficial"",""""";
"QCL,""Cultivos y productos de ganadería"",""032"",""Argentina"",""5412"",""Rendimiento"",""01921.01"",""Algodón con semilla, sin desmotar"",""2015"",""2015"",""kg/ha"",""1745.2"",""A"",""Valor oficial"",""""";
"QCL,""Cultivos y productos de ganadería"",""032"",""Argentina"",""5510"",""Producción"",""01921.01"",""Algodón con semilla, sin desmotar"",""2015"",""2015"",""toneladas"",""795345"",""A"",""Valor oficial"",""""";
"QCL,""Cultivos y productos de ganadería"",""032"",""Argentina"",""5312"",""Área cosechada"",""01921.01"",""Algodón con semilla, sin desmotar"",""2016"",""2016"",""ha"",""376780"",""A"",""Valor oficial"",""""";
"QCL,""Cultivos y productos de ganadería"",""032"",""Argentina"",""5412"",""Rendimiento"",""01921.01"",""Algodón con semilla, sin desmotar"",""2016"",""2016"",""kg/ha"",""1786.6"",""A"",""Valor oficial"",""""";
"QCL,""Cultivos y productos de ganadería"",""032"",""Argentina"",""5510"",""Producción"",""01921.01"",""Algodón con semilla, sin desmotar"",""2016"",""2016"",""toneladas"",""673145"",""A"",""Valor oficial"",""""";
"QCL,""Cultivos y productos de ganadería"",""032"",""Argentina"",""5312"",""Área cosechada"",""01921.01"",""Algodón con semilla, sin desmotar"",""2017"",""2017"",""ha"",""253310"",""A"",""Valor oficial"",""""";
"QCL,""Cultivos y productos de ganadería"",""032"",""Argentina"",""5412"",""Rendimiento"",""01921.01"",""Algodón con semilla, sin desmotar"",""2017"",""2017"",""kg/ha"",""2432.4"",""A"",""Valor oficial"",""""";
"QCL,""Cultivos y productos de ganadería"",""032"",""Argentina"",""5510"",""Producción"",""01921.01"",""Algodón con semilla, sin desmotar"",""2017"",""2017"",""toneladas"",""616160"",""A"",""Valor oficial"",""""";
"QCL,""Cultivos y productos de ganadería"",""032"",""Argentina"",""5312"",""Área cosechada"",""01921.01"",""Algodón con semilla, sin desmotar"",""2018"",""2018"",""ha"",""319285"",""A"",""Valor oficial"",""""";
"QCL,""Cultivos y productos de ganadería"",""032"",""Argentina"",""5412"",""Rendimiento"",""01921.01"",""Algodón con semilla, sin desmotar"",""2018"",""2018"",""kg/ha"",""2548.5"",""A"",""Valor oficial"",""""";
"QCL,""Cultivos y productos de ganadería"",""032"",""Argentina"",""5510"",""Producción"",""01921.01"",""Algodón con semilla, sin desmotar"",""2018"",""2018"",""toneladas"",""813692"",""A"",""Valor oficial"",""""";
"QCL,""Cultivos y productos de ganadería"",""032"",""Argentina"",""5312"",""Área cosechada"",""01921.01"",""Algodón con semilla, sin desmotar"",""2019"",""2019"",""ha"",""332896"",""A"",""Valor oficial"",""""";
"QCL,""Cultivos y productos de ganadería"",""032"",""Argentina"",""5412"",""Rendimiento"",""01921.01"",""Algodón con semilla, sin desmotar"",""2019"",""2019"",""kg/ha"",""2621.6"",""A"",""Valor oficial"",""""";
"QCL,""Cultivos y productos de ganadería"",""032"",""Argentina"",""5510"",""Producción"",""01921.01"",""Algodón con semilla, sin desmotar"",""2019"",""2019"",""toneladas"",""872721"",""A"",""Valor oficial"",""""";
"QCL,""Cultivos y productos de ganadería"",""032"",""Argentina"",""5312"",""Área cosechada"",""01921.01"",""Algodón con semilla, sin desmotar"",""2020"",""2020"",""ha"",""413550"",""A"",""Valor oficial"",""""";
"QCL,""Cultivos y productos de ganadería"",""032"",""Argentina"",""5412"",""Rendimiento"",""01921.01"",""Algodón con semilla, sin desmotar"",""2020"",""2020"",""kg/ha"",""2529.4"",""A"",""Valor oficial"",""""";
"QCL,""Cultivos y productos de ganadería"",""032"",""Argentina"",""5510"",""Producción"",""01921.01"",""Algodón con semilla, sin desmotar"",""2020"",""2020"",""toneladas"",""1046043"",""A"",""Valor oficial"",""""";
"QCL,""Cultivos y productos de ganadería"",""032"",""Argentina"",""5312"",""Área cosechada"",""01921.01"",""Algodón con semilla, sin desmotar"",""2021"",""2021"",""ha"",""406324"",""A"",""Valor oficial"",""""";
"QCL,""Cultivos y productos de ganadería"",""032"",""Argentina"",""5412"",""Rendimiento"",""01921.01"",""Algodón con semilla, sin desmotar"",""2021"",""2021"",""kg/ha"",""2560.4"",""A"",""Valor oficial"",""""";
"QCL,""Cultivos y productos de ganadería"",""032"",""Argentina"",""5510"",""Producción"",""01921.01"",""Algodón con semilla, sin desmotar"",""2021"",""2021"",""toneladas"",""1040334"",""A"",""Valor oficial"",""""";
"QCL,""Cultivos y productos de ganadería"",""032"",""Argentina"",""5312"",""Área cosechada"",""01921.01"",""Algodón con semilla, sin desmotar"",""2022"",""2022"",""ha"",""480057"",""A"",""Valor oficial"",""""";
"QCL,""Cultivos y productos de ganadería"",""032"",""Argentina"",""5412"",""Rendimiento"",""01921.01"",""Algodón con semilla, sin desmotar"",""2022"",""2022"",""kg/ha"",""2323.7"",""A"",""Valor oficial"",""""";
"QCL,""Cultivos y productos de ganadería"",""032"",""Argentina"",""5510"",""Producción"",""01921.01"",""Algodón con semilla, sin desmotar"",""2022"",""2022"",""toneladas"",""1115510"",""A"",""Valor oficial"",""""";
"QCL,""Cultivos y productos de ganadería"",""032"",""Argentina"",""5312"",""Área cosechada"",""01921.01"",""Algodón con semilla, sin desmotar"",""2023"",""2023"",""ha"",""511783"",""A"",""Valor oficial"",""""";
"QCL,""Cultivos y productos de ganadería"",""032"",""Argentina"",""5412"",""Rendimiento"",""01921.01"",""Algodón con semilla, sin desmotar"",""2023"",""2023"",""kg/ha"",""1751.6"",""A"",""Valor oficial"",""""";
"QCL,""Cultivos y productos de ganadería"",""032"",""Argentina"",""5510"",""Producción"",""01921.01"",""Algodón con semilla, sin desmotar"",""2023"",""2023"",""toneladas"",""896464"",""A"",""Valor oficial"",""""";
"QCL,""Cultivos y productos de ganadería"",""032"",""Argentina"",""5312"",""Área cosechada"",""01921.01"",""Algodón con semilla, sin desmotar"",""2024"",""2024"",""ha"",""622327"",""A"",""Valor oficial"",""""";
"QCL,""Cultivos y productos de ganadería"",""032"",""Argentina"",""5412"",""Rendimiento"",""01921.01"",""Algodón con semilla, sin desmotar"",""2024"",""2024"",""kg/ha"",""2039.8"",""A"",""Valor oficial"",""""";
"QCL,""Cultivos y productos de ganadería"",""032"",""Argentina"",""5510"",""Producción"",""01921.01"",""Algodón con semilla, sin desmotar"",""2024"",""2024"",""toneladas"",""1269399"",""A"",""Valor oficial"",""""";
"QCL,""Cultivos y productos de ganadería"",""032"",""Argentina"",""5312"",""Área cosechada"",""01371"",""Almendras con cáscara"",""2010"",""2010"",""ha"",""300"",""E"",""Valor estimado"",""""";
"QCL,""Cultivos y productos de ganadería"",""032"",""Argentina"",""5412"",""Rendimiento"",""01371"",""Almendras con cáscara"",""2010"",""2010"",""kg/ha"",""2066.7"",""E"",""Valor estimado"",""""";
"QCL,""Cultivos y productos de ganadería"",""032"",""Argentina"",""5510"",""Producción"",""01371"",""Almendras con cáscara"",""2010"",""2010"",""toneladas"",""620"",""E"",""Valor estimado"",""""";
"QCL,""Cultivos y productos de ganadería"",""032"",""Argentina"",""5312"",""Área cosechada"",""01371"",""Almendras con cáscara"",""2011"",""2011"",""ha"",""300"",""E"",""Valor estimado"",""""";
"QCL,""Cultivos y productos de ganadería"",""032"",""Argentina"",""5412"",""Rendimiento"",""01371"",""Almendras con cáscara"",""2011"",""2011"",""kg/ha"",""2066.7"",""E"",""Valor estimado"",""""";
"QCL,""Cultivos y productos de ganadería"",""032"",""Argentina"",""5510"",""Producción"",""01371"",""Almendras con cáscara"",""2011"",""2011"",""toneladas"",""620"",""E"",""Valor estimado"",""""";
"QCL,""Cultivos y productos de ganadería"",""032"",""Argentina"",""5312"",""Área cosechada"",""01371"",""Almendras con cáscara"",""2012"",""2012"",""ha"",""400"",""E"",""Valor estimado"",""""";
"QCL,""Cultivos y productos de ganadería"",""032"",""Argentina"",""5412"",""Rendimiento"",""01371"",""Almendras con cáscara"",""2012"",""2012"",""kg/ha"",""1625"",""E"",""Valor estimado"",""""";
"QCL,""Cultivos y productos de ganadería"",""032"",""Argentina"",""5510"",""Producción"",""01371"",""Almendras con cáscara"",""2012"",""2012"",""toneladas"",""650"",""E"",""Valor estimado"",""""";
"QCL,""Cultivos y productos de ganadería"",""032"",""Argentina"",""5312"",""Área cosechada"",""01371"",""Almendras con cáscara"",""2013"",""2013"",""ha"",""384"",""I"",""Valor imputado por una agencia receptora"",""""";
"QCL,""Cultivos y productos de ganadería"",""032"",""Argentina"",""5412"",""Rendimiento"",""01371"",""Almendras con cáscara"",""2013"",""2013"",""kg/ha"",""1741.2"",""E"",""Valor estimado"",""""";
"QCL,""Cultivos y productos de ganadería"",""032"",""Argentina"",""5510"",""Producción"",""01371"",""Almendras con cáscara"",""2013"",""2013"",""toneladas"",""669.03"",""I"",""Valor imputado por una agencia receptora"",""""";
"QCL,""Cultivos y productos de ganadería"",""032"",""Argentina"",""5312"",""Área cosechada"",""01371"",""Almendras con cáscara"",""2014"",""2014"",""ha"",""372"",""I"",""Valor imputado por una agencia receptora"",""""";
"QCL,""Cultivos y productos de ganadería"",""032"",""Argentina"",""5412"",""Rendimiento"",""01371"",""Almendras con cáscara"",""2014"",""2014"",""kg/ha"",""1854.6"",""E"",""Valor estimado"",""""";
"QCL,""Cultivos y productos de ganadería"",""032"",""Argentina"",""5510"",""Producción"",""01371"",""Almendras con cáscara"",""2014"",""2014"",""toneladas"",""689.19"",""I"",""Valor imputado por una agencia receptora"",""""";
"QCL,""Cultivos y productos de ganadería"",""032"",""Argentina"",""5312"",""Área cosechada"",""01371"",""Almendras con cáscara"",""2015"",""2015"",""ha"",""382"",""I"",""Valor imputado por una agencia receptora"",""""";
"QCL,""Cultivos y productos de ganadería"",""032"",""Argentina"",""5412"",""Rendimiento"",""01371"",""Almendras con cáscara"",""2015"",""2015"",""kg/ha"",""1873.5"",""E"",""Valor estimado"",""""";
"QCL,""Cultivos y productos de ganadería"",""032"",""Argentina"",""5510"",""Producción"",""01371"",""Almendras con cáscara"",""2015"",""2015"",""toneladas"",""714.86"",""I"",""Valor imputado por una agencia receptora"",""""";
"QCL,""Cultivos y productos de ganadería"",""032"",""Argentina"",""5312"",""Área cosechada"",""01371"",""Almendras con cáscara"",""2016"",""2016"",""ha"",""396"",""I"",""Valor imputado por una agencia receptora"",""""";
"QCL,""Cultivos y productos de ganadería"",""032"",""Argentina"",""5412"",""Rendimiento"",""01371"",""Almendras con cáscara"",""2016"",""2016"",""kg/ha"",""1742.9"",""E"",""Valor estimado"",""""";
"QCL,""Cultivos y productos de ganadería"",""032"",""Argentina"",""5510"",""Producción"",""01371"",""Almendras con cáscara"",""2016"",""2016"",""toneladas"",""691.02"",""E"",""Valor estimado"",""""";
"QCL,""Cultivos y productos de ganadería"",""032"",""Argentina"",""5312"",""Área cosechada"",""01371"",""Almendras con cáscara"",""2017"",""2017"",""ha"",""389"",""I"",""Valor imputado por una agencia receptora"",""""";
"QCL,""Cultivos y productos de ganadería"",""032"",""Argentina"",""5412"",""Rendimiento"",""01371"",""Almendras con cáscara"",""2017"",""2017"",""kg/ha"",""1769.1"",""E"",""Valor estimado"",""""";
"QCL,""Cultivos y productos de ganadería"",""032"",""Argentina"",""5510"",""Producción"",""01371"",""Almendras con cáscara"",""2017"",""2017"",""toneladas"",""688.42"",""I"",""Valor imputado por una agencia receptora"",""""";
"QCL,""Cultivos y productos de ganadería"",""032"",""Argentina"",""5312"",""Área cosechada"",""01371"",""Almendras con cáscara"",""2018"",""2018"",""ha"",""378"",""I"",""Valor imputado por una agencia receptora"",""""";
"QCL,""Cultivos y productos de ganadería"",""032"",""Argentina"",""5412"",""Rendimiento"",""01371"",""Almendras con cáscara"",""2018"",""2018"",""kg/ha"",""1808.2"",""E"",""Valor estimado"",""""";
"QCL,""Cultivos y productos de ganadería"",""032"",""Argentina"",""5510"",""Producción"",""01371"",""Almendras con cáscara"",""2018"",""2018"",""toneladas"",""683.72"",""I"",""Valor imputado por una agencia receptora"",""""";
"QCL,""Cultivos y productos de ganadería"",""032"",""Argentina"",""5312"",""Área cosechada"",""01371"",""Almendras con cáscara"",""2019"",""2019"",""ha"",""375"",""I"",""Valor imputado por una agencia receptora"",""""";
"QCL,""Cultivos y productos de ganadería"",""032"",""Argentina"",""5412"",""Rendimiento"",""01371"",""Almendras con cáscara"",""2019"",""2019"",""kg/ha"",""1814"",""E"",""Valor estimado"",""""";
"QCL,""Cultivos y productos de ganadería"",""032"",""Argentina"",""5510"",""Producción"",""01371"",""Almendras con cáscara"",""2019"",""2019"",""toneladas"",""680.62"",""I"",""Valor imputado por una agencia receptora"",""""";
"QCL,""Cultivos y productos de ganadería"",""032"",""Argentina"",""5312"",""Área cosechada"",""01371"",""Almendras con cáscara"",""2020"",""2020"",""ha"",""374"",""I"",""Valor imputado por una agencia receptora"",""""";
"QCL,""Cultivos y productos de ganadería"",""032"",""Argentina"",""5412"",""Rendimiento"",""01371"",""Almendras con cáscara"",""2020"",""2020"",""kg/ha"",""1813.8"",""E"",""Valor estimado"",""""";
"QCL,""Cultivos y productos de ganadería"",""032"",""Argentina"",""5510"",""Producción"",""01371"",""Almendras con cáscara"",""2020"",""2020"",""toneladas"",""679.27"",""I"",""Valor imputado por una agencia receptora"",""""";
"QCL,""Cultivos y productos de ganadería"",""032"",""Argentina"",""5312"",""Área cosechada"",""01371"",""Almendras con cáscara"",""2021"",""2021"",""ha"",""383"",""I"",""Valor imputado por una agencia receptora"",""""";
"QCL,""Cultivos y productos de ganadería"",""032"",""Argentina"",""5412"",""Rendimiento"",""01371"",""Almendras con cáscara"",""2021"",""2021"",""kg/ha"",""1803.1"",""E"",""Valor estimado"",""""";
"QCL,""Cultivos y productos de ganadería"",""032"",""Argentina"",""5510"",""Producción"",""01371"",""Almendras con cáscara"",""2021"",""2021"",""toneladas"",""689.86"",""I"",""Valor imputado por una agencia receptora"",""""";
"QCL,""Cultivos y productos de ganadería"",""032"",""Argentina"",""5312"",""Área cosechada"",""01371"",""Almendras con cáscara"",""2022"",""2022"",""ha"",""384"",""I"",""Valor imputado por una agencia receptora"",""""";
"QCL,""Cultivos y productos de ganadería"",""032"",""Argentina"",""5412"",""Rendimiento"",""01371"",""Almendras con cáscara"",""2022"",""2022"",""kg/ha"",""1795.7"",""E"",""Valor estimado"",""""";
"QCL,""Cultivos y productos de ganadería"",""032"",""Argentina"",""5510"",""Producción"",""01371"",""Almendras con cáscara"",""2022"",""2022"",""toneladas"",""689.59"",""I"",""Valor imputado por una agencia receptora"",""""";
"QCL,""Cultivos y productos de ganadería"",""032"",""Argentina"",""5312"",""Área cosechada"",""01371"",""Almendras con cáscara"",""2023"",""2023"",""ha"",""386"",""I"",""Valor imputado por una agencia receptora"",""""";
"QCL,""Cultivos y productos de ganadería"",""032"",""Argentina"",""5412"",""Rendimiento"",""01371"",""Almendras con cáscara"",""2023"",""2023"",""kg/ha"",""1789.1"",""E"",""Valor estimado"",""""";
"QCL,""Cultivos y productos de ganadería"",""032"",""Argentina"",""5510"",""Producción"",""01371"",""Almendras con cáscara"",""2023"",""2023"",""toneladas"",""691.22"",""I"",""Valor imputado por una agencia receptora"",""""";
"QCL,""Cultivos y productos de ganadería"",""032"",""Argentina"",""5312"",""Área cosechada"",""01371"",""Almendras con cáscara"",""2024"",""2024"",""ha"",""389"",""I"",""Valor imputado por una agencia receptora"",""""";
"QCL,""Cultivos y productos de ganadería"",""032"",""Argentina"",""5412"",""Rendimiento"",""01371"",""Almendras con cáscara"",""2024"",""2024"",""kg/ha"",""1782.6"",""E"",""Valor estimado"",""""";
"QCL,""Cultivos y productos de ganadería"",""032"",""Argentina"",""5510"",""Producción"",""01371"",""Almendras con cáscara"",""2024"",""2024"",""toneladas"",""692.94"",""I"",""Valor imputado por una agencia receptora"",""""";
"QCL,""Cultivos y productos de ganadería"",""032"",""Argentina"",""5312"",""Área cosechada"",""01195"",""Alpiste"",""2010"",""2010"",""ha"",""10480"",""A"",""Valor oficial"",""""";
"QCL,""Cultivos y productos de ganadería"",""032"",""Argentina"",""5412"",""Rendimiento"",""01195"",""Alpiste"",""2010"",""2010"",""kg/ha"",""931.8"",""A"",""Valor oficial"",""""";
"QCL,""Cultivos y productos de ganadería"",""032"",""Argentina"",""5510"",""Producción"",""01195"",""Alpiste"",""2010"",""2010"",""toneladas"",""9765"",""A"",""Valor oficial"",""""";
"QCL,""Cultivos y productos de ganadería"",""032"",""Argentina"",""5312"",""Área cosechada"",""01195"",""Alpiste"",""2011"",""2011"",""ha"",""16685"",""A"",""Valor oficial"",""""";
"QCL,""Cultivos y productos de ganadería"",""032"",""Argentina"",""5412"",""Rendimiento"",""01195"",""Alpiste"",""2011"",""2011"",""kg/ha"",""1643.5"",""A"",""Valor oficial"",""""";
"QCL,""Cultivos y productos de ganadería"",""032"",""Argentina"",""5510"",""Producción"",""01195"",""Alpiste"",""2011"",""2011"",""toneladas"",""27421"",""A"",""Valor oficial"",""""";
"QCL,""Cultivos y productos de ganadería"",""032"",""Argentina"",""5312"",""Área cosechada"",""01195"",""Alpiste"",""2012"",""2012"",""ha"",""14270"",""A"",""Valor oficial"",""""";
"QCL,""Cultivos y productos de ganadería"",""032"",""Argentina"",""5412"",""Rendimiento"",""01195"",""Alpiste"",""2012"",""2012"",""kg/ha"",""1631.4"",""A"",""Valor oficial"",""""";
"QCL,""Cultivos y productos de ganadería"",""032"",""Argentina"",""5510"",""Producción"",""01195"",""Alpiste"",""2012"",""2012"",""toneladas"",""23280"",""A"",""Valor oficial"",""""";
"QCL,""Cultivos y productos de ganadería"",""032"",""Argentina"",""5312"",""Área cosechada"",""01195"",""Alpiste"",""2013"",""2013"",""ha"",""13940"",""A"",""Valor oficial"",""""";
"QCL,""Cultivos y productos de ganadería"",""032"",""Argentina"",""5412"",""Rendimiento"",""01195"",""Alpiste"",""2013"",""2013"",""kg/ha"",""1305.9"",""A"",""Valor oficial"",""""";
"QCL,""Cultivos y productos de ganadería"",""032"",""Argentina"",""5510"",""Producción"",""01195"",""Alpiste"",""2013"",""2013"",""toneladas"",""18204"",""A"",""Valor oficial"",""""";
"QCL,""Cultivos y productos de ganadería"",""032"",""Argentina"",""5312"",""Área cosechada"",""01195"",""Alpiste"",""2014"",""2014"",""ha"",""28270"",""A"",""Valor oficial"",""""";
"QCL,""Cultivos y productos de ganadería"",""032"",""Argentina"",""5412"",""Rendimiento"",""01195"",""Alpiste"",""2014"",""2014"",""kg/ha"",""1873.7"",""A"",""Valor oficial"",""""";
"QCL,""Cultivos y productos de ganadería"",""032"",""Argentina"",""5510"",""Producción"",""01195"",""Alpiste"",""2014"",""2014"",""toneladas"",""52970"",""A"",""Valor oficial"",""""";
"QCL,""Cultivos y productos de ganadería"",""032"",""Argentina"",""5312"",""Área cosechada"",""01195"",""Alpiste"",""2015"",""2015"",""ha"",""26129"",""A"",""Valor oficial"",""""";
"QCL,""Cultivos y productos de ganadería"",""032"",""Argentina"",""5412"",""Rendimiento"",""01195"",""Alpiste"",""2015"",""2015"",""kg/ha"",""1211.6"",""A"",""Valor oficial"",""""";
"QCL,""Cultivos y productos de ganadería"",""032"",""Argentina"",""5510"",""Producción"",""01195"",""Alpiste"",""2015"",""2015"",""toneladas"",""31657"",""A"",""Valor oficial"",""""";
"QCL,""Cultivos y productos de ganadería"",""032"",""Argentina"",""5312"",""Área cosechada"",""01195"",""Alpiste"",""2016"",""2016"",""ha"",""19314"",""A"",""Valor oficial"",""""";
"QCL,""Cultivos y productos de ganadería"",""032"",""Argentina"",""5412"",""Rendimiento"",""01195"",""Alpiste"",""2016"",""2016"",""kg/ha"",""1526.3"",""A"",""Valor oficial"",""""";
"QCL,""Cultivos y productos de ganadería"",""032"",""Argentina"",""5510"",""Producción"",""01195"",""Alpiste"",""2016"",""2016"",""toneladas"",""29479"",""A"",""Valor oficial"",""""";
"QCL,""Cultivos y productos de ganadería"",""032"",""Argentina"",""5312"",""Área cosechada"",""01195"",""Alpiste"",""2017"",""2017"",""ha"",""31740"",""A"",""Valor oficial"",""""";
"QCL,""Cultivos y productos de ganadería"",""032"",""Argentina"",""5412"",""Rendimiento"",""01195"",""Alpiste"",""2017"",""2017"",""kg/ha"",""1397.4"",""A"",""Valor oficial"",""""";
"QCL,""Cultivos y productos de ganadería"",""032"",""Argentina"",""5510"",""Producción"",""01195"",""Alpiste"",""2017"",""2017"",""toneladas"",""44354"",""A"",""Valor oficial"",""""";
"QCL,""Cultivos y productos de ganadería"",""032"",""Argentina"",""5312"",""Área cosechada"",""01195"",""Alpiste"",""2018"",""2018"",""ha"",""14495"",""A"",""Valor oficial"",""""";
"QCL,""Cultivos y productos de ganadería"",""032"",""Argentina"",""5412"",""Rendimiento"",""01195"",""Alpiste"",""2018"",""2018"",""kg/ha"",""1536.9"",""A"",""Valor oficial"",""""";
"QCL,""Cultivos y productos de ganadería"",""032"",""Argentina"",""5510"",""Producción"",""01195"",""Alpiste"",""2018"",""2018"",""toneladas"",""22278"",""A"",""Valor oficial"",""""";
"QCL,""Cultivos y productos de ganadería"",""032"",""Argentina"",""5312"",""Área cosechada"",""01195"",""Alpiste"",""2019"",""2019"",""ha"",""26708"",""A"",""Valor oficial"",""""";
"QCL,""Cultivos y productos de ganadería"",""032"",""Argentina"",""5412"",""Rendimiento"",""01195"",""Alpiste"",""2019"",""2019"",""kg/ha"",""1540.3"",""A"",""Valor oficial"",""""";
"QCL,""Cultivos y productos de ganadería"",""032"",""Argentina"",""5510"",""Producción"",""01195"",""Alpiste"",""2019"",""2019"",""toneladas"",""41137"",""A"",""Valor oficial"",""""";
"QCL,""Cultivos y productos de ganadería"",""032"",""Argentina"",""5312"",""Área cosechada"",""01195"",""Alpiste"",""2020"",""2020"",""ha"",""14754"",""A"",""Valor oficial"",""""";
"QCL,""Cultivos y productos de ganadería"",""032"",""Argentina"",""5412"",""Rendimiento"",""01195"",""Alpiste"",""2020"",""2020"",""kg/ha"",""1392.4"",""A"",""Valor oficial"",""""";
"QCL,""Cultivos y productos de ganadería"",""032"",""Argentina"",""5510"",""Producción"",""01195"",""Alpiste"",""2020"",""2020"",""toneladas"",""20544"",""A"",""Valor oficial"",""""";
"QCL,""Cultivos y productos de ganadería"",""032"",""Argentina"",""5312"",""Área cosechada"",""01195"",""Alpiste"",""2021"",""2021"",""ha"",""30272"",""A"",""Valor oficial"",""""";
"QCL,""Cultivos y productos de ganadería"",""032"",""Argentina"",""5412"",""Rendimiento"",""01195"",""Alpiste"",""2021"",""2021"",""kg/ha"",""1464.3"",""A"",""Valor oficial"",""""";
"QCL,""Cultivos y productos de ganadería"",""032"",""Argentina"",""5510"",""Producción"",""01195"",""Alpiste"",""2021"",""2021"",""toneladas"",""44328"",""A"",""Valor oficial"",""""";
"QCL,""Cultivos y productos de ganadería"",""032"",""Argentina"",""5312"",""Área cosechada"",""01195"",""Alpiste"",""2022"",""2022"",""ha"",""27506"",""A"",""Valor oficial"",""""";
"QCL,""Cultivos y productos de ganadería"",""032"",""Argentina"",""5412"",""Rendimiento"",""01195"",""Alpiste"",""2022"",""2022"",""kg/ha"",""1312.9"",""A"",""Valor oficial"",""""";
"QCL,""Cultivos y productos de ganadería"",""032"",""Argentina"",""5510"",""Producción"",""01195"",""Alpiste"",""2022"",""2022"",""toneladas"",""36114"",""A"",""Valor oficial"",""""";
"QCL,""Cultivos y productos de ganadería"",""032"",""Argentina"",""5312"",""Área cosechada"",""01195"",""Alpiste"",""2023"",""2023"",""ha"",""37105"",""A"",""Valor oficial"",""""";
"QCL,""Cultivos y productos de ganadería"",""032"",""Argentina"",""5412"",""Rendimiento"",""01195"",""Alpiste"",""2023"",""2023"",""kg/ha"",""988.1"",""A"",""Valor oficial"",""""";
"QCL,""Cultivos y productos de ganadería"",""032"",""Argentina"",""5510"",""Producción"",""01195"",""Alpiste"",""2023"",""2023"",""toneladas"",""36665"",""A"",""Valor oficial"",""""";
"QCL,""Cultivos y productos de ganadería"",""032"",""Argentina"",""5312"",""Área cosechada"",""01195"",""Alpiste"",""2024"",""2024"",""ha"",""40732"",""A"",""Valor oficial"",""""";
"QCL,""Cultivos y productos de ganadería"",""032"",""Argentina"",""5412"",""Rendimiento"",""01195"",""Alpiste"",""2024"",""2024"",""kg/ha"",""1434.8"",""A"",""Valor oficial"",""""";
"QCL,""Cultivos y productos de ganadería"",""032"",""Argentina"",""5510"",""Producción"",""01195"",""Alpiste"",""2024"",""2024"",""toneladas"",""58441"",""A"",""Valor oficial"",""""";
"QCL,""Cultivos y productos de ganadería"",""032"",""Argentina"",""5312"",""Área cosechada"",""01709.02"",""Altramuz"",""2010"",""2010"",""ha"",""99"",""I"",""Valor imputado por una agencia receptora"",""""";
"QCL,""Cultivos y productos de ganadería"",""032"",""Argentina"",""5412"",""Rendimiento"",""01709.02"",""Altramuz"",""2010"",""2010"",""kg/ha"",""1535.3"",""E"",""Valor estimado"",""""";
"QCL,""Cultivos y productos de ganadería"",""032"",""Argentina"",""5510"",""Producción"",""01709.02"",""Altramuz"",""2010"",""2010"",""toneladas"",""152.5"",""I"",""Valor imputado por una agencia receptora"",""""";
"QCL,""Cultivos y productos de ganadería"",""032"",""Argentina"",""5312"",""Área cosechada"",""01709.02"",""Altramuz"",""2011"",""2011"",""ha"",""103"",""I"",""Valor imputado por una agencia receptora"",""""";
"QCL,""Cultivos y productos de ganadería"",""032"",""Argentina"",""5412"",""Rendimiento"",""01709.02"",""Altramuz"",""2011"",""2011"",""kg/ha"",""1512.6"",""E"",""Valor estimado"",""""";
"QCL,""Cultivos y productos de ganadería"",""032"",""Argentina"",""5510"",""Producción"",""01709.02"",""Altramuz"",""2011"",""2011"",""toneladas"",""155.24"",""I"",""Valor imputado por una agencia receptora"",""""";
"QCL,""Cultivos y productos de ganadería"",""032"",""Argentina"",""5312"",""Área cosechada"",""01709.02"",""Altramuz"",""2012"",""2012"",""ha"",""110"",""E"",""Valor estimado"",""""";
"QCL,""Cultivos y productos de ganadería"",""032"",""Argentina"",""5412"",""Rendimiento"",""01709.02"",""Altramuz"",""2012"",""2012"",""kg/ha"",""1454.5"",""E"",""Valor estimado"",""""";
"QCL,""Cultivos y productos de ganadería"",""032"",""Argentina"",""5510"",""Producción"",""01709.02"",""Altramuz"",""2012"",""2012"",""toneladas"",""160"",""E"",""Valor estimado"",""""";
"QCL,""Cultivos y productos de ganadería"",""032"",""Argentina"",""5312"",""Área cosechada"",""01709.02"",""Altramuz"",""2013"",""2013"",""ha"",""100"",""E"",""Valor estimado"",""""";
"QCL,""Cultivos y productos de ganadería"",""032"",""Argentina"",""5412"",""Rendimiento"",""01709.02"",""Altramuz"",""2013"",""2013"",""kg/ha"",""1540"",""E"",""Valor estimado"",""""";
"QCL,""Cultivos y productos de ganadería"",""032"",""Argentina"",""5510"",""Producción"",""01709.02"",""Altramuz"",""2013"",""2013"",""toneladas"",""154"",""E"",""Valor estimado"",""""";
"QCL,""Cultivos y productos de ganadería"",""032"",""Argentina"",""5312"",""Área cosechada"",""01709.02"",""Altramuz"",""2014"",""2014"",""ha"",""101"",""I"",""Valor imputado por una agencia receptora"",""""";
"QCL,""Cultivos y productos de ganadería"",""032"",""Argentina"",""5412"",""Rendimiento"",""01709.02"",""Altramuz"",""2014"",""2014"",""kg/ha"",""1557.1"",""E"",""Valor estimado"",""""";
"QCL,""Cultivos y productos de ganadería"",""032"",""Argentina"",""5510"",""Producción"",""01709.02"",""Altramuz"",""2014"",""2014"",""toneladas"",""157.74"",""I"",""Valor imputado por una agencia receptora"",""""";
"QCL,""Cultivos y productos de ganadería"",""032"",""Argentina"",""5312"",""Área cosechada"",""01709.02"",""Altramuz"",""2015"",""2015"",""ha"",""110"",""I"",""Valor imputado por una agencia receptora"",""""";
"QCL,""Cultivos y productos de ganadería"",""032"",""Argentina"",""5412"",""Rendimiento"",""01709.02"",""Altramuz"",""2015"",""2015"",""kg/ha"",""1505.3"",""E"",""Valor estimado"",""""";
"QCL,""Cultivos y productos de ganadería"",""032"",""Argentina"",""5510"",""Producción"",""01709.02"",""Altramuz"",""2015"",""2015"",""toneladas"",""165.67"",""I"",""Valor imputado por una agencia receptora"",""""";
"QCL,""Cultivos y productos de ganadería"",""032"",""Argentina"",""5312"",""Área cosechada"",""01709.02"",""Altramuz"",""2016"",""2016"",""ha"",""104"",""E"",""Valor estimado"",""""";
"QCL,""Cultivos y productos de ganadería"",""032"",""Argentina"",""5412"",""Rendimiento"",""01709.02"",""Altramuz"",""2016"",""2016"",""kg/ha"",""1533.3"",""E"",""Valor estimado"",""""";
"QCL,""Cultivos y productos de ganadería"",""032"",""Argentina"",""5510"",""Producción"",""01709.02"",""Altramuz"",""2016"",""2016"",""toneladas"",""159.14"",""E"",""Valor estimado"",""""";
"QCL,""Cultivos y productos de ganadería"",""032"",""Argentina"",""5312"",""Área cosechada"",""01709.02"",""Altramuz"",""2017"",""2017"",""ha"",""105"",""I"",""Valor imputado por una agencia receptora"",""""";
"QCL,""Cultivos y productos de ganadería"",""032"",""Argentina"",""5412"",""Rendimiento"",""01709.02"",""Altramuz"",""2017"",""2017"",""kg/ha"",""1537.1"",""E"",""Valor estimado"",""""";
"QCL,""Cultivos y productos de ganadería"",""032"",""Argentina"",""5510"",""Producción"",""01709.02"",""Altramuz"",""2017"",""2017"",""toneladas"",""162.14"",""I"",""Valor imputado por una agencia receptora"",""""";
"QCL,""Cultivos y productos de ganadería"",""032"",""Argentina"",""5312"",""Área cosechada"",""01709.02"",""Altramuz"",""2018"",""2018"",""ha"",""108"",""I"",""Valor imputado por una agencia receptora"",""""";
"QCL,""Cultivos y productos de ganadería"",""032"",""Argentina"",""5412"",""Rendimiento"",""01709.02"",""Altramuz"",""2018"",""2018"",""kg/ha"",""1525.3"",""E"",""Valor estimado"",""""";
"QCL,""Cultivos y productos de ganadería"",""032"",""Argentina"",""5510"",""Producción"",""01709.02"",""Altramuz"",""2018"",""2018"",""toneladas"",""165.23"",""I"",""Valor imputado por una agencia receptora"",""""";
"QCL,""Cultivos y productos de ganadería"",""032"",""Argentina"",""5312"",""Área cosechada"",""01709.02"",""Altramuz"",""2019"",""2019"",""ha"",""111"",""I"",""Valor imputado por una agencia receptora"",""""";
"QCL,""Cultivos y productos de ganadería"",""032"",""Argentina"",""5412"",""Rendimiento"",""01709.02"",""Altramuz"",""2019"",""2019"",""kg/ha"",""1512.8"",""E"",""Valor estimado"",""""";
"QCL,""Cultivos y productos de ganadería"",""032"",""Argentina"",""5510"",""Producción"",""01709.02"",""Altramuz"",""2019"",""2019"",""toneladas"",""168.04"",""I"",""Valor imputado por una agencia receptora"",""""";
"QCL,""Cultivos y productos de ganadería"",""032"",""Argentina"",""5312"",""Área cosechada"",""01709.02"",""Altramuz"",""2020"",""2020"",""ha"",""113"",""I"",""Valor imputado por una agencia receptora"",""""";
"QCL,""Cultivos y productos de ganadería"",""032"",""Argentina"",""5412"",""Rendimiento"",""01709.02"",""Altramuz"",""2020"",""2020"",""kg/ha"",""1507.6"",""E"",""Valor estimado"",""""";
"QCL,""Cultivos y productos de ganadería"",""032"",""Argentina"",""5510"",""Producción"",""01709.02"",""Altramuz"",""2020"",""2020"",""toneladas"",""170.14"",""I"",""Valor imputado por una agencia receptora"",""""";
"QCL,""Cultivos y productos de ganadería"",""032"",""Argentina"",""5312"",""Área cosechada"",""01709.02"",""Altramuz"",""2021"",""2021"",""ha"",""111"",""E"",""Valor estimado"",""""";
"QCL,""Cultivos y productos de ganadería"",""032"",""Argentina"",""5412"",""Rendimiento"",""01709.02"",""Altramuz"",""2021"",""2021"",""kg/ha"",""1548.5"",""E"",""Valor estimado"",""""";
"QCL,""Cultivos y productos de ganadería"",""032"",""Argentina"",""5510"",""Producción"",""01709.02"",""Altramuz"",""2021"",""2021"",""toneladas"",""171.51"",""I"",""Valor imputado por una agencia receptora"",""""";
"QCL,""Cultivos y productos de ganadería"",""032"",""Argentina"",""5312"",""Área cosechada"",""01709.02"",""Altramuz"",""2022"",""2022"",""ha"",""113"",""I"",""Valor imputado por una agencia receptora"",""""";
"QCL,""Cultivos y productos de ganadería"",""032"",""Argentina"",""5412"",""Rendimiento"",""01709.02"",""Altramuz"",""2022"",""2022"",""kg/ha"",""1518.4"",""E"",""Valor estimado"",""""";
"QCL,""Cultivos y productos de ganadería"",""032"",""Argentina"",""5510"",""Producción"",""01709.02"",""Altramuz"",""2022"",""2022"",""toneladas"",""170.98"",""I"",""Valor imputado por una agencia receptora"",""""";
"QCL,""Cultivos y productos de ganadería"",""032"",""Argentina"",""5312"",""Área cosechada"",""01709.02"",""Altramuz"",""2023"",""2023"",""ha"",""112"",""E"",""Valor estimado"",""""";
"QCL,""Cultivos y productos de ganadería"",""032"",""Argentina"",""5412"",""Rendimiento"",""01709.02"",""Altramuz"",""2023"",""2023"",""kg/ha"",""1536.7"",""E"",""Valor estimado"",""""";
"QCL,""Cultivos y productos de ganadería"",""032"",""Argentina"",""5510"",""Producción"",""01709.02"",""Altramuz"",""2023"",""2023"",""toneladas"",""172.23"",""I"",""Valor imputado por una agencia receptora"",""""";
"QCL,""Cultivos y productos de ganadería"",""032"",""Argentina"",""5312"",""Área cosechada"",""01709.02"",""Altramuz"",""2024"",""2024"",""ha"",""112"",""E"",""Valor estimado"",""""";
"QCL,""Cultivos y productos de ganadería"",""032"",""Argentina"",""5412"",""Rendimiento"",""01709.02"",""Altramuz"",""2024"",""2024"",""kg/ha"",""1534.5"",""E"",""Valor estimado"",""""";
"QCL,""Cultivos y productos de ganadería"",""032"",""Argentina"",""5510"",""Producción"",""01709.02"",""Altramuz"",""2024"",""2024"",""toneladas"",""171.57"",""E"",""Valor estimado"",""""";
"QCL,""Cultivos y productos de ganadería"",""032"",""Argentina"",""5312"",""Área cosechada"",""01654"",""Anís, badiana, cilantro, comino, alcaravea, hinojo y bayas de enebro, en bruto"",""2010"",""2010"",""ha"",""3339"",""I"",""Valor imputado por una agencia receptora"",""""";
"QCL,""Cultivos y productos de ganadería"",""032"",""Argentina"",""5412"",""Rendimiento"",""01654"",""Anís, badiana, cilantro, comino, alcaravea, hinojo y bayas de enebro, en bruto"",""2010"",""2010"",""kg/ha"",""820.9"",""E"",""Valor estimado"",""""";
"QCL,""Cultivos y productos de ganadería"",""032"",""Argentina"",""5510"",""Producción"",""01654"",""Anís, badiana, cilantro, comino, alcaravea, hinojo y bayas de enebro, en bruto"",""2010"",""2010"",""toneladas"",""2741.1"",""I"",""Valor imputado por una agencia receptora"",""""";
"QCL,""Cultivos y productos de ganadería"",""032"",""Argentina"",""5312"",""Área cosechada"",""01654"",""Anís, badiana, cilantro, comino, alcaravea, hinojo y bayas de enebro, en bruto"",""2011"",""2011"",""ha"",""3334"",""I"",""Valor imputado por una agencia receptora"",""""";
"QCL,""Cultivos y productos de ganadería"",""032"",""Argentina"",""5412"",""Rendimiento"",""01654"",""Anís, badiana, cilantro, comino, alcaravea, hinojo y bayas de enebro, en bruto"",""2011"",""2011"",""kg/ha"",""834.2"",""E"",""Valor estimado"",""""";
"QCL,""Cultivos y productos de ganadería"",""032"",""Argentina"",""5510"",""Producción"",""01654"",""Anís, badiana, cilantro, comino, alcaravea, hinojo y bayas de enebro, en bruto"",""2011"",""2011"",""toneladas"",""2781.45"",""I"",""Valor imputado por una agencia receptora"",""""";
"QCL,""Cultivos y productos de ganadería"",""032"",""Argentina"",""5312"",""Área cosechada"",""01654"",""Anís, badiana, cilantro, comino, alcaravea, hinojo y bayas de enebro, en bruto"",""2012"",""2012"",""ha"",""3200"",""E"",""Valor estimado"",""""";
"QCL,""Cultivos y productos de ganadería"",""032"",""Argentina"",""5412"",""Rendimiento"",""01654"",""Anís, badiana, cilantro, comino, alcaravea, hinojo y bayas de enebro, en bruto"",""2012"",""2012"",""kg/ha"",""906.3"",""E"",""Valor estimado"",""""";
"QCL,""Cultivos y productos de ganadería"",""032"",""Argentina"",""5510"",""Producción"",""01654"",""Anís, badiana, cilantro, comino, alcaravea, hinojo y bayas de enebro, en bruto"",""2012"",""2012"",""toneladas"",""2900"",""E"",""Valor estimado"",""""";
"QCL,""Cultivos y productos de ganadería"",""032"",""Argentina"",""5312"",""Área cosechada"",""01654"",""Anís, badiana, cilantro, comino, alcaravea, hinojo y bayas de enebro, en bruto"",""2013"",""2013"",""ha"",""3322"",""I"",""Valor imputado por una agencia receptora"",""""";
"QCL,""Cultivos y productos de ganadería"",""032"",""Argentina"",""5412"",""Rendimiento"",""01654"",""Anís, badiana, cilantro, comino, alcaravea, hinojo y bayas de enebro, en bruto"",""2013"",""2013"",""kg/ha"",""858.5"",""E"",""Valor estimado"",""""";
"QCL,""Cultivos y productos de ganadería"",""032"",""Argentina"",""5510"",""Producción"",""01654"",""Anís, badiana, cilantro, comino, alcaravea, hinojo y bayas de enebro, en bruto"",""2013"",""2013"",""toneladas"",""2852.35"",""I"",""Valor imputado por una agencia receptora"",""""";
"QCL,""Cultivos y productos de ganadería"",""032"",""Argentina"",""5312"",""Área cosechada"",""01654"",""Anís, badiana, cilantro, comino, alcaravea, hinojo y bayas de enebro, en bruto"",""2014"",""2014"",""ha"",""4341"",""I"",""Valor imputado por una agencia receptora"",""""";
"QCL,""Cultivos y productos de ganadería"",""032"",""Argentina"",""5412"",""Rendimiento"",""01654"",""Anís, badiana, cilantro, comino, alcaravea, hinojo y bayas de enebro, en bruto"",""2014"",""2014"",""kg/ha"",""847.6"",""E"",""Valor estimado"",""""";
"QCL,""Cultivos y productos de ganadería"",""032"",""Argentina"",""5510"",""Producción"",""01654"",""Anís, badiana, cilantro, comino, alcaravea, hinojo y bayas de enebro, en bruto"",""2014"",""2014"",""toneladas"",""3680"",""E"",""Valor estimado"",""""";
"QCL,""Cultivos y productos de ganadería"",""032"",""Argentina"",""5312"",""Área cosechada"",""01654"",""Anís, badiana, cilantro, comino, alcaravea, hinojo y bayas de enebro, en bruto"",""2015"",""2015"",""ha"",""8431"",""I"",""Valor imputado por una agencia receptora"",""""";
"QCL,""Cultivos y productos de ganadería"",""032"",""Argentina"",""5412"",""Rendimiento"",""01654"",""Anís, badiana, cilantro, comino, alcaravea, hinojo y bayas de enebro, en bruto"",""2015"",""2015"",""kg/ha"",""864.7"",""E"",""Valor estimado"",""""";
"QCL,""Cultivos y productos de ganadería"",""032"",""Argentina"",""5510"",""Producción"",""01654"",""Anís, badiana, cilantro, comino, alcaravea, hinojo y bayas de enebro, en bruto"",""2015"",""2015"",""toneladas"",""7290"",""E"",""Valor estimado"",""""";
"QCL,""Cultivos y productos de ganadería"",""032"",""Argentina"",""5312"",""Área cosechada"",""01654"",""Anís, badiana, cilantro, comino, alcaravea, hinojo y bayas de enebro, en bruto"",""2016"",""2016"",""ha"",""10021"",""I"",""Valor imputado por una agencia receptora"",""""";
"QCL,""Cultivos y productos de ganadería"",""032"",""Argentina"",""5412"",""Rendimiento"",""01654"",""Anís, badiana, cilantro, comino, alcaravea, hinojo y bayas de enebro, en bruto"",""2016"",""2016"",""kg/ha"",""868.2"",""E"",""Valor estimado"",""""";
"QCL,""Cultivos y productos de ganadería"",""032"",""Argentina"",""5510"",""Producción"",""01654"",""Anís, badiana, cilantro, comino, alcaravea, hinojo y bayas de enebro, en bruto"",""2016"",""2016"",""toneladas"",""8700"",""E"",""Valor estimado"",""""";
"QCL,""Cultivos y productos de ganadería"",""032"",""Argentina"",""5312"",""Área cosechada"",""01654"",""Anís, badiana, cilantro, comino, alcaravea, hinojo y bayas de enebro, en bruto"",""2017"",""2017"",""ha"",""8763"",""I"",""Valor imputado por una agencia receptora"",""""";
"QCL,""Cultivos y productos de ganadería"",""032"",""Argentina"",""5412"",""Rendimiento"",""01654"",""Anís, badiana, cilantro, comino, alcaravea, hinojo y bayas de enebro, en bruto"",""2017"",""2017"",""kg/ha"",""869.6"",""E"",""Valor estimado"",""""";
"QCL,""Cultivos y productos de ganadería"",""032"",""Argentina"",""5510"",""Producción"",""01654"",""Anís, badiana, cilantro, comino, alcaravea, hinojo y bayas de enebro, en bruto"",""2017"",""2017"",""toneladas"",""7620.33"",""I"",""Valor imputado por una agencia receptora"",""""";
"QCL,""Cultivos y productos de ganadería"",""032"",""Argentina"",""5312"",""Área cosechada"",""01654"",""Anís, badiana, cilantro, comino, alcaravea, hinojo y bayas de enebro, en bruto"",""2018"",""2018"",""ha"",""7491"",""I"",""Valor imputado por una agencia receptora"",""""";
"QCL,""Cultivos y productos de ganadería"",""032"",""Argentina"",""5412"",""Rendimiento"",""01654"",""Anís, badiana, cilantro, comino, alcaravea, hinojo y bayas de enebro, en bruto"",""2018"",""2018"",""kg/ha"",""873"",""E"",""Valor estimado"",""""";
"QCL,""Cultivos y productos de ganadería"",""032"",""Argentina"",""5510"",""Producción"",""01654"",""Anís, badiana, cilantro, comino, alcaravea, hinojo y bayas de enebro, en bruto"",""2018"",""2018"",""toneladas"",""6540"",""E"",""Valor estimado"",""""";
"QCL,""Cultivos y productos de ganadería"",""032"",""Argentina"",""5312"",""Área cosechada"",""01654"",""Anís, badiana, cilantro, comino, alcaravea, hinojo y bayas de enebro, en bruto"",""2019"",""2019"",""ha"",""8758"",""E"",""Valor estimado"",""""";
"QCL,""Cultivos y productos de ganadería"",""032"",""Argentina"",""5412"",""Rendimiento"",""01654"",""Anís, badiana, cilantro, comino, alcaravea, hinojo y bayas de enebro, en bruto"",""2019"",""2019"",""kg/ha"",""870"",""E"",""Valor estimado"",""""";
"QCL,""Cultivos y productos de ganadería"",""032"",""Argentina"",""5510"",""Producción"",""01654"",""Anís, badiana, cilantro, comino, alcaravea, hinojo y bayas de enebro, en bruto"",""2019"",""2019"",""toneladas"",""7620.11"",""E"",""Valor estimado"",""""";
"QCL,""Cultivos y productos de ganadería"",""032"",""Argentina"",""5312"",""Área cosechada"",""01654"",""Anís, badiana, cilantro, comino, alcaravea, hinojo y bayas de enebro, en bruto"",""2020"",""2020"",""ha"",""8338"",""E"",""Valor estimado"",""""";
"QCL,""Cultivos y productos de ganadería"",""032"",""Argentina"",""5412"",""Rendimiento"",""01654"",""Anís, badiana, cilantro, comino, alcaravea, hinojo y bayas de enebro, en bruto"",""2020"",""2020"",""kg/ha"",""870.8"",""E"",""Valor estimado"",""""";
"QCL,""Cultivos y productos de ganadería"",""032"",""Argentina"",""5510"",""Producción"",""01654"",""Anís, badiana, cilantro, comino, alcaravea, hinojo y bayas de enebro, en bruto"",""2020"",""2020"",""toneladas"",""7260.15"",""E"",""Valor estimado"",""""";
"QCL,""Cultivos y productos de ganadería"",""032"",""Argentina"",""5312"",""Área cosechada"",""01654"",""Anís, badiana, cilantro, comino, alcaravea, hinojo y bayas de enebro, en bruto"",""2021"",""2021"",""ha"",""8196"",""E"",""Valor estimado"",""""";
"QCL,""Cultivos y productos de ganadería"",""032"",""Argentina"",""5412"",""Rendimiento"",""01654"",""Anís, badiana, cilantro, comino, alcaravea, hinojo y bayas de enebro, en bruto"",""2021"",""2021"",""kg/ha"",""871.2"",""E"",""Valor estimado"",""""";
"QCL,""Cultivos y productos de ganadería"",""032"",""Argentina"",""5510"",""Producción"",""01654"",""Anís, badiana, cilantro, comino, alcaravea, hinojo y bayas de enebro, en bruto"",""2021"",""2021"",""toneladas"",""7140.09"",""E"",""Valor estimado"",""""";
"QCL,""Cultivos y productos de ganadería"",""032"",""Argentina"",""5312"",""Área cosechada"",""01654"",""Anís, badiana, cilantro, comino, alcaravea, hinojo y bayas de enebro, en bruto"",""2022"",""2022"",""ha"",""8431"",""E"",""Valor estimado"",""""";
"QCL,""Cultivos y productos de ganadería"",""032"",""Argentina"",""5412"",""Rendimiento"",""01654"",""Anís, badiana, cilantro, comino, alcaravea, hinojo y bayas de enebro, en bruto"",""2022"",""2022"",""kg/ha"",""870.7"",""E"",""Valor estimado"",""""";
"QCL,""Cultivos y productos de ganadería"",""032"",""Argentina"",""5510"",""Producción"",""01654"",""Anís, badiana, cilantro, comino, alcaravea, hinojo y bayas de enebro, en bruto"",""2022"",""2022"",""toneladas"",""7340.11"",""E"",""Valor estimado"",""""";
"QCL,""Cultivos y productos de ganadería"",""032"",""Argentina"",""5312"",""Área cosechada"",""01654"",""Anís, badiana, cilantro, comino, alcaravea, hinojo y bayas de enebro, en bruto"",""2023"",""2023"",""ha"",""8321"",""E"",""Valor estimado"",""""";
"QCL,""Cultivos y productos de ganadería"",""032"",""Argentina"",""5412"",""Rendimiento"",""01654"",""Anís, badiana, cilantro, comino, alcaravea, hinojo y bayas de enebro, en bruto"",""2023"",""2023"",""kg/ha"",""870.9"",""E"",""Valor estimado"",""""";
"QCL,""Cultivos y productos de ganadería"",""032"",""Argentina"",""5510"",""Producción"",""01654"",""Anís, badiana, cilantro, comino, alcaravea, hinojo y bayas de enebro, en bruto"",""2023"",""2023"",""toneladas"",""7246.78"",""E"",""Valor estimado"",""""";
"QCL,""Cultivos y productos de ganadería"",""032"",""Argentina"",""5312"",""Área cosechada"",""01654"",""Anís, badiana, cilantro, comino, alcaravea, hinojo y bayas de enebro, en bruto"",""2024"",""2024"",""ha"",""8316"",""E"",""Valor estimado"",""""";
"QCL,""Cultivos y productos de ganadería"",""032"",""Argentina"",""5412"",""Rendimiento"",""01654"",""Anís, badiana, cilantro, comino, alcaravea, hinojo y bayas de enebro, en bruto"",""2024"",""2024"",""kg/ha"",""870.9"",""E"",""Valor estimado"",""""";
"QCL,""Cultivos y productos de ganadería"",""032"",""Argentina"",""5510"",""Producción"",""01654"",""Anís, badiana, cilantro, comino, alcaravea, hinojo y bayas de enebro, en bruto"",""2024"",""2024"",""toneladas"",""7242.33"",""E"",""Valor estimado"",""""";
"QCL,""Cultivos y productos de ganadería"",""032"",""Argentina"",""5312"",""Área cosechada"",""0113"",""Arroz"",""2010"",""2010"",""ha"",""215670"",""A"",""Valor oficial"",""""";
"QCL,""Cultivos y productos de ganadería"",""032"",""Argentina"",""5412"",""Rendimiento"",""0113"",""Arroz"",""2010"",""2010"",""kg/ha"",""5764.6"",""A"",""Valor oficial"",""""";
"QCL,""Cultivos y productos de ganadería"",""032"",""Argentina"",""5510"",""Producción"",""0113"",""Arroz"",""2010"",""2010"",""toneladas"",""1243259"",""A"",""Valor oficial"",""""";
"QCL,""Cultivos y productos de ganadería"",""032"",""Argentina"",""5312"",""Área cosechada"",""0113"",""Arroz"",""2011"",""2011"",""ha"",""257445"",""A"",""Valor oficial"",""""";
"QCL,""Cultivos y productos de ganadería"",""032"",""Argentina"",""5412"",""Rendimiento"",""0113"",""Arroz"",""2011"",""2011"",""kg/ha"",""6790.1"",""A"",""Valor oficial"",""""";
"QCL,""Cultivos y productos de ganadería"",""032"",""Argentina"",""5510"",""Producción"",""0113"",""Arroz"",""2011"",""2011"",""toneladas"",""1748075"",""A"",""Valor oficial"",""""";
"QCL,""Cultivos y productos de ganadería"",""032"",""Argentina"",""5312"",""Área cosechada"",""0113"",""Arroz"",""2012"",""2012"",""ha"",""235372"",""A"",""Valor oficial"",""""";
"QCL,""Cultivos y productos de ganadería"",""032"",""Argentina"",""5412"",""Rendimiento"",""0113"",""Arroz"",""2012"",""2012"",""kg/ha"",""6661.7"",""A"",""Valor oficial"",""""";
"QCL,""Cultivos y productos de ganadería"",""032"",""Argentina"",""5510"",""Producción"",""0113"",""Arroz"",""2012"",""2012"",""toneladas"",""1567971"",""A"",""Valor oficial"",""""";
"QCL,""Cultivos y productos de ganadería"",""032"",""Argentina"",""5312"",""Área cosechada"",""0113"",""Arroz"",""2013"",""2013"",""ha"",""232700"",""A"",""Valor oficial"",""""";
"QCL,""Cultivos y productos de ganadería"",""032"",""Argentina"",""5412"",""Rendimiento"",""0113"",""Arroz"",""2013"",""2013"",""kg/ha"",""6718.7"",""A"",""Valor oficial"",""""";
"QCL,""Cultivos y productos de ganadería"",""032"",""Argentina"",""5510"",""Producción"",""0113"",""Arroz"",""2013"",""2013"",""toneladas"",""1563450"",""A"",""Valor oficial"",""""";
"QCL,""Cultivos y productos de ganadería"",""032"",""Argentina"",""5312"",""Área cosechada"",""0113"",""Arroz"",""2014"",""2014"",""ha"",""243200"",""A"",""Valor oficial"",""""";
"QCL,""Cultivos y productos de ganadería"",""032"",""Argentina"",""5412"",""Rendimiento"",""0113"",""Arroz"",""2014"",""2014"",""kg/ha"",""6504.2"",""A"",""Valor oficial"",""""";
"QCL,""Cultivos y productos de ganadería"",""032"",""Argentina"",""5510"",""Producción"",""0113"",""Arroz"",""2014"",""2014"",""toneladas"",""1581810"",""A"",""Valor oficial"",""""";
"QCL,""Cultivos y productos de ganadería"",""032"",""Argentina"",""5312"",""Área cosechada"",""0113"",""Arroz"",""2015"",""2015"",""ha"",""232590"",""A"",""Valor oficial"",""""";
"QCL,""Cultivos y productos de ganadería"",""032"",""Argentina"",""5412"",""Rendimiento"",""0113"",""Arroz"",""2015"",""2015"",""kg/ha"",""6698.9"",""A"",""Valor oficial"",""""";
"QCL,""Cultivos y productos de ganadería"",""032"",""Argentina"",""5510"",""Producción"",""0113"",""Arroz"",""2015"",""2015"",""toneladas"",""1558100"",""A"",""Valor oficial"",""""";
"QCL,""Cultivos y productos de ganadería"",""032"",""Argentina"",""5312"",""Área cosechada"",""0113"",""Arroz"",""2016"",""2016"",""ha"",""207740"",""A"",""Valor oficial"",""""";
"QCL,""Cultivos y productos de ganadería"",""032"",""Argentina"",""5412"",""Rendimiento"",""0113"",""Arroz"",""2016"",""2016"",""kg/ha"",""6763.2"",""A"",""Valor oficial"",""""";
"QCL,""Cultivos y productos de ganadería"",""032"",""Argentina"",""5510"",""Producción"",""0113"",""Arroz"",""2016"",""2016"",""toneladas"",""1404980"",""A"",""Valor oficial"",""""";
"QCL,""Cultivos y productos de ganadería"",""032"",""Argentina"",""5312"",""Área cosechada"",""0113"",""Arroz"",""2017"",""2017"",""ha"",""204100"",""A"",""Valor oficial"",""""";
"QCL,""Cultivos y productos de ganadería"",""032"",""Argentina"",""5412"",""Rendimiento"",""0113"",""Arroz"",""2017"",""2017"",""kg/ha"",""6508.3"",""A"",""Valor oficial"",""""";
"QCL,""Cultivos y productos de ganadería"",""032"",""Argentina"",""5510"",""Producción"",""0113"",""Arroz"",""2017"",""2017"",""toneladas"",""1328340"",""A"",""Valor oficial"",""""";
"QCL,""Cultivos y productos de ganadería"",""032"",""Argentina"",""5312"",""Área cosechada"",""0113"",""Arroz"",""2018"",""2018"",""ha"",""198170"",""A"",""Valor oficial"",""""";
"QCL,""Cultivos y productos de ganadería"",""032"",""Argentina"",""5412"",""Rendimiento"",""0113"",""Arroz"",""2018"",""2018"",""kg/ha"",""6903"",""A"",""Valor oficial"",""""";
"QCL,""Cultivos y productos de ganadería"",""032"",""Argentina"",""5510"",""Producción"",""0113"",""Arroz"",""2018"",""2018"",""toneladas"",""1367968"",""A"",""Valor oficial"",""""";
"QCL,""Cultivos y productos de ganadería"",""032"",""Argentina"",""5312"",""Área cosechada"",""0113"",""Arroz"",""2019"",""2019"",""ha"",""183285"",""A"",""Valor oficial"",""""";
"QCL,""Cultivos y productos de ganadería"",""032"",""Argentina"",""5412"",""Rendimiento"",""0113"",""Arroz"",""2019"",""2019"",""kg/ha"",""6491.9"",""A"",""Valor oficial"",""""";
"QCL,""Cultivos y productos de ganadería"",""032"",""Argentina"",""5510"",""Producción"",""0113"",""Arroz"",""2019"",""2019"",""toneladas"",""1189866"",""A"",""Valor oficial"",""""";
"QCL,""Cultivos y productos de ganadería"",""032"",""Argentina"",""5312"",""Área cosechada"",""0113"",""Arroz"",""2020"",""2020"",""ha"",""185300"",""A"",""Valor oficial"",""""";
"QCL,""Cultivos y productos de ganadería"",""032"",""Argentina"",""5412"",""Rendimiento"",""0113"",""Arroz"",""2020"",""2020"",""kg/ha"",""6599.6"",""A"",""Valor oficial"",""""";
"QCL,""Cultivos y productos de ganadería"",""032"",""Argentina"",""5510"",""Producción"",""0113"",""Arroz"",""2020"",""2020"",""toneladas"",""1222910"",""A"",""Valor oficial"",""""";
"QCL,""Cultivos y productos de ganadería"",""032"",""Argentina"",""5312"",""Área cosechada"",""0113"",""Arroz"",""2021"",""2021"",""ha"",""199993"",""A"",""Valor oficial"",""""";
"QCL,""Cultivos y productos de ganadería"",""032"",""Argentina"",""5412"",""Rendimiento"",""0113"",""Arroz"",""2021"",""2021"",""kg/ha"",""7266.2"",""A"",""Valor oficial"",""""";
"QCL,""Cultivos y productos de ganadería"",""032"",""Argentina"",""5510"",""Producción"",""0113"",""Arroz"",""2021"",""2021"",""toneladas"",""1453187"",""A"",""Valor oficial"",""""";
"QCL,""Cultivos y productos de ganadería"",""032"",""Argentina"",""5312"",""Área cosechada"",""0113"",""Arroz"",""2022"",""2022"",""ha"",""186070"",""A"",""Valor oficial"",""""";
"QCL,""Cultivos y productos de ganadería"",""032"",""Argentina"",""5412"",""Rendimiento"",""0113"",""Arroz"",""2022"",""2022"",""kg/ha"",""6569.7"",""A"",""Valor oficial"",""""";
"QCL,""Cultivos y productos de ganadería"",""032"",""Argentina"",""5510"",""Producción"",""0113"",""Arroz"",""2022"",""2022"",""toneladas"",""1222426"",""A"",""Valor oficial"",""""";
"QCL,""Cultivos y productos de ganadería"",""032"",""Argentina"",""5312"",""Área cosechada"",""0113"",""Arroz"",""2023"",""2023"",""ha"",""173002"",""A"",""Valor oficial"",""""";
"QCL,""Cultivos y productos de ganadería"",""032"",""Argentina"",""5412"",""Rendimiento"",""0113"",""Arroz"",""2023"",""2023"",""kg/ha"",""6723.7"",""A"",""Valor oficial"",""""";
"QCL,""Cultivos y productos de ganadería"",""032"",""Argentina"",""5510"",""Producción"",""0113"",""Arroz"",""2023"",""2023"",""toneladas"",""1163209"",""A"",""Valor oficial"",""""";
"QCL,""Cultivos y productos de ganadería"",""032"",""Argentina"",""5312"",""Área cosechada"",""0113"",""Arroz"",""2024"",""2024"",""ha"",""190950"",""A"",""Valor oficial"",""""";
"QCL,""Cultivos y productos de ganadería"",""032"",""Argentina"",""5412"",""Rendimiento"",""0113"",""Arroz"",""2024"",""2024"",""kg/ha"",""6623.6"",""A"",""Valor oficial"",""""";
"QCL,""Cultivos y productos de ganadería"",""032"",""Argentina"",""5510"",""Producción"",""0113"",""Arroz"",""2024"",""2024"",""toneladas"",""1264770"",""A"",""Valor oficial"",""""";
"QCL,""Cultivos y productos de ganadería"",""032"",""Argentina"",""5312"",""Área cosechada"",""0117"",""Avena"",""2010"",""2010"",""ha"",""139368"",""A"",""Valor oficial"",""""";
"QCL,""Cultivos y productos de ganadería"",""032"",""Argentina"",""5412"",""Rendimiento"",""0117"",""Avena"",""2010"",""2010"",""kg/ha"",""1305.8"",""A"",""Valor oficial"",""""";
"QCL,""Cultivos y productos de ganadería"",""032"",""Argentina"",""5510"",""Producción"",""0117"",""Avena"",""2010"",""2010"",""toneladas"",""181990"",""A"",""Valor oficial"",""""";
"QCL,""Cultivos y productos de ganadería"",""032"",""Argentina"",""5312"",""Área cosechada"",""0117"",""Avena"",""2011"",""2011"",""ha"",""284570"",""A"",""Valor oficial"",""""";
"QCL,""Cultivos y productos de ganadería"",""032"",""Argentina"",""5412"",""Rendimiento"",""0117"",""Avena"",""2011"",""2011"",""kg/ha"",""2320"",""A"",""Valor oficial"",""""";
"QCL,""Cultivos y productos de ganadería"",""032"",""Argentina"",""5510"",""Producción"",""0117"",""Avena"",""2011"",""2011"",""toneladas"",""660200"",""A"",""Valor oficial"",""""";
"QCL,""Cultivos y productos de ganadería"",""032"",""Argentina"",""5312"",""Área cosechada"",""0117"",""Avena"",""2012"",""2012"",""ha"",""196135"",""A"",""Valor oficial"",""""";
"QCL,""Cultivos y productos de ganadería"",""032"",""Argentina"",""5412"",""Rendimiento"",""0117"",""Avena"",""2012"",""2012"",""kg/ha"",""2115.8"",""A"",""Valor oficial"",""""";
"QCL,""Cultivos y productos de ganadería"",""032"",""Argentina"",""5510"",""Producción"",""0117"",""Avena"",""2012"",""2012"",""toneladas"",""414990"",""A"",""Valor oficial"",""""";
"QCL,""Cultivos y productos de ganadería"",""032"",""Argentina"",""5312"",""Área cosechada"",""0117"",""Avena"",""2013"",""2013"",""ha"",""260240"",""A"",""Valor oficial"",""""";
"QCL,""Cultivos y productos de ganadería"",""032"",""Argentina"",""5412"",""Rendimiento"",""0117"",""Avena"",""2013"",""2013"",""kg/ha"",""1905.7"",""A"",""Valor oficial"",""""";
"QCL,""Cultivos y productos de ganadería"",""032"",""Argentina"",""5510"",""Producción"",""0117"",""Avena"",""2013"",""2013"",""toneladas"",""495940"",""A"",""Valor oficial"",""""";
"QCL,""Cultivos y productos de ganadería"",""032"",""Argentina"",""5312"",""Área cosechada"",""0117"",""Avena"",""2014"",""2014"",""ha"",""226109"",""A"",""Valor oficial"",""""";
"QCL,""Cultivos y productos de ganadería"",""032"",""Argentina"",""5412"",""Rendimiento"",""0117"",""Avena"",""2014"",""2014"",""kg/ha"",""1967.3"",""A"",""Valor oficial"",""""";
"QCL,""Cultivos y productos de ganadería"",""032"",""Argentina"",""5510"",""Producción"",""0117"",""Avena"",""2014"",""2014"",""toneladas"",""444820"",""A"",""Valor oficial"",""""";
"QCL,""Cultivos y productos de ganadería"",""032"",""Argentina"",""5312"",""Área cosechada"",""0117"",""Avena"",""2015"",""2015"",""ha"",""244528"",""A"",""Valor oficial"",""""";
"QCL,""Cultivos y productos de ganadería"",""032"",""Argentina"",""5412"",""Rendimiento"",""0117"",""Avena"",""2015"",""2015"",""kg/ha"",""2145.8"",""A"",""Valor oficial"",""""";
"QCL,""Cultivos y productos de ganadería"",""032"",""Argentina"",""5510"",""Producción"",""0117"",""Avena"",""2015"",""2015"",""toneladas"",""524716"",""A"",""Valor oficial"",""""";
"QCL,""Cultivos y productos de ganadería"",""032"",""Argentina"",""5312"",""Área cosechada"",""0117"",""Avena"",""2016"",""2016"",""ha"",""239640"",""A"",""Valor oficial"",""""";
"QCL,""Cultivos y productos de ganadería"",""032"",""Argentina"",""5412"",""Rendimiento"",""0117"",""Avena"",""2016"",""2016"",""kg/ha"",""2309.4"",""A"",""Valor oficial"",""""";
"QCL,""Cultivos y productos de ganadería"",""032"",""Argentina"",""5510"",""Producción"",""0117"",""Avena"",""2016"",""2016"",""toneladas"",""553435"",""A"",""Valor oficial"",""""";
"QCL,""Cultivos y productos de ganadería"",""032"",""Argentina"",""5312"",""Área cosechada"",""0117"",""Avena"",""2017"",""2017"",""ha"",""321054"",""A"",""Valor oficial"",""""";
"QCL,""Cultivos y productos de ganadería"",""032"",""Argentina"",""5412"",""Rendimiento"",""0117"",""Avena"",""2017"",""2017"",""kg/ha"",""2445"",""A"",""Valor oficial"",""""";
"QCL,""Cultivos y productos de ganadería"",""032"",""Argentina"",""5510"",""Producción"",""0117"",""Avena"",""2017"",""2017"",""toneladas"",""784981"",""A"",""Valor oficial"",""""";
"QCL,""Cultivos y productos de ganadería"",""032"",""Argentina"",""5312"",""Área cosechada"",""0117"",""Avena"",""2018"",""2018"",""ha"",""218399"",""A"",""Valor oficial"",""""";
"QCL,""Cultivos y productos de ganadería"",""032"",""Argentina"",""5412"",""Rendimiento"",""0117"",""Avena"",""2018"",""2018"",""kg/ha"",""2251.4"",""A"",""Valor oficial"",""""";
"QCL,""Cultivos y productos de ganadería"",""032"",""Argentina"",""5510"",""Producción"",""0117"",""Avena"",""2018"",""2018"",""toneladas"",""491713"",""A"",""Valor oficial"",""""";
"QCL,""Cultivos y productos de ganadería"",""032"",""Argentina"",""5312"",""Área cosechada"",""0117"",""Avena"",""2019"",""2019"",""ha"",""238166"",""A"",""Valor oficial"",""""";
"QCL,""Cultivos y productos de ganadería"",""032"",""Argentina"",""5412"",""Rendimiento"",""0117"",""Avena"",""2019"",""2019"",""kg/ha"",""2400.1"",""A"",""Valor oficial"",""""";
"QCL,""Cultivos y productos de ganadería"",""032"",""Argentina"",""5510"",""Producción"",""0117"",""Avena"",""2019"",""2019"",""toneladas"",""571630"",""A"",""Valor oficial"",""""";
"QCL,""Cultivos y productos de ganadería"",""032"",""Argentina"",""5312"",""Área cosechada"",""0117"",""Avena"",""2020"",""2020"",""ha"",""322328"",""A"",""Valor oficial"",""""";
"QCL,""Cultivos y productos de ganadería"",""032"",""Argentina"",""5412"",""Rendimiento"",""0117"",""Avena"",""2020"",""2020"",""kg/ha"",""1861.8"",""A"",""Valor oficial"",""""";
"QCL,""Cultivos y productos de ganadería"",""032"",""Argentina"",""5510"",""Producción"",""0117"",""Avena"",""2020"",""2020"",""toneladas"",""600105"",""A"",""Valor oficial"",""""";
"QCL,""Cultivos y productos de ganadería"",""032"",""Argentina"",""5312"",""Área cosechada"",""0117"",""Avena"",""2021"",""2021"",""ha"",""241925"",""A"",""Valor oficial"",""""";
"QCL,""Cultivos y productos de ganadería"",""032"",""Argentina"",""5412"",""Rendimiento"",""0117"",""Avena"",""2021"",""2021"",""kg/ha"",""2094.5"",""A"",""Valor oficial"",""""";
"QCL,""Cultivos y productos de ganadería"",""032"",""Argentina"",""5510"",""Producción"",""0117"",""Avena"",""2021"",""2021"",""toneladas"",""506718"",""A"",""Valor oficial"",""""";
"QCL,""Cultivos y productos de ganadería"",""032"",""Argentina"",""5312"",""Área cosechada"",""0117"",""Avena"",""2022"",""2022"",""ha"",""348835"",""A"",""Valor oficial"",""""";
"QCL,""Cultivos y productos de ganadería"",""032"",""Argentina"",""5412"",""Rendimiento"",""0117"",""Avena"",""2022"",""2022"",""kg/ha"",""2073.1"",""A"",""Valor oficial"",""""";
"QCL,""Cultivos y productos de ganadería"",""032"",""Argentina"",""5510"",""Producción"",""0117"",""Avena"",""2022"",""2022"",""toneladas"",""723155"",""A"",""Valor oficial"",""""";
"QCL,""Cultivos y productos de ganadería"",""032"",""Argentina"",""5312"",""Área cosechada"",""0117"",""Avena"",""2023"",""2023"",""ha"",""257361"",""A"",""Valor oficial"",""""";
"QCL,""Cultivos y productos de ganadería"",""032"",""Argentina"",""5412"",""Rendimiento"",""0117"",""Avena"",""2023"",""2023"",""kg/ha"",""1666.5"",""A"",""Valor oficial"",""""";
"QCL,""Cultivos y productos de ganadería"",""032"",""Argentina"",""5510"",""Producción"",""0117"",""Avena"",""2023"",""2023"",""toneladas"",""428884"",""A"",""Valor oficial"",""""";
"QCL,""Cultivos y productos de ganadería"",""032"",""Argentina"",""5312"",""Área cosechada"",""0117"",""Avena"",""2024"",""2024"",""ha"",""277521"",""A"",""Valor oficial"",""""";
"QCL,""Cultivos y productos de ganadería"",""032"",""Argentina"",""5412"",""Rendimiento"",""0117"",""Avena"",""2024"",""2024"",""kg/ha"",""2035.6"",""A"",""Valor oficial"",""""";
"QCL,""Cultivos y productos de ganadería"",""032"",""Argentina"",""5510"",""Producción"",""0117"",""Avena"",""2024"",""2024"",""toneladas"",""564909"",""A"",""Valor oficial"",""""";
"QCL,""Cultivos y productos de ganadería"",""032"",""Argentina"",""5312"",""Área cosechada"",""01802"",""Azucar, caña"",""2010"",""2010"",""ha"",""275315"",""I"",""Valor imputado por una agencia receptora"",""""";
"QCL,""Cultivos y productos de ganadería"",""032"",""Argentina"",""5412"",""Rendimiento"",""01802"",""Azucar, caña"",""2010"",""2010"",""kg/ha"",""68612"",""E"",""Valor estimado"",""""";
"QCL,""Cultivos y productos de ganadería"",""032"",""Argentina"",""5510"",""Producción"",""01802"",""Azucar, caña"",""2010"",""2010"",""toneladas"",""18889878"",""A"",""Valor oficial"",""""";
"QCL,""Cultivos y productos de ganadería"",""032"",""Argentina"",""5312"",""Área cosechada"",""01802"",""Azucar, caña"",""2011"",""2011"",""ha"",""305225"",""I"",""Valor imputado por una agencia receptora"",""""";
"QCL,""Cultivos y productos de ganadería"",""032"",""Argentina"",""5412"",""Rendimiento"",""01802"",""Azucar, caña"",""2011"",""2011"",""kg/ha"",""64892.8"",""E"",""Valor estimado"",""""";
"QCL,""Cultivos y productos de ganadería"",""032"",""Argentina"",""5510"",""Producción"",""01802"",""Azucar, caña"",""2011"",""2011"",""toneladas"",""19806890"",""A"",""Valor oficial"",""""";
"QCL,""Cultivos y productos de ganadería"",""032"",""Argentina"",""5312"",""Área cosechada"",""01802"",""Azucar, caña"",""2012"",""2012"",""ha"",""360000"",""X"",""Valor de fuente externa"",""Cifras no oficiales""";
"QCL,""Cultivos y productos de ganadería"",""032"",""Argentina"",""5412"",""Rendimiento"",""01802"",""Azucar, caña"",""2012"",""2012"",""kg/ha"",""54906.6"",""E"",""Valor estimado"",""""";
"QCL,""Cultivos y productos de ganadería"",""032"",""Argentina"",""5510"",""Producción"",""01802"",""Azucar, caña"",""2012"",""2012"",""toneladas"",""19766388"",""A"",""Valor oficial"",""""";
"QCL,""Cultivos y productos de ganadería"",""032"",""Argentina"",""5312"",""Área cosechada"",""01802"",""Azucar, caña"",""2013"",""2013"",""ha"",""370000"",""X"",""Valor de fuente externa"",""Cifras no oficiales""";
"QCL,""Cultivos y productos de ganadería"",""032"",""Argentina"",""5412"",""Rendimiento"",""01802"",""Azucar, caña"",""2013"",""2013"",""kg/ha"",""64054.1"",""X"",""Valor de fuente externa"",""""";
"QCL,""Cultivos y productos de ganadería"",""032"",""Argentina"",""5510"",""Producción"",""01802"",""Azucar, caña"",""2013"",""2013"",""toneladas"",""23700000"",""X"",""Valor de fuente externa"",""Cifras no oficiales""";
"QCL,""Cultivos y productos de ganadería"",""032"",""Argentina"",""5312"",""Área cosechada"",""01802"",""Azucar, caña"",""2014"",""2014"",""ha"",""376318"",""I"",""Valor imputado por una agencia receptora"",""""";
"QCL,""Cultivos y productos de ganadería"",""032"",""Argentina"",""5412"",""Rendimiento"",""01802"",""Azucar, caña"",""2014"",""2014"",""kg/ha"",""55887.1"",""E"",""Valor estimado"",""""";
"QCL,""Cultivos y productos de ganadería"",""032"",""Argentina"",""5510"",""Producción"",""01802"",""Azucar, caña"",""2014"",""2014"",""toneladas"",""21031319.72"",""I"",""Valor imputado por una agencia receptora"",""""";
"QCL,""Cultivos y productos de ganadería"",""032"",""Argentina"",""5312"",""Área cosechada"",""01802"",""Azucar, caña"",""2015"",""2015"",""ha"",""385000"",""A"",""Valor oficial"",""""";
"QCL,""Cultivos y productos de ganadería"",""032"",""Argentina"",""5412"",""Rendimiento"",""01802"",""Azucar, caña"",""2015"",""2015"",""kg/ha"",""46422.8"",""A"",""Valor oficial"",""""";
"QCL,""Cultivos y productos de ganadería"",""032"",""Argentina"",""5510"",""Producción"",""01802"",""Azucar, caña"",""2015"",""2015"",""toneladas"",""17872791"",""A"",""Valor oficial"",""""";
"QCL,""Cultivos y productos de ganadería"",""032"",""Argentina"",""5312"",""Área cosechada"",""01802"",""Azucar, caña"",""2016"",""2016"",""ha"",""384129"",""I"",""Valor imputado por una agencia receptora"",""""";
"QCL,""Cultivos y productos de ganadería"",""032"",""Argentina"",""5412"",""Rendimiento"",""01802"",""Azucar, caña"",""2016"",""2016"",""kg/ha"",""47994.5"",""E"",""Valor estimado"",""""";
"QCL,""Cultivos y productos de ganadería"",""032"",""Argentina"",""5510"",""Producción"",""01802"",""Azucar, caña"",""2016"",""2016"",""toneladas"",""18436081.66"",""A"",""Valor oficial"",""""";
"QCL,""Cultivos y productos de ganadería"",""032"",""Argentina"",""5312"",""Área cosechada"",""01802"",""Azucar, caña"",""2017"",""2017"",""ha"",""381816"",""E"",""Valor estimado"",""""";
"QCL,""Cultivos y productos de ganadería"",""032"",""Argentina"",""5412"",""Rendimiento"",""01802"",""Azucar, caña"",""2017"",""2017"",""kg/ha"",""49499.8"",""E"",""Valor estimado"",""""";
"QCL,""Cultivos y productos de ganadería"",""032"",""Argentina"",""5510"",""Producción"",""01802"",""Azucar, caña"",""2017"",""2017"",""toneladas"",""18899810.13"",""I"",""Valor imputado por una agencia receptora"",""""";
"QCL,""Cultivos y productos de ganadería"",""032"",""Argentina"",""5312"",""Área cosechada"",""01802"",""Azucar, caña"",""2018"",""2018"",""ha"",""396737"",""I"",""Valor imputado por una agencia receptora"",""""";
"QCL,""Cultivos y productos de ganadería"",""032"",""Argentina"",""5412"",""Rendimiento"",""01802"",""Azucar, caña"",""2018"",""2018"",""kg/ha"",""46831.8"",""E"",""Valor estimado"",""""";
"QCL,""Cultivos y productos de ganadería"",""032"",""Argentina"",""5510"",""Producción"",""01802"",""Azucar, caña"",""2018"",""2018"",""toneladas"",""18579893.68"",""I"",""Valor imputado por una agencia receptora"",""""";
"QCL,""Cultivos y productos de ganadería"",""032"",""Argentina"",""5312"",""Área cosechada"",""01802"",""Azucar, caña"",""2019"",""2019"",""ha"",""416018"",""I"",""Valor imputado por una agencia receptora"",""""";
"QCL,""Cultivos y productos de ganadería"",""032"",""Argentina"",""5412"",""Rendimiento"",""01802"",""Azucar, caña"",""2019"",""2019"",""kg/ha"",""43870.8"",""E"",""Valor estimado"",""""";
"QCL,""Cultivos y productos de ganadería"",""032"",""Argentina"",""5510"",""Producción"",""01802"",""Azucar, caña"",""2019"",""2019"",""toneladas"",""18251073.93"",""I"",""Valor imputado por una agencia receptora"",""""";
"QCL,""Cultivos y productos de ganadería"",""032"",""Argentina"",""5312"",""Área cosechada"",""01802"",""Azucar, caña"",""2020"",""2020"",""ha"",""427845"",""I"",""Valor imputado por una agencia receptora"",""""";
"QCL,""Cultivos y productos de ganadería"",""032"",""Argentina"",""5412"",""Rendimiento"",""01802"",""Azucar, caña"",""2020"",""2020"",""kg/ha"",""40902.7"",""E"",""Valor estimado"",""""";
"QCL,""Cultivos y productos de ganadería"",""032"",""Argentina"",""5510"",""Producción"",""01802"",""Azucar, caña"",""2020"",""2020"",""toneladas"",""17500000"",""E"",""Valor estimado"",""""";
"QCL,""Cultivos y productos de ganadería"",""032"",""Argentina"",""5312"",""Área cosechada"",""01802"",""Azucar, caña"",""2021"",""2021"",""ha"",""444943"",""I"",""Valor imputado por una agencia receptora"",""""";
"QCL,""Cultivos y productos de ganadería"",""032"",""Argentina"",""5412"",""Rendimiento"",""01802"",""Azucar, caña"",""2021"",""2021"",""kg/ha"",""37150.9"",""E"",""Valor estimado"",""""";
"QCL,""Cultivos y productos de ganadería"",""032"",""Argentina"",""5510"",""Producción"",""01802"",""Azucar, caña"",""2021"",""2021"",""toneladas"",""16530000"",""E"",""Valor estimado"",""""";
"QCL,""Cultivos y productos de ganadería"",""032"",""Argentina"",""5312"",""Área cosechada"",""01802"",""Azucar, caña"",""2022"",""2022"",""ha"",""457599"",""I"",""Valor imputado por una agencia receptora"",""""";
"QCL,""Cultivos y productos de ganadería"",""032"",""Argentina"",""5412"",""Rendimiento"",""01802"",""Azucar, caña"",""2022"",""2022"",""kg/ha"",""33872.4"",""E"",""Valor estimado"",""""";
"QCL,""Cultivos y productos de ganadería"",""032"",""Argentina"",""5510"",""Producción"",""01802"",""Azucar, caña"",""2022"",""2022"",""toneladas"",""15500000"",""E"",""Valor estimado"",""""";
"QCL,""Cultivos y productos de ganadería"",""032"",""Argentina"",""5312"",""Área cosechada"",""01802"",""Azucar, caña"",""2023"",""2023"",""ha"",""467330"",""I"",""Valor imputado por una agencia receptora"",""""";
"QCL,""Cultivos y productos de ganadería"",""032"",""Argentina"",""5412"",""Rendimiento"",""01802"",""Azucar, caña"",""2023"",""2023"",""kg/ha"",""30998.9"",""E"",""Valor estimado"",""""";
"QCL,""Cultivos y productos de ganadería"",""032"",""Argentina"",""5510"",""Producción"",""01802"",""Azucar, caña"",""2023"",""2023"",""toneladas"",""14486706.89"",""I"",""Valor imputado por una agencia receptora"",""""";
"QCL,""Cultivos y productos de ganadería"",""032"",""Argentina"",""5312"",""Área cosechada"",""01802"",""Azucar, caña"",""2024"",""2024"",""ha"",""432814"",""A"",""Valor oficial"",""""";
"QCL,""Cultivos y productos de ganadería"",""032"",""Argentina"",""5412"",""Rendimiento"",""01802"",""Azucar, caña"",""2024"",""2024"",""kg/ha"",""28316.8"",""E"",""Valor estimado"",""""";
"QCL,""Cultivos y productos de ganadería"",""032"",""Argentina"",""5510"",""Producción"",""01802"",""Azucar, caña"",""2024"",""2024"",""toneladas"",""12255901.89"",""I"",""Valor imputado por una agencia receptora"",""""";
"QCL,""Cultivos y productos de ganadería"",""032"",""Argentina"",""5312"",""Área cosechada"",""01312"",""Bananos"",""2010"",""2010"",""ha"",""8176"",""I"",""Valor imputado por una agencia receptora"",""""";
"QCL,""Cultivos y productos de ganadería"",""032"",""Argentina"",""5412"",""Rendimiento"",""01312"",""Bananos"",""2010"",""2010"",""kg/ha"",""20919.1"",""E"",""Valor estimado"",""""";
"QCL,""Cultivos y productos de ganadería"",""032"",""Argentina"",""5510"",""Producción"",""01312"",""Bananos"",""2010"",""2010"",""toneladas"",""171038.84"",""I"",""Valor imputado por una agencia receptora"",""""";
"QCL,""Cultivos y productos de ganadería"",""032"",""Argentina"",""5312"",""Área cosechada"",""01312"",""Bananos"",""2011"",""2011"",""ha"",""8353"",""I"",""Valor imputado por una agencia receptora"",""""";
"QCL,""Cultivos y productos de ganadería"",""032"",""Argentina"",""5412"",""Rendimiento"",""01312"",""Bananos"",""2011"",""2011"",""kg/ha"",""20938.1"",""E"",""Valor estimado"",""""";
"QCL,""Cultivos y productos de ganadería"",""032"",""Argentina"",""5510"",""Producción"",""01312"",""Bananos"",""2011"",""2011"",""toneladas"",""174901.47"",""I"",""Valor imputado por una agencia receptora"",""""";
"QCL,""Cultivos y productos de ganadería"",""032"",""Argentina"",""5312"",""Área cosechada"",""01312"",""Bananos"",""2012"",""2012"",""ha"",""8360"",""I"",""Valor imputado por una agencia receptora"",""""";
"QCL,""Cultivos y productos de ganadería"",""032"",""Argentina"",""5412"",""Rendimiento"",""01312"",""Bananos"",""2012"",""2012"",""kg/ha"",""20957"",""E"",""Valor estimado"",""""";
"QCL,""Cultivos y productos de ganadería"",""032"",""Argentina"",""5510"",""Producción"",""01312"",""Bananos"",""2012"",""2012"",""toneladas"",""175203.3"",""I"",""Valor imputado por una agencia receptora"",""""";
"QCL,""Cultivos y productos de ganadería"",""032"",""Argentina"",""5312"",""Área cosechada"",""01312"",""Bananos"",""2013"",""2013"",""ha"",""8359"",""I"",""Valor imputado por una agencia receptora"",""""";
"QCL,""Cultivos y productos de ganadería"",""032"",""Argentina"",""5412"",""Rendimiento"",""01312"",""Bananos"",""2013"",""2013"",""kg/ha"",""20976"",""E"",""Valor estimado"",""""";
"QCL,""Cultivos y productos de ganadería"",""032"",""Argentina"",""5510"",""Producción"",""01312"",""Bananos"",""2013"",""2013"",""toneladas"",""175334.11"",""I"",""Valor imputado por una agencia receptora"",""""";
"QCL,""Cultivos y productos de ganadería"",""032"",""Argentina"",""5312"",""Área cosechada"",""01312"",""Bananos"",""2014"",""2014"",""ha"",""8382"",""I"",""Valor imputado por una agencia receptora"",""""";
"QCL,""Cultivos y productos de ganadería"",""032"",""Argentina"",""5412"",""Rendimiento"",""01312"",""Bananos"",""2014"",""2014"",""kg/ha"",""20984"",""E"",""Valor estimado"",""""";
"QCL,""Cultivos y productos de ganadería"",""032"",""Argentina"",""5510"",""Producción"",""01312"",""Bananos"",""2014"",""2014"",""toneladas"",""175890.64"",""I"",""Valor imputado por una agencia receptora"",""""";
"QCL,""Cultivos y productos de ganadería"",""032"",""Argentina"",""5312"",""Área cosechada"",""01312"",""Bananos"",""2015"",""2015"",""ha"",""8394"",""I"",""Valor imputado por una agencia receptora"",""""";
"QCL,""Cultivos y productos de ganadería"",""032"",""Argentina"",""5412"",""Rendimiento"",""01312"",""Bananos"",""2015"",""2015"",""kg/ha"",""20977"",""E"",""Valor estimado"",""""";
"QCL,""Cultivos y productos de ganadería"",""032"",""Argentina"",""5510"",""Producción"",""01312"",""Bananos"",""2015"",""2015"",""toneladas"",""176076.16"",""I"",""Valor imputado por una agencia receptora"",""""";
"QCL,""Cultivos y productos de ganadería"",""032"",""Argentina"",""5312"",""Área cosechada"",""01312"",""Bananos"",""2016"",""2016"",""ha"",""8394"",""I"",""Valor imputado por una agencia receptora"",""""";
"QCL,""Cultivos y productos de ganadería"",""032"",""Argentina"",""5412"",""Rendimiento"",""01312"",""Bananos"",""2016"",""2016"",""kg/ha"",""20995.4"",""E"",""Valor estimado"",""""";
"QCL,""Cultivos y productos de ganadería"",""032"",""Argentina"",""5510"",""Producción"",""01312"",""Bananos"",""2016"",""2016"",""toneladas"",""176237.08"",""I"",""Valor imputado por una agencia receptora"",""""";
"QCL,""Cultivos y productos de ganadería"",""032"",""Argentina"",""5312"",""Área cosechada"",""01312"",""Bananos"",""2017"",""2017"",""ha"",""8395"",""I"",""Valor imputado por una agencia receptora"",""""";
"QCL,""Cultivos y productos de ganadería"",""032"",""Argentina"",""5412"",""Rendimiento"",""01312"",""Bananos"",""2017"",""2017"",""kg/ha"",""21013.8"",""E"",""Valor estimado"",""""";
"QCL,""Cultivos y productos de ganadería"",""032"",""Argentina"",""5510"",""Producción"",""01312"",""Bananos"",""2017"",""2017"",""toneladas"",""176409.63"",""I"",""Valor imputado por una agencia receptora"",""""";
"QCL,""Cultivos y productos de ganadería"",""032"",""Argentina"",""5312"",""Área cosechada"",""01312"",""Bananos"",""2018"",""2018"",""ha"",""8403"",""I"",""Valor imputado por una agencia receptora"",""""";
"QCL,""Cultivos y productos de ganadería"",""032"",""Argentina"",""5412"",""Rendimiento"",""01312"",""Bananos"",""2018"",""2018"",""kg/ha"",""21008.1"",""E"",""Valor estimado"",""""";
"QCL,""Cultivos y productos de ganadería"",""032"",""Argentina"",""5510"",""Producción"",""01312"",""Bananos"",""2018"",""2018"",""toneladas"",""176530.16"",""I"",""Valor imputado por una agencia receptora"",""""";
"QCL,""Cultivos y productos de ganadería"",""032"",""Argentina"",""5312"",""Área cosechada"",""01312"",""Bananos"",""2019"",""2019"",""ha"",""8405"",""I"",""Valor imputado por una agencia receptora"",""""";
"QCL,""Cultivos y productos de ganadería"",""032"",""Argentina"",""5412"",""Rendimiento"",""01312"",""Bananos"",""2019"",""2019"",""kg/ha"",""21011.3"",""E"",""Valor estimado"",""""";
"QCL,""Cultivos y productos de ganadería"",""032"",""Argentina"",""5510"",""Producción"",""01312"",""Bananos"",""2019"",""2019"",""toneladas"",""176605.24"",""I"",""Valor imputado por una agencia receptora"",""""";
"QCL,""Cultivos y productos de ganadería"",""032"",""Argentina"",""5312"",""Área cosechada"",""01312"",""Bananos"",""2020"",""2020"",""ha"",""8421"",""I"",""Valor imputado por una agencia receptora"",""""";
"QCL,""Cultivos y productos de ganadería"",""032"",""Argentina"",""5412"",""Rendimiento"",""01312"",""Bananos"",""2020"",""2020"",""kg/ha"",""21005.9"",""E"",""Valor estimado"",""""";
"QCL,""Cultivos y productos de ganadería"",""032"",""Argentina"",""5510"",""Producción"",""01312"",""Bananos"",""2020"",""2020"",""toneladas"",""176890.01"",""I"",""Valor imputado por una agencia receptora"",""""";
"QCL,""Cultivos y productos de ganadería"",""032"",""Argentina"",""5312"",""Área cosechada"",""01312"",""Bananos"",""2021"",""2021"",""ha"",""8433"",""I"",""Valor imputado por una agencia receptora"",""""";
"QCL,""Cultivos y productos de ganadería"",""032"",""Argentina"",""5412"",""Rendimiento"",""01312"",""Bananos"",""2021"",""2021"",""kg/ha"",""20990.9"",""E"",""Valor estimado"",""""";
"QCL,""Cultivos y productos de ganadería"",""032"",""Argentina"",""5510"",""Producción"",""01312"",""Bananos"",""2021"",""2021"",""toneladas"",""177009.47"",""I"",""Valor imputado por una agencia receptora"",""""";
"QCL,""Cultivos y productos de ganadería"",""032"",""Argentina"",""5312"",""Área cosechada"",""01312"",""Bananos"",""2022"",""2022"",""ha"",""8437"",""I"",""Valor imputado por una agencia receptora"",""""";
"QCL,""Cultivos y productos de ganadería"",""032"",""Argentina"",""5412"",""Rendimiento"",""01312"",""Bananos"",""2022"",""2022"",""kg/ha"",""20945.2"",""E"",""Valor estimado"",""""";
"QCL,""Cultivos y productos de ganadería"",""032"",""Argentina"",""5510"",""Producción"",""01312"",""Bananos"",""2022"",""2022"",""toneladas"",""176709.92"",""I"",""Valor imputado por una agencia receptora"",""""";
"QCL,""Cultivos y productos de ganadería"",""032"",""Argentina"",""5312"",""Área cosechada"",""01312"",""Bananos"",""2023"",""2023"",""ha"",""8443"",""I"",""Valor imputado por una agencia receptora"",""""";
"QCL,""Cultivos y productos de ganadería"",""032"",""Argentina"",""5412"",""Rendimiento"",""01312"",""Bananos"",""2023"",""2023"",""kg/ha"",""20951.2"",""E"",""Valor estimado"",""""";
"QCL,""Cultivos y productos de ganadería"",""032"",""Argentina"",""5510"",""Producción"",""01312"",""Bananos"",""2023"",""2023"",""toneladas"",""176895.88"",""I"",""Valor imputado por una agencia receptora"",""""";
"QCL,""Cultivos y productos de ganadería"",""032"",""Argentina"",""5312"",""Área cosechada"",""01312"",""Bananos"",""2024"",""2024"",""ha"",""8450"",""I"",""Valor imputado por una agencia receptora"",""""";
"QCL,""Cultivos y productos de ganadería"",""032"",""Argentina"",""5412"",""Rendimiento"",""01312"",""Bananos"",""2024"",""2024"",""kg/ha"",""20957.2"",""E"",""Valor estimado"",""""";
"QCL,""Cultivos y productos de ganadería"",""032"",""Argentina"",""5510"",""Producción"",""01312"",""Bananos"",""2024"",""2024"",""toneladas"",""177081.85"",""I"",""Valor imputado por una agencia receptora"",""""";
"QCL,""Cultivos y productos de ganadería"",""032"",""Argentina"",""5312"",""Área cosechada"",""01530"",""Batatas, boniatos"",""2010"",""2010"",""ha"",""14686"",""I"",""Valor imputado por una agencia receptora"",""""";
"QCL,""Cultivos y productos de ganadería"",""032"",""Argentina"",""5412"",""Rendimiento"",""01530"",""Batatas, boniatos"",""2010"",""2010"",""kg/ha"",""14304.1"",""E"",""Valor estimado"",""""";
"QCL,""Cultivos y productos de ganadería"",""032"",""Argentina"",""5510"",""Producción"",""01530"",""Batatas, boniatos"",""2010"",""2010"",""toneladas"",""210070.66"",""I"",""Valor imputado por una agencia receptora"",""""";
"QCL,""Cultivos y productos de ganadería"",""032"",""Argentina"",""5312"",""Área cosechada"",""01530"",""Batatas, boniatos"",""2011"",""2011"",""ha"",""13907"",""I"",""Valor imputado por una agencia receptora"",""""";
"QCL,""Cultivos y productos de ganadería"",""032"",""Argentina"",""5412"",""Rendimiento"",""01530"",""Batatas, boniatos"",""2011"",""2011"",""kg/ha"",""14069.5"",""E"",""Valor estimado"",""""";
"QCL,""Cultivos y productos de ganadería"",""032"",""Argentina"",""5510"",""Producción"",""01530"",""Batatas, boniatos"",""2011"",""2011"",""toneladas"",""195665.99"",""I"",""Valor imputado por una agencia receptora"",""""";
"QCL,""Cultivos y productos de ganadería"",""032"",""Argentina"",""5312"",""Área cosechada"",""01530"",""Batatas, boniatos"",""2012"",""2012"",""ha"",""13509"",""I"",""Valor imputado por una agencia receptora"",""""";
"QCL,""Cultivos y productos de ganadería"",""032"",""Argentina"",""5412"",""Rendimiento"",""01530"",""Batatas, boniatos"",""2012"",""2012"",""kg/ha"",""13897.7"",""E"",""Valor estimado"",""""";
"QCL,""Cultivos y productos de ganadería"",""032"",""Argentina"",""5510"",""Producción"",""01530"",""Batatas, boniatos"",""2012"",""2012"",""toneladas"",""187742.99"",""I"",""Valor imputado por una agencia receptora"",""""";
"QCL,""Cultivos y productos de ganadería"",""032"",""Argentina"",""5312"",""Área cosechada"",""01530"",""Batatas, boniatos"",""2013"",""2013"",""ha"",""13090"",""I"",""Valor imputado por una agencia receptora"",""""";
"QCL,""Cultivos y productos de ganadería"",""032"",""Argentina"",""5412"",""Rendimiento"",""01530"",""Batatas, boniatos"",""2013"",""2013"",""kg/ha"",""13720.1"",""E"",""Valor estimado"",""""";
"QCL,""Cultivos y productos de ganadería"",""032"",""Argentina"",""5510"",""Producción"",""01530"",""Batatas, boniatos"",""2013"",""2013"",""toneladas"",""179599.63"",""I"",""Valor imputado por una agencia receptora"",""""";
"QCL,""Cultivos y productos de ganadería"",""032"",""Argentina"",""5312"",""Área cosechada"",""01530"",""Batatas, boniatos"",""2014"",""2014"",""ha"",""12666"",""I"",""Valor imputado por una agencia receptora"",""""";
"QCL,""Cultivos y productos de ganadería"",""032"",""Argentina"",""5412"",""Rendimiento"",""01530"",""Batatas, boniatos"",""2014"",""2014"",""kg/ha"",""13544.2"",""E"",""Valor estimado"",""""";
"QCL,""Cultivos y productos de ganadería"",""032"",""Argentina"",""5510"",""Producción"",""01530"",""Batatas, boniatos"",""2014"",""2014"",""toneladas"",""171549.11"",""I"",""Valor imputado por una agencia receptora"",""""";
"QCL,""Cultivos y productos de ganadería"",""032"",""Argentina"",""5312"",""Área cosechada"",""01530"",""Batatas, boniatos"",""2015"",""2015"",""ha"",""12242"",""I"",""Valor imputado por una agencia receptora"",""""";
"QCL,""Cultivos y productos de ganadería"",""032"",""Argentina"",""5412"",""Rendimiento"",""01530"",""Batatas, boniatos"",""2015"",""2015"",""kg/ha"",""13372.6"",""E"",""Valor estimado"",""""";
"QCL,""Cultivos y productos de ganadería"",""032"",""Argentina"",""5510"",""Producción"",""01530"",""Batatas, boniatos"",""2015"",""2015"",""toneladas"",""163713.42"",""I"",""Valor imputado por una agencia receptora"",""""";
"QCL,""Cultivos y productos de ganadería"",""032"",""Argentina"",""5312"",""Área cosechada"",""01530"",""Batatas, boniatos"",""2016"",""2016"",""ha"",""11822"",""I"",""Valor imputado por una agencia receptora"",""""";
"QCL,""Cultivos y productos de ganadería"",""032"",""Argentina"",""5412"",""Rendimiento"",""01530"",""Batatas, boniatos"",""2016"",""2016"",""kg/ha"",""13205.8"",""E"",""Valor estimado"",""""";
"QCL,""Cultivos y productos de ganadería"",""032"",""Argentina"",""5510"",""Producción"",""01530"",""Batatas, boniatos"",""2016"",""2016"",""toneladas"",""156119.73"",""I"",""Valor imputado por una agencia receptora"",""""";
"QCL,""Cultivos y productos de ganadería"",""032"",""Argentina"",""5312"",""Área cosechada"",""01530"",""Batatas, boniatos"",""2017"",""2017"",""ha"",""11467"",""I"",""Valor imputado por una agencia receptora"",""""";
"QCL,""Cultivos y productos de ganadería"",""032"",""Argentina"",""5412"",""Rendimiento"",""01530"",""Batatas, boniatos"",""2017"",""2017"",""kg/ha"",""13116.6"",""E"",""Valor estimado"",""""";
"QCL,""Cultivos y productos de ganadería"",""032"",""Argentina"",""5510"",""Producción"",""01530"",""Batatas, boniatos"",""2017"",""2017"",""toneladas"",""150409.91"",""I"",""Valor imputado por una agencia receptora"",""""";
"QCL,""Cultivos y productos de ganadería"",""032"",""Argentina"",""5312"",""Área cosechada"",""01530"",""Batatas, boniatos"",""2018"",""2018"",""ha"",""10898"",""I"",""Valor imputado por una agencia receptora"",""""";
"QCL,""Cultivos y productos de ganadería"",""032"",""Argentina"",""5412"",""Rendimiento"",""01530"",""Batatas, boniatos"",""2018"",""2018"",""kg/ha"",""13022.7"",""E"",""Valor estimado"",""""";
"QCL,""Cultivos y productos de ganadería"",""032"",""Argentina"",""5510"",""Producción"",""01530"",""Batatas, boniatos"",""2018"",""2018"",""toneladas"",""141924.41"",""I"",""Valor imputado por una agencia receptora"",""""";
"QCL,""Cultivos y productos de ganadería"",""032"",""Argentina"",""5312"",""Área cosechada"",""01530"",""Batatas, boniatos"",""2019"",""2019"",""ha"",""10000"",""A"",""Valor oficial"",""""";
"QCL,""Cultivos y productos de ganadería"",""032"",""Argentina"",""5412"",""Rendimiento"",""01530"",""Batatas, boniatos"",""2019"",""2019"",""kg/ha"",""12000"",""A"",""Valor oficial"",""""";
"QCL,""Cultivos y productos de ganadería"",""032"",""Argentina"",""5510"",""Producción"",""01530"",""Batatas, boniatos"",""2019"",""2019"",""toneladas"",""120000"",""A"",""Valor oficial"",""""";
"QCL,""Cultivos y productos de ganadería"",""032"",""Argentina"",""5312"",""Área cosechada"",""01530"",""Batatas, boniatos"",""2020"",""2020"",""ha"",""10400"",""E"",""Valor estimado"",""""";
"QCL,""Cultivos y productos de ganadería"",""032"",""Argentina"",""5412"",""Rendimiento"",""01530"",""Batatas, boniatos"",""2020"",""2020"",""kg/ha"",""12019.2"",""E"",""Valor estimado"",""""";
"QCL,""Cultivos y productos de ganadería"",""032"",""Argentina"",""5510"",""Producción"",""01530"",""Batatas, boniatos"",""2020"",""2020"",""toneladas"",""125000"",""E"",""Valor estimado"",""""";
"QCL,""Cultivos y productos de ganadería"",""032"",""Argentina"",""5312"",""Área cosechada"",""01530"",""Batatas, boniatos"",""2021"",""2021"",""ha"",""9938"",""I"",""Valor imputado por una agencia receptora"",""""";
"QCL,""Cultivos y productos de ganadería"",""032"",""Argentina"",""5412"",""Rendimiento"",""01530"",""Batatas, boniatos"",""2021"",""2021"",""kg/ha"",""12323.9"",""E"",""Valor estimado"",""""";
"QCL,""Cultivos y productos de ganadería"",""032"",""Argentina"",""5510"",""Producción"",""01530"",""Batatas, boniatos"",""2021"",""2021"",""toneladas"",""122471.93"",""I"",""Valor imputado por una agencia receptora"",""""";
"QCL,""Cultivos y productos de ganadería"",""032"",""Argentina"",""5312"",""Área cosechada"",""01530"",""Batatas, boniatos"",""2022"",""2022"",""ha"",""9676"",""I"",""Valor imputado por una agencia receptora"",""""";
"QCL,""Cultivos y productos de ganadería"",""032"",""Argentina"",""5412"",""Rendimiento"",""01530"",""Batatas, boniatos"",""2022"",""2022"",""kg/ha"",""12450.8"",""E"",""Valor estimado"",""""";
"QCL,""Cultivos y productos de ganadería"",""032"",""Argentina"",""5510"",""Producción"",""01530"",""Batatas, boniatos"",""2022"",""2022"",""toneladas"",""120473.44"",""I"",""Valor imputado por una agencia receptora"",""""";
"QCL,""Cultivos y productos de ganadería"",""032"",""Argentina"",""5312"",""Área cosechada"",""01530"",""Batatas, boniatos"",""2023"",""2023"",""ha"",""9279"",""I"",""Valor imputado por una agencia receptora"",""""";
"QCL,""Cultivos y productos de ganadería"",""032"",""Argentina"",""5412"",""Rendimiento"",""01530"",""Batatas, boniatos"",""2023"",""2023"",""kg/ha"",""12255.6"",""E"",""Valor estimado"",""""";
"QCL,""Cultivos y productos de ganadería"",""032"",""Argentina"",""5510"",""Producción"",""01530"",""Batatas, boniatos"",""2023"",""2023"",""toneladas"",""113722.77"",""I"",""Valor imputado por una agencia receptora"",""""";
"QCL,""Cultivos y productos de ganadería"",""032"",""Argentina"",""5312"",""Área cosechada"",""01530"",""Batatas, boniatos"",""2024"",""2024"",""ha"",""8918"",""I"",""Valor imputado por una agencia receptora"",""""";
"QCL,""Cultivos y productos de ganadería"",""032"",""Argentina"",""5412"",""Rendimiento"",""01530"",""Batatas, boniatos"",""2024"",""2024"",""kg/ha"",""12144.6"",""E"",""Valor estimado"",""""";
"QCL,""Cultivos y productos de ganadería"",""032"",""Argentina"",""5510"",""Producción"",""01530"",""Batatas, boniatos"",""2024"",""2024"",""toneladas"",""108309.26"",""I"",""Valor imputado por una agencia receptora"",""""";
"QCL,""Cultivos y productos de ganadería"",""032"",""Argentina"",""5312"",""Área cosechada"",""01235"",""Calabazas, zapayo, calabaza confitera"",""2010"",""2010"",""ha"",""19386"",""I"",""Valor imputado por una agencia receptora"",""""";
"QCL,""Cultivos y productos de ganadería"",""032"",""Argentina"",""5412"",""Rendimiento"",""01235"",""Calabazas, zapayo, calabaza confitera"",""2010"",""2010"",""kg/ha"",""14747.5"",""E"",""Valor estimado"",""""";
"QCL,""Cultivos y productos de ganadería"",""032"",""Argentina"",""5510"",""Producción"",""01235"",""Calabazas, zapayo, calabaza confitera"",""2010"",""2010"",""toneladas"",""285900.65"",""I"",""Valor imputado por una agencia receptora"",""""";
"QCL,""Cultivos y productos de ganadería"",""032"",""Argentina"",""5312"",""Área cosechada"",""01235"",""Calabazas, zapayo, calabaza confitera"",""2011"",""2011"",""ha"",""19289"",""I"",""Valor imputado por una agencia receptora"",""""";
"QCL,""Cultivos y productos de ganadería"",""032"",""Argentina"",""5412"",""Rendimiento"",""01235"",""Calabazas, zapayo, calabaza confitera"",""2011"",""2011"",""kg/ha"",""14681.3"",""E"",""Valor estimado"",""""";
"QCL,""Cultivos y productos de ganadería"",""032"",""Argentina"",""5510"",""Producción"",""01235"",""Calabazas, zapayo, calabaza confitera"",""2011"",""2011"",""toneladas"",""283183.16"",""I"",""Valor imputado por una agencia receptora"",""""";
"QCL,""Cultivos y productos de ganadería"",""032"",""Argentina"",""5312"",""Área cosechada"",""01235"",""Calabazas, zapayo, calabaza confitera"",""2012"",""2012"",""ha"",""19190"",""I"",""Valor imputado por una agencia receptora"",""""";
"QCL,""Cultivos y productos de ganadería"",""032"",""Argentina"",""5412"",""Rendimiento"",""01235"",""Calabazas, zapayo, calabaza confitera"",""2012"",""2012"",""kg/ha"",""14615.1"",""E"",""Valor estimado"",""""";
"QCL,""Cultivos y productos de ganadería"",""032"",""Argentina"",""5510"",""Producción"",""01235"",""Calabazas, zapayo, calabaza confitera"",""2012"",""2012"",""toneladas"",""280465.68"",""I"",""Valor imputado por una agencia receptora"",""""";
"QCL,""Cultivos y productos de ganadería"",""032"",""Argentina"",""5312"",""Área cosechada"",""01235"",""Calabazas, zapayo, calabaza confitera"",""2013"",""2013"",""ha"",""19091"",""I"",""Valor imputado por una agencia receptora"",""""";
"QCL,""Cultivos y productos de ganadería"",""032"",""Argentina"",""5412"",""Rendimiento"",""01235"",""Calabazas, zapayo, calabaza confitera"",""2013"",""2013"",""kg/ha"",""14548.9"",""E"",""Valor estimado"",""""";
"QCL,""Cultivos y productos de ganadería"",""032"",""Argentina"",""5510"",""Producción"",""01235"",""Calabazas, zapayo, calabaza confitera"",""2013"",""2013"",""toneladas"",""277748.2"",""I"",""Valor imputado por una agencia receptora"",""""";
"QCL,""Cultivos y productos de ganadería"",""032"",""Argentina"",""5312"",""Área cosechada"",""01235"",""Calabazas, zapayo, calabaza confitera"",""2014"",""2014"",""ha"",""18619"",""I"",""Valor imputado por una agencia receptora"",""""";
"QCL,""Cultivos y productos de ganadería"",""032"",""Argentina"",""5412"",""Rendimiento"",""01235"",""Calabazas, zapayo, calabaza confitera"",""2014"",""2014"",""kg/ha"",""14620.7"",""E"",""Valor estimado"",""""";
"QCL,""Cultivos y productos de ganadería"",""032"",""Argentina"",""5510"",""Producción"",""01235"",""Calabazas, zapayo, calabaza confitera"",""2014"",""2014"",""toneladas"",""272229.41"",""I"",""Valor imputado por una agencia receptora"",""""";
"QCL,""Cultivos y productos de ganadería"",""032"",""Argentina"",""5312"",""Área cosechada"",""01235"",""Calabazas, zapayo, calabaza confitera"",""2015"",""2015"",""ha"",""18740"",""I"",""Valor imputado por una agencia receptora"",""""";
"QCL,""Cultivos y productos de ganadería"",""032"",""Argentina"",""5412"",""Rendimiento"",""01235"",""Calabazas, zapayo, calabaza confitera"",""2015"",""2015"",""kg/ha"",""14502.3"",""E"",""Valor estimado"",""""";
"QCL,""Cultivos y productos de ganadería"",""032"",""Argentina"",""5510"",""Producción"",""01235"",""Calabazas, zapayo, calabaza confitera"",""2015"",""2015"",""toneladas"",""271768.77"",""I"",""Valor imputado por una agencia receptora"",""""";
"QCL,""Cultivos y productos de ganadería"",""032"",""Argentina"",""5312"",""Área cosechada"",""01235"",""Calabazas, zapayo, calabaza confitera"",""2016"",""2016"",""ha"",""17994"",""I"",""Valor imputado por una agencia receptora"",""""";
"QCL,""Cultivos y productos de ganadería"",""032"",""Argentina"",""5412"",""Rendimiento"",""01235"",""Calabazas, zapayo, calabaza confitera"",""2016"",""2016"",""kg/ha"",""14813.1"",""E"",""Valor estimado"",""""";
"QCL,""Cultivos y productos de ganadería"",""032"",""Argentina"",""5510"",""Producción"",""01235"",""Calabazas, zapayo, calabaza confitera"",""2016"",""2016"",""toneladas"",""266553.9"",""I"",""Valor imputado por una agencia receptora"",""""";
"QCL,""Cultivos y productos de ganadería"",""032"",""Argentina"",""5312"",""Área cosechada"",""01235"",""Calabazas, zapayo, calabaza confitera"",""2017"",""2017"",""ha"",""17766"",""I"",""Valor imputado por una agencia receptora"",""""";
"QCL,""Cultivos y productos de ganadería"",""032"",""Argentina"",""5412"",""Rendimiento"",""01235"",""Calabazas, zapayo, calabaza confitera"",""2017"",""2017"",""kg/ha"",""14816.6"",""E"",""Valor estimado"",""""";
"QCL,""Cultivos y productos de ganadería"",""032"",""Argentina"",""5510"",""Producción"",""01235"",""Calabazas, zapayo, calabaza confitera"",""2017"",""2017"",""toneladas"",""263224.75"",""I"",""Valor imputado por una agencia receptora"",""""";
"QCL,""Cultivos y productos de ganadería"",""032"",""Argentina"",""5312"",""Área cosechada"",""01235"",""Calabazas, zapayo, calabaza confitera"",""2018"",""2018"",""ha"",""17414"",""I"",""Valor imputado por una agencia receptora"",""""";
"QCL,""Cultivos y productos de ganadería"",""032"",""Argentina"",""5412"",""Rendimiento"",""01235"",""Calabazas, zapayo, calabaza confitera"",""2018"",""2018"",""kg/ha"",""14980.2"",""E"",""Valor estimado"",""""";
"QCL,""Cultivos y productos de ganadería"",""032"",""Argentina"",""5510"",""Producción"",""01235"",""Calabazas, zapayo, calabaza confitera"",""2018"",""2018"",""toneladas"",""260870.73"",""I"",""Valor imputado por una agencia receptora"",""""";
"QCL,""Cultivos y productos de ganadería"",""032"",""Argentina"",""5312"",""Área cosechada"",""01235"",""Calabazas, zapayo, calabaza confitera"",""2019"",""2019"",""ha"",""17152"",""I"",""Valor imputado por una agencia receptora"",""""";
"QCL,""Cultivos y productos de ganadería"",""032"",""Argentina"",""5412"",""Rendimiento"",""01235"",""Calabazas, zapayo, calabaza confitera"",""2019"",""2019"",""kg/ha"",""15093.4"",""E"",""Valor estimado"",""""";
"QCL,""Cultivos y productos de ganadería"",""032"",""Argentina"",""5510"",""Producción"",""01235"",""Calabazas, zapayo, calabaza confitera"",""2019"",""2019"",""toneladas"",""258882.47"",""I"",""Valor imputado por una agencia receptora"",""""";
"QCL,""Cultivos y productos de ganadería"",""032"",""Argentina"",""5312"",""Área cosechada"",""01235"",""Calabazas, zapayo, calabaza confitera"",""2020"",""2020"",""ha"",""17005"",""I"",""Valor imputado por una agencia receptora"",""""";
"QCL,""Cultivos y productos de ganadería"",""032"",""Argentina"",""5412"",""Rendimiento"",""01235"",""Calabazas, zapayo, calabaza confitera"",""2020"",""2020"",""kg/ha"",""15158.6"",""E"",""Valor estimado"",""""";
"QCL,""Cultivos y productos de ganadería"",""032"",""Argentina"",""5510"",""Producción"",""01235"",""Calabazas, zapayo, calabaza confitera"",""2020"",""2020"",""toneladas"",""257769.87"",""I"",""Valor imputado por una agencia receptora"",""""";
"QCL,""Cultivos y productos de ganadería"",""032"",""Argentina"",""5312"",""Área cosechada"",""01235"",""Calabazas, zapayo, calabaza confitera"",""2021"",""2021"",""ha"",""17263"",""I"",""Valor imputado por una agencia receptora"",""""";
"QCL,""Cultivos y productos de ganadería"",""032"",""Argentina"",""5412"",""Rendimiento"",""01235"",""Calabazas, zapayo, calabaza confitera"",""2021"",""2021"",""kg/ha"",""15080.4"",""E"",""Valor estimado"",""""";
"QCL,""Cultivos y productos de ganadería"",""032"",""Argentina"",""5510"",""Producción"",""01235"",""Calabazas, zapayo, calabaza confitera"",""2021"",""2021"",""toneladas"",""260326.92"",""I"",""Valor imputado por una agencia receptora"",""""";
"QCL,""Cultivos y productos de ganadería"",""032"",""Argentina"",""5312"",""Área cosechada"",""01235"",""Calabazas, zapayo, calabaza confitera"",""2022"",""2022"",""ha"",""17563"",""I"",""Valor imputado por una agencia receptora"",""""";
"QCL,""Cultivos y productos de ganadería"",""032"",""Argentina"",""5412"",""Rendimiento"",""01235"",""Calabazas, zapayo, calabaza confitera"",""2022"",""2022"",""kg/ha"",""14974.5"",""E"",""Valor estimado"",""""";
"QCL,""Cultivos y productos de ganadería"",""032"",""Argentina"",""5510"",""Producción"",""01235"",""Calabazas, zapayo, calabaza confitera"",""2022"",""2022"",""toneladas"",""262999.71"",""I"",""Valor imputado por una agencia receptora"",""""";
"QCL,""Cultivos y productos de ganadería"",""032"",""Argentina"",""5312"",""Área cosechada"",""01235"",""Calabazas, zapayo, calabaza confitera"",""2023"",""2023"",""ha"",""17486"",""I"",""Valor imputado por una agencia receptora"",""""";
"QCL,""Cultivos y productos de ganadería"",""032"",""Argentina"",""5412"",""Rendimiento"",""01235"",""Calabazas, zapayo, calabaza confitera"",""2023"",""2023"",""kg/ha"",""14966.5"",""E"",""Valor estimado"",""""";
"QCL,""Cultivos y productos de ganadería"",""032"",""Argentina"",""5510"",""Producción"",""01235"",""Calabazas, zapayo, calabaza confitera"",""2023"",""2023"",""toneladas"",""261709.46"",""I"",""Valor imputado por una agencia receptora"",""""";
"QCL,""Cultivos y productos de ganadería"",""032"",""Argentina"",""5312"",""Área cosechada"",""01235"",""Calabazas, zapayo, calabaza confitera"",""2024"",""2024"",""ha"",""17408"",""I"",""Valor imputado por una agencia receptora"",""""";
"QCL,""Cultivos y productos de ganadería"",""032"",""Argentina"",""5412"",""Rendimiento"",""01235"",""Calabazas, zapayo, calabaza confitera"",""2024"",""2024"",""kg/ha"",""14959.6"",""E"",""Valor estimado"",""""";
"QCL,""Cultivos y productos de ganadería"",""032"",""Argentina"",""5510"",""Producción"",""01235"",""Calabazas, zapayo, calabaza confitera"",""2024"",""2024"",""toneladas"",""260419.21"",""I"",""Valor imputado por una agencia receptora"",""""";
"QCL,""Cultivos y productos de ganadería"",""032"",""Argentina"",""5312"",""Área cosechada"",""0115"",""Cebada"",""2010"",""2010"",""ha"",""746435"",""A"",""Valor oficial"",""""";
"QCL,""Cultivos y productos de ganadería"",""032"",""Argentina"",""5412"",""Rendimiento"",""0115"",""Cebada"",""2010"",""2010"",""kg/ha"",""3971"",""A"",""Valor oficial"",""""";
"QCL,""Cultivos y productos de ganadería"",""032"",""Argentina"",""5510"",""Producción"",""0115"",""Cebada"",""2010"",""2010"",""toneladas"",""2964075"",""A"",""Valor oficial"",""""";
"QCL,""Cultivos y productos de ganadería"",""032"",""Argentina"",""5312"",""Área cosechada"",""0115"",""Cebada"",""2011"",""2011"",""ha"",""1121278"",""A"",""Valor oficial"",""""";
"QCL,""Cultivos y productos de ganadería"",""032"",""Argentina"",""5412"",""Rendimiento"",""0115"",""Cebada"",""2011"",""2011"",""kg/ha"",""3643.9"",""A"",""Valor oficial"",""""";
"QCL,""Cultivos y productos de ganadería"",""032"",""Argentina"",""5510"",""Producción"",""0115"",""Cebada"",""2011"",""2011"",""toneladas"",""4085770"",""A"",""Valor oficial"",""""";
"QCL,""Cultivos y productos de ganadería"",""032"",""Argentina"",""5312"",""Área cosechada"",""0115"",""Cebada"",""2012"",""2012"",""ha"",""1694545"",""A"",""Valor oficial"",""""";
"QCL,""Cultivos y productos de ganadería"",""032"",""Argentina"",""5412"",""Rendimiento"",""0115"",""Cebada"",""2012"",""2012"",""kg/ha"",""3044"",""A"",""Valor oficial"",""""";
"QCL,""Cultivos y productos de ganadería"",""032"",""Argentina"",""5510"",""Producción"",""0115"",""Cebada"",""2012"",""2012"",""toneladas"",""5158180"",""A"",""Valor oficial"",""""";
"QCL,""Cultivos y productos de ganadería"",""032"",""Argentina"",""5312"",""Área cosechada"",""0115"",""Cebada"",""2013"",""2013"",""ha"",""1203306"",""A"",""Valor oficial"",""""";
"QCL,""Cultivos y productos de ganadería"",""032"",""Argentina"",""5412"",""Rendimiento"",""0115"",""Cebada"",""2013"",""2013"",""kg/ha"",""3910.2"",""A"",""Valor oficial"",""""";
"QCL,""Cultivos y productos de ganadería"",""032"",""Argentina"",""5510"",""Producción"",""0115"",""Cebada"",""2013"",""2013"",""toneladas"",""4705160"",""A"",""Valor oficial"",""""";
"QCL,""Cultivos y productos de ganadería"",""032"",""Argentina"",""5312"",""Área cosechada"",""0115"",""Cebada"",""2014"",""2014"",""ha"",""888873"",""A"",""Valor oficial"",""""";
"QCL,""Cultivos y productos de ganadería"",""032"",""Argentina"",""5412"",""Rendimiento"",""0115"",""Cebada"",""2014"",""2014"",""kg/ha"",""3264.2"",""A"",""Valor oficial"",""""";
"QCL,""Cultivos y productos de ganadería"",""032"",""Argentina"",""5510"",""Producción"",""0115"",""Cebada"",""2014"",""2014"",""toneladas"",""2901492"",""A"",""Valor oficial"",""""";
"QCL,""Cultivos y productos de ganadería"",""032"",""Argentina"",""5312"",""Área cosechada"",""0115"",""Cebada"",""2015"",""2015"",""ha"",""888873"",""A"",""Valor oficial"",""""";
"QCL,""Cultivos y productos de ganadería"",""032"",""Argentina"",""5412"",""Rendimiento"",""0115"",""Cebada"",""2015"",""2015"",""kg/ha"",""3264.2"",""A"",""Valor oficial"",""""";
"QCL,""Cultivos y productos de ganadería"",""032"",""Argentina"",""5510"",""Producción"",""0115"",""Cebada"",""2015"",""2015"",""toneladas"",""2901495"",""A"",""Valor oficial"",""""";
"QCL,""Cultivos y productos de ganadería"",""032"",""Argentina"",""5312"",""Área cosechada"",""0115"",""Cebada"",""2016"",""2016"",""ha"",""1246891"",""A"",""Valor oficial"",""""";
"QCL,""Cultivos y productos de ganadería"",""032"",""Argentina"",""5412"",""Rendimiento"",""0115"",""Cebada"",""2016"",""2016"",""kg/ha"",""3960.8"",""A"",""Valor oficial"",""""";
"QCL,""Cultivos y productos de ganadería"",""032"",""Argentina"",""5510"",""Producción"",""0115"",""Cebada"",""2016"",""2016"",""toneladas"",""4938723"",""A"",""Valor oficial"",""""";
"QCL,""Cultivos y productos de ganadería"",""032"",""Argentina"",""5312"",""Área cosechada"",""0115"",""Cebada"",""2017"",""2017"",""ha"",""870213"",""A"",""Valor oficial"",""""";
"QCL,""Cultivos y productos de ganadería"",""032"",""Argentina"",""5412"",""Rendimiento"",""0115"",""Cebada"",""2017"",""2017"",""kg/ha"",""4299.1"",""A"",""Valor oficial"",""""";
"QCL,""Cultivos y productos de ganadería"",""032"",""Argentina"",""5510"",""Producción"",""0115"",""Cebada"",""2017"",""2017"",""toneladas"",""3741158"",""A"",""Valor oficial"",""""";
"QCL,""Cultivos y productos de ganadería"",""032"",""Argentina"",""5312"",""Área cosechada"",""0115"",""Cebada"",""2018"",""2018"",""ha"",""1209995"",""A"",""Valor oficial"",""""";
"QCL,""Cultivos y productos de ganadería"",""032"",""Argentina"",""5412"",""Rendimiento"",""0115"",""Cebada"",""2018"",""2018"",""kg/ha"",""4182.7"",""A"",""Valor oficial"",""""";
"QCL,""Cultivos y productos de ganadería"",""032"",""Argentina"",""5510"",""Producción"",""0115"",""Cebada"",""2018"",""2018"",""toneladas"",""5061069"",""A"",""Valor oficial"",""""";
"QCL,""Cultivos y productos de ganadería"",""032"",""Argentina"",""5312"",""Área cosechada"",""0115"",""Cebada"",""2019"",""2019"",""ha"",""1121449"",""A"",""Valor oficial"",""""";
"QCL,""Cultivos y productos de ganadería"",""032"",""Argentina"",""5412"",""Rendimiento"",""0115"",""Cebada"",""2019"",""2019"",""kg/ha"",""3374.9"",""A"",""Valor oficial"",""""";
"QCL,""Cultivos y productos de ganadería"",""032"",""Argentina"",""5510"",""Producción"",""0115"",""Cebada"",""2019"",""2019"",""toneladas"",""3784823"",""A"",""Valor oficial"",""""";
"QCL,""Cultivos y productos de ganadería"",""032"",""Argentina"",""5312"",""Área cosechada"",""0115"",""Cebada"",""2020"",""2020"",""ha"",""1078835"",""A"",""Valor oficial"",""""";
"QCL,""Cultivos y productos de ganadería"",""032"",""Argentina"",""5412"",""Rendimiento"",""0115"",""Cebada"",""2020"",""2020"",""kg/ha"",""3348.8"",""A"",""Valor oficial"",""""";
"QCL,""Cultivos y productos de ganadería"",""032"",""Argentina"",""5510"",""Producción"",""0115"",""Cebada"",""2020"",""2020"",""toneladas"",""3612804"",""A"",""Valor oficial"",""""";
"QCL,""Cultivos y productos de ganadería"",""032"",""Argentina"",""5312"",""Área cosechada"",""0115"",""Cebada"",""2021"",""2021"",""ha"",""1006503"",""A"",""Valor oficial"",""""";
"QCL,""Cultivos y productos de ganadería"",""032"",""Argentina"",""5412"",""Rendimiento"",""0115"",""Cebada"",""2021"",""2021"",""kg/ha"",""4010.1"",""A"",""Valor oficial"",""""";
"QCL,""Cultivos y productos de ganadería"",""032"",""Argentina"",""5510"",""Producción"",""0115"",""Cebada"",""2021"",""2021"",""toneladas"",""4036130"",""A"",""Valor oficial"",""""";
"QCL,""Cultivos y productos de ganadería"",""032"",""Argentina"",""5312"",""Área cosechada"",""0115"",""Cebada"",""2022"",""2022"",""ha"",""1335623"",""A"",""Valor oficial"",""""";
"QCL,""Cultivos y productos de ganadería"",""032"",""Argentina"",""5412"",""Rendimiento"",""0115"",""Cebada"",""2022"",""2022"",""kg/ha"",""3952.9"",""A"",""Valor oficial"",""""";
"QCL,""Cultivos y productos de ganadería"",""032"",""Argentina"",""5510"",""Producción"",""0115"",""Cebada"",""2022"",""2022"",""toneladas"",""5279608"",""A"",""Valor oficial"",""""";
"QCL,""Cultivos y productos de ganadería"",""032"",""Argentina"",""5312"",""Área cosechada"",""0115"",""Cebada"",""2023"",""2023"",""ha"",""1589966"",""A"",""Valor oficial"",""""";
"QCL,""Cultivos y productos de ganadería"",""032"",""Argentina"",""5412"",""Rendimiento"",""0115"",""Cebada"",""2023"",""2023"",""kg/ha"",""2953.5"",""A"",""Valor oficial"",""""";
"QCL,""Cultivos y productos de ganadería"",""032"",""Argentina"",""5510"",""Producción"",""0115"",""Cebada"",""2023"",""2023"",""toneladas"",""4695914"",""A"",""Valor oficial"",""""";
"QCL,""Cultivos y productos de ganadería"",""032"",""Argentina"",""5312"",""Área cosechada"",""0115"",""Cebada"",""2024"",""2024"",""ha"",""1296636"",""A"",""Valor oficial"",""""";
"QCL,""Cultivos y productos de ganadería"",""032"",""Argentina"",""5412"",""Rendimiento"",""0115"",""Cebada"",""2024"",""2024"",""kg/ha"",""3931.2"",""A"",""Valor oficial"",""""";
"QCL,""Cultivos y productos de ganadería"",""032"",""Argentina"",""5510"",""Producción"",""0115"",""Cebada"",""2024"",""2024"",""toneladas"",""5097340"",""A"",""Valor oficial"",""""";
"QCL,""Cultivos y productos de ganadería"",""032"",""Argentina"",""5312"",""Área cosechada"",""01253.02"",""Cebollas y chalotes, secos (excepto deshidratados)"",""2010"",""2010"",""ha"",""24118"",""I"",""Valor imputado por una agencia receptora"",""""";
"QCL,""Cultivos y productos de ganadería"",""032"",""Argentina"",""5412"",""Rendimiento"",""01253.02"",""Cebollas y chalotes, secos (excepto deshidratados)"",""2010"",""2010"",""kg/ha"",""27523.3"",""E"",""Valor estimado"",""""";
"QCL,""Cultivos y productos de ganadería"",""032"",""Argentina"",""5510"",""Producción"",""01253.02"",""Cebollas y chalotes, secos (excepto deshidratados)"",""2010"",""2010"",""toneladas"",""663795.33"",""I"",""Valor imputado por una agencia receptora"",""""";
"QCL,""Cultivos y productos de ganadería"",""032"",""Argentina"",""5312"",""Área cosechada"",""01253.02"",""Cebollas y chalotes, secos (excepto deshidratados)"",""2011"",""2011"",""ha"",""24162"",""I"",""Valor imputado por una agencia receptora"",""""";
"QCL,""Cultivos y productos de ganadería"",""032"",""Argentina"",""5412"",""Rendimiento"",""01253.02"",""Cebollas y chalotes, secos (excepto deshidratados)"",""2011"",""2011"",""kg/ha"",""27347.7"",""E"",""Valor estimado"",""""";
"QCL,""Cultivos y productos de ganadería"",""032"",""Argentina"",""5510"",""Producción"",""01253.02"",""Cebollas y chalotes, secos (excepto deshidratados)"",""2011"",""2011"",""toneladas"",""660770.63"",""I"",""Valor imputado por una agencia receptora"",""""";
"QCL,""Cultivos y productos de ganadería"",""032"",""Argentina"",""5312"",""Área cosechada"",""01253.02"",""Cebollas y chalotes, secos (excepto deshidratados)"",""2012"",""2012"",""ha"",""24464"",""I"",""Valor imputado por una agencia receptora"",""""";
"QCL,""Cultivos y productos de ganadería"",""032"",""Argentina"",""5412"",""Rendimiento"",""01253.02"",""Cebollas y chalotes, secos (excepto deshidratados)"",""2012"",""2012"",""kg/ha"",""27174.9"",""E"",""Valor estimado"",""""";
"QCL,""Cultivos y productos de ganadería"",""032"",""Argentina"",""5510"",""Producción"",""01253.02"",""Cebollas y chalotes, secos (excepto deshidratados)"",""2012"",""2012"",""toneladas"",""664796.57"",""I"",""Valor imputado por una agencia receptora"",""""";
"QCL,""Cultivos y productos de ganadería"",""032"",""Argentina"",""5312"",""Área cosechada"",""01253.02"",""Cebollas y chalotes, secos (excepto deshidratados)"",""2013"",""2013"",""ha"",""24642"",""I"",""Valor imputado por una agencia receptora"",""""";
"QCL,""Cultivos y productos de ganadería"",""032"",""Argentina"",""5412"",""Rendimiento"",""01253.02"",""Cebollas y chalotes, secos (excepto deshidratados)"",""2013"",""2013"",""kg/ha"",""27003.8"",""E"",""Valor estimado"",""""";
"QCL,""Cultivos y productos de ganadería"",""032"",""Argentina"",""5510"",""Producción"",""01253.02"",""Cebollas y chalotes, secos (excepto deshidratados)"",""2013"",""2013"",""toneladas"",""665439.14"",""I"",""Valor imputado por una agencia receptora"",""""";
"QCL,""Cultivos y productos de ganadería"",""032"",""Argentina"",""5312"",""Área cosechada"",""01253.02"",""Cebollas y chalotes, secos (excepto deshidratados)"",""2014"",""2014"",""ha"",""25300"",""I"",""Valor imputado por una agencia receptora"",""""";
"QCL,""Cultivos y productos de ganadería"",""032"",""Argentina"",""5412"",""Rendimiento"",""01253.02"",""Cebollas y chalotes, secos (excepto deshidratados)"",""2014"",""2014"",""kg/ha"",""26628.8"",""E"",""Valor estimado"",""""";
"QCL,""Cultivos y productos de ganadería"",""032"",""Argentina"",""5510"",""Producción"",""01253.02"",""Cebollas y chalotes, secos (excepto deshidratados)"",""2014"",""2014"",""toneladas"",""673701.47"",""I"",""Valor imputado por una agencia receptora"",""""";
"QCL,""Cultivos y productos de ganadería"",""032"",""Argentina"",""5312"",""Área cosechada"",""01253.02"",""Cebollas y chalotes, secos (excepto deshidratados)"",""2015"",""2015"",""ha"",""25490"",""I"",""Valor imputado por una agencia receptora"",""""";
"QCL,""Cultivos y productos de ganadería"",""032"",""Argentina"",""5412"",""Rendimiento"",""01253.02"",""Cebollas y chalotes, secos (excepto deshidratados)"",""2015"",""2015"",""kg/ha"",""26215.7"",""E"",""Valor estimado"",""""";
"QCL,""Cultivos y productos de ganadería"",""032"",""Argentina"",""5510"",""Producción"",""01253.02"",""Cebollas y chalotes, secos (excepto deshidratados)"",""2015"",""2015"",""toneladas"",""668251.68"",""I"",""Valor imputado por una agencia receptora"",""""";
"QCL,""Cultivos y productos de ganadería"",""032"",""Argentina"",""5312"",""Área cosechada"",""01253.02"",""Cebollas y chalotes, secos (excepto deshidratados)"",""2016"",""2016"",""ha"",""24000"",""A"",""Valor oficial"",""""";
"QCL,""Cultivos y productos de ganadería"",""032"",""Argentina"",""5412"",""Rendimiento"",""01253.02"",""Cebollas y chalotes, secos (excepto deshidratados)"",""2016"",""2016"",""kg/ha"",""25000"",""A"",""Valor oficial"",""""";
"QCL,""Cultivos y productos de ganadería"",""032"",""Argentina"",""5510"",""Producción"",""01253.02"",""Cebollas y chalotes, secos (excepto deshidratados)"",""2016"",""2016"",""toneladas"",""600000"",""A"",""Valor oficial"",""""";
"QCL,""Cultivos y productos de ganadería"",""032"",""Argentina"",""5312"",""Área cosechada"",""01253.02"",""Cebollas y chalotes, secos (excepto deshidratados)"",""2017"",""2017"",""ha"",""23614"",""I"",""Valor imputado por una agencia receptora"",""""";
"QCL,""Cultivos y productos de ganadería"",""032"",""Argentina"",""5412"",""Rendimiento"",""01253.02"",""Cebollas y chalotes, secos (excepto deshidratados)"",""2017"",""2017"",""kg/ha"",""28178.1"",""E"",""Valor estimado"",""""";
"QCL,""Cultivos y productos de ganadería"",""032"",""Argentina"",""5510"",""Producción"",""01253.02"",""Cebollas y chalotes, secos (excepto deshidratados)"",""2017"",""2017"",""toneladas"",""665408"",""I"",""Valor imputado por una agencia receptora"",""""";
"QCL,""Cultivos y productos de ganadería"",""032"",""Argentina"",""5312"",""Área cosechada"",""01253.02"",""Cebollas y chalotes, secos (excepto deshidratados)"",""2018"",""2018"",""ha"",""22340"",""I"",""Valor imputado por una agencia receptora"",""""";
"QCL,""Cultivos y productos de ganadería"",""032"",""Argentina"",""5412"",""Rendimiento"",""01253.02"",""Cebollas y chalotes, secos (excepto deshidratados)"",""2018"",""2018"",""kg/ha"",""30687.1"",""E"",""Valor estimado"",""""";
"QCL,""Cultivos y productos de ganadería"",""032"",""Argentina"",""5510"",""Producción"",""01253.02"",""Cebollas y chalotes, secos (excepto deshidratados)"",""2018"",""2018"",""toneladas"",""685541.17"",""I"",""Valor imputado por una agencia receptora"",""""";
"QCL,""Cultivos y productos de ganadería"",""032"",""Argentina"",""5312"",""Área cosechada"",""01253.02"",""Cebollas y chalotes, secos (excepto deshidratados)"",""2019"",""2019"",""ha"",""20884"",""I"",""Valor imputado por una agencia receptora"",""""";
"QCL,""Cultivos y productos de ganadería"",""032"",""Argentina"",""5412"",""Rendimiento"",""01253.02"",""Cebollas y chalotes, secos (excepto deshidratados)"",""2019"",""2019"",""kg/ha"",""32256.7"",""E"",""Valor estimado"",""""";
"QCL,""Cultivos y productos de ganadería"",""032"",""Argentina"",""5510"",""Producción"",""01253.02"",""Cebollas y chalotes, secos (excepto deshidratados)"",""2019"",""2019"",""toneladas"",""673662.34"",""I"",""Valor imputado por una agencia receptora"",""""";
"QCL,""Cultivos y productos de ganadería"",""032"",""Argentina"",""5312"",""Área cosechada"",""01253.02"",""Cebollas y chalotes, secos (excepto deshidratados)"",""2020"",""2020"",""ha"",""19489"",""I"",""Valor imputado por una agencia receptora"",""""";
"QCL,""Cultivos y productos de ganadería"",""032"",""Argentina"",""5412"",""Rendimiento"",""01253.02"",""Cebollas y chalotes, secos (excepto deshidratados)"",""2020"",""2020"",""kg/ha"",""34240.7"",""E"",""Valor estimado"",""""";
"QCL,""Cultivos y productos de ganadería"",""032"",""Argentina"",""5510"",""Producción"",""01253.02"",""Cebollas y chalotes, secos (excepto deshidratados)"",""2020"",""2020"",""toneladas"",""667308.07"",""I"",""Valor imputado por una agencia receptora"",""""";
"QCL,""Cultivos y productos de ganadería"",""032"",""Argentina"",""5312"",""Área cosechada"",""01253.02"",""Cebollas y chalotes, secos (excepto deshidratados)"",""2021"",""2021"",""ha"",""16000"",""A"",""Valor oficial"",""""";
"QCL,""Cultivos y productos de ganadería"",""032"",""Argentina"",""5412"",""Rendimiento"",""01253.02"",""Cebollas y chalotes, secos (excepto deshidratados)"",""2021"",""2021"",""kg/ha"",""37500"",""A"",""Valor oficial"",""""";
"QCL,""Cultivos y productos de ganadería"",""032"",""Argentina"",""5510"",""Producción"",""01253.02"",""Cebollas y chalotes, secos (excepto deshidratados)"",""2021"",""2021"",""toneladas"",""600000"",""A"",""Valor oficial"",""""";
"QCL,""Cultivos y productos de ganadería"",""032"",""Argentina"",""5312"",""Área cosechada"",""01253.02"",""Cebollas y chalotes, secos (excepto deshidratados)"",""2022"",""2022"",""ha"",""16764"",""I"",""Valor imputado por una agencia receptora"",""""";
"QCL,""Cultivos y productos de ganadería"",""032"",""Argentina"",""5412"",""Rendimiento"",""01253.02"",""Cebollas y chalotes, secos (excepto deshidratados)"",""2022"",""2022"",""kg/ha"",""38775.1"",""E"",""Valor estimado"",""""";
"QCL,""Cultivos y productos de ganadería"",""032"",""Argentina"",""5510"",""Producción"",""01253.02"",""Cebollas y chalotes, secos (excepto deshidratados)"",""2022"",""2022"",""toneladas"",""650018.25"",""I"",""Valor imputado por una agencia receptora"",""""";
"QCL,""Cultivos y productos de ganadería"",""032"",""Argentina"",""5312"",""Área cosechada"",""01253.02"",""Cebollas y chalotes, secos (excepto deshidratados)"",""2023"",""2023"",""ha"",""19857"",""I"",""Valor imputado por una agencia receptora"",""""";
"QCL,""Cultivos y productos de ganadería"",""032"",""Argentina"",""5412"",""Rendimiento"",""01253.02"",""Cebollas y chalotes, secos (excepto deshidratados)"",""2023"",""2023"",""kg/ha"",""34644"",""E"",""Valor estimado"",""""";
"QCL,""Cultivos y productos de ganadería"",""032"",""Argentina"",""5510"",""Producción"",""01253.02"",""Cebollas y chalotes, secos (excepto deshidratados)"",""2023"",""2023"",""toneladas"",""687924.04"",""I"",""Valor imputado por una agencia receptora"",""""";
"QCL,""Cultivos y productos de ganadería"",""032"",""Argentina"",""5312"",""Área cosechada"",""01253.02"",""Cebollas y chalotes, secos (excepto deshidratados)"",""2024"",""2024"",""ha"",""19357"",""I"",""Valor imputado por una agencia receptora"",""""";
"QCL,""Cultivos y productos de ganadería"",""032"",""Argentina"",""5412"",""Rendimiento"",""01253.02"",""Cebollas y chalotes, secos (excepto deshidratados)"",""2024"",""2024"",""kg/ha"",""35255.5"",""E"",""Valor estimado"",""""";
"QCL,""Cultivos y productos de ganadería"",""032"",""Argentina"",""5510"",""Producción"",""01253.02"",""Cebollas y chalotes, secos (excepto deshidratados)"",""2024"",""2024"",""toneladas"",""682423.81"",""I"",""Valor imputado por una agencia receptora"",""""";
"QCL,""Cultivos y productos de ganadería"",""032"",""Argentina"",""5312"",""Área cosechada"",""0116"",""Centeno"",""2010"",""2010"",""ha"",""26430"",""A"",""Valor oficial"",""""";
"QCL,""Cultivos y productos de ganadería"",""032"",""Argentina"",""5412"",""Rendimiento"",""0116"",""Centeno"",""2010"",""2010"",""kg/ha"",""951"",""A"",""Valor oficial"",""""";
"QCL,""Cultivos y productos de ganadería"",""032"",""Argentina"",""5510"",""Producción"",""0116"",""Centeno"",""2010"",""2010"",""toneladas"",""25135"",""A"",""Valor oficial"",""""";
"QCL,""Cultivos y productos de ganadería"",""032"",""Argentina"",""5312"",""Área cosechada"",""0116"",""Centeno"",""2011"",""2011"",""ha"",""24100"",""A"",""Valor oficial"",""""";
"QCL,""Cultivos y productos de ganadería"",""032"",""Argentina"",""5412"",""Rendimiento"",""0116"",""Centeno"",""2011"",""2011"",""kg/ha"",""1844.8"",""A"",""Valor oficial"",""""";
"QCL,""Cultivos y productos de ganadería"",""032"",""Argentina"",""5510"",""Producción"",""0116"",""Centeno"",""2011"",""2011"",""toneladas"",""44460"",""A"",""Valor oficial"",""""";
"QCL,""Cultivos y productos de ganadería"",""032"",""Argentina"",""5312"",""Área cosechada"",""0116"",""Centeno"",""2012"",""2012"",""ha"",""23405"",""A"",""Valor oficial"",""""";
"QCL,""Cultivos y productos de ganadería"",""032"",""Argentina"",""5412"",""Rendimiento"",""0116"",""Centeno"",""2012"",""2012"",""kg/ha"",""1841.9"",""A"",""Valor oficial"",""""";
"QCL,""Cultivos y productos de ganadería"",""032"",""Argentina"",""5510"",""Producción"",""0116"",""Centeno"",""2012"",""2012"",""toneladas"",""43110"",""A"",""Valor oficial"",""""";
"QCL,""Cultivos y productos de ganadería"",""032"",""Argentina"",""5312"",""Área cosechada"",""0116"",""Centeno"",""2013"",""2013"",""ha"",""22725"",""A"",""Valor oficial"",""""";
"QCL,""Cultivos y productos de ganadería"",""032"",""Argentina"",""5412"",""Rendimiento"",""0116"",""Centeno"",""2013"",""2013"",""kg/ha"",""1747"",""A"",""Valor oficial"",""""";
"QCL,""Cultivos y productos de ganadería"",""032"",""Argentina"",""5510"",""Producción"",""0116"",""Centeno"",""2013"",""2013"",""toneladas"",""39700"",""A"",""Valor oficial"",""""";
"QCL,""Cultivos y productos de ganadería"",""032"",""Argentina"",""5312"",""Área cosechada"",""0116"",""Centeno"",""2014"",""2014"",""ha"",""31965"",""A"",""Valor oficial"",""""";
"QCL,""Cultivos y productos de ganadería"",""032"",""Argentina"",""5412"",""Rendimiento"",""0116"",""Centeno"",""2014"",""2014"",""kg/ha"",""1630.8"",""A"",""Valor oficial"",""""";
"QCL,""Cultivos y productos de ganadería"",""032"",""Argentina"",""5510"",""Producción"",""0116"",""Centeno"",""2014"",""2014"",""toneladas"",""52130"",""A"",""Valor oficial"",""""";
"QCL,""Cultivos y productos de ganadería"",""032"",""Argentina"",""5312"",""Área cosechada"",""0116"",""Centeno"",""2015"",""2015"",""ha"",""51112"",""A"",""Valor oficial"",""""";
"QCL,""Cultivos y productos de ganadería"",""032"",""Argentina"",""5412"",""Rendimiento"",""0116"",""Centeno"",""2015"",""2015"",""kg/ha"",""1905.6"",""A"",""Valor oficial"",""""";
"QCL,""Cultivos y productos de ganadería"",""032"",""Argentina"",""5510"",""Producción"",""0116"",""Centeno"",""2015"",""2015"",""toneladas"",""97398"",""A"",""Valor oficial"",""""";
"QCL,""Cultivos y productos de ganadería"",""032"",""Argentina"",""5312"",""Área cosechada"",""0116"",""Centeno"",""2016"",""2016"",""ha"",""34390"",""A"",""Valor oficial"",""""";
"QCL,""Cultivos y productos de ganadería"",""032"",""Argentina"",""5412"",""Rendimiento"",""0116"",""Centeno"",""2016"",""2016"",""kg/ha"",""1764.4"",""A"",""Valor oficial"",""""";
"QCL,""Cultivos y productos de ganadería"",""032"",""Argentina"",""5510"",""Producción"",""0116"",""Centeno"",""2016"",""2016"",""toneladas"",""60676"",""A"",""Valor oficial"",""""";
"QCL,""Cultivos y productos de ganadería"",""032"",""Argentina"",""5312"",""Área cosechada"",""0116"",""Centeno"",""2017"",""2017"",""ha"",""40890"",""A"",""Valor oficial"",""""";
"QCL,""Cultivos y productos de ganadería"",""032"",""Argentina"",""5412"",""Rendimiento"",""0116"",""Centeno"",""2017"",""2017"",""kg/ha"",""1927.4"",""A"",""Valor oficial"",""""";
"QCL,""Cultivos y productos de ganadería"",""032"",""Argentina"",""5510"",""Producción"",""0116"",""Centeno"",""2017"",""2017"",""toneladas"",""78810"",""A"",""Valor oficial"",""""";
"QCL,""Cultivos y productos de ganadería"",""032"",""Argentina"",""5312"",""Área cosechada"",""0116"",""Centeno"",""2018"",""2018"",""ha"",""45034"",""A"",""Valor oficial"",""""";
"QCL,""Cultivos y productos de ganadería"",""032"",""Argentina"",""5412"",""Rendimiento"",""0116"",""Centeno"",""2018"",""2018"",""kg/ha"",""1911.8"",""A"",""Valor oficial"",""""";
"QCL,""Cultivos y productos de ganadería"",""032"",""Argentina"",""5510"",""Producción"",""0116"",""Centeno"",""2018"",""2018"",""toneladas"",""86098"",""A"",""Valor oficial"",""""";
"QCL,""Cultivos y productos de ganadería"",""032"",""Argentina"",""5312"",""Área cosechada"",""0116"",""Centeno"",""2019"",""2019"",""ha"",""49321"",""A"",""Valor oficial"",""""";
"QCL,""Cultivos y productos de ganadería"",""032"",""Argentina"",""5412"",""Rendimiento"",""0116"",""Centeno"",""2019"",""2019"",""kg/ha"",""1755.2"",""A"",""Valor oficial"",""""";
"QCL,""Cultivos y productos de ganadería"",""032"",""Argentina"",""5510"",""Producción"",""0116"",""Centeno"",""2019"",""2019"",""toneladas"",""86566"",""A"",""Valor oficial"",""""";
"QCL,""Cultivos y productos de ganadería"",""032"",""Argentina"",""5312"",""Área cosechada"",""0116"",""Centeno"",""2020"",""2020"",""ha"",""108532"",""A"",""Valor oficial"",""""";
"QCL,""Cultivos y productos de ganadería"",""032"",""Argentina"",""5412"",""Rendimiento"",""0116"",""Centeno"",""2020"",""2020"",""kg/ha"",""2038.1"",""A"",""Valor oficial"",""""";
"QCL,""Cultivos y productos de ganadería"",""032"",""Argentina"",""5510"",""Producción"",""0116"",""Centeno"",""2020"",""2020"",""toneladas"",""221201"",""A"",""Valor oficial"",""""";
"QCL,""Cultivos y productos de ganadería"",""032"",""Argentina"",""5312"",""Área cosechada"",""0116"",""Centeno"",""2021"",""2021"",""ha"",""86000"",""A"",""Valor oficial"",""""";
"QCL,""Cultivos y productos de ganadería"",""032"",""Argentina"",""5412"",""Rendimiento"",""0116"",""Centeno"",""2021"",""2021"",""kg/ha"",""1580.8"",""A"",""Valor oficial"",""""";
"QCL,""Cultivos y productos de ganadería"",""032"",""Argentina"",""5510"",""Producción"",""0116"",""Centeno"",""2021"",""2021"",""toneladas"",""135945"",""A"",""Valor oficial"",""""";
"QCL,""Cultivos y productos de ganadería"",""032"",""Argentina"",""5312"",""Área cosechada"",""0116"",""Centeno"",""2022"",""2022"",""ha"",""116508"",""A"",""Valor oficial"",""""";
"QCL,""Cultivos y productos de ganadería"",""032"",""Argentina"",""5412"",""Rendimiento"",""0116"",""Centeno"",""2022"",""2022"",""kg/ha"",""1935.6"",""A"",""Valor oficial"",""""";
"QCL,""Cultivos y productos de ganadería"",""032"",""Argentina"",""5510"",""Producción"",""0116"",""Centeno"",""2022"",""2022"",""toneladas"",""225510"",""A"",""Valor oficial"",""""";
"QCL,""Cultivos y productos de ganadería"",""032"",""Argentina"",""5312"",""Área cosechada"",""0116"",""Centeno"",""2023"",""2023"",""ha"",""107792"",""A"",""Valor oficial"",""""";
"QCL,""Cultivos y productos de ganadería"",""032"",""Argentina"",""5412"",""Rendimiento"",""0116"",""Centeno"",""2023"",""2023"",""kg/ha"",""1664.6"",""A"",""Valor oficial"",""""";
"QCL,""Cultivos y productos de ganadería"",""032"",""Argentina"",""5510"",""Producción"",""0116"",""Centeno"",""2023"",""2023"",""toneladas"",""179428"",""A"",""Valor oficial"",""""";
"QCL,""Cultivos y productos de ganadería"",""032"",""Argentina"",""5312"",""Área cosechada"",""0116"",""Centeno"",""2024"",""2024"",""ha"",""118002"",""A"",""Valor oficial"",""""";
"QCL,""Cultivos y productos de ganadería"",""032"",""Argentina"",""5412"",""Rendimiento"",""0116"",""Centeno"",""2024"",""2024"",""kg/ha"",""1844.9"",""A"",""Valor oficial"",""""";
"QCL,""Cultivos y productos de ganadería"",""032"",""Argentina"",""5510"",""Producción"",""0116"",""Centeno"",""2024"",""2024"",""toneladas"",""217699"",""A"",""Valor oficial"",""""";
"QCL,""Cultivos y productos de ganadería"",""032"",""Argentina"",""5312"",""Área cosechada"",""01199.90"",""Cereales n.c.p."",""2010"",""2010"",""ha"",""26000"",""E"",""Valor estimado"",""""";
"QCL,""Cultivos y productos de ganadería"",""032"",""Argentina"",""5412"",""Rendimiento"",""01199.90"",""Cereales n.c.p."",""2010"",""2010"",""kg/ha"",""729.9"",""E"",""Valor estimado"",""""";
"QCL,""Cultivos y productos de ganadería"",""032"",""Argentina"",""5510"",""Producción"",""01199.90"",""Cereales n.c.p."",""2010"",""2010"",""toneladas"",""18978"",""A"",""Valor oficial"",""""";
"QCL,""Cultivos y productos de ganadería"",""032"",""Argentina"",""5312"",""Área cosechada"",""01199.90"",""Cereales n.c.p."",""2011"",""2011"",""ha"",""26000"",""E"",""Valor estimado"",""""";
"QCL,""Cultivos y productos de ganadería"",""032"",""Argentina"",""5412"",""Rendimiento"",""01199.90"",""Cereales n.c.p."",""2011"",""2011"",""kg/ha"",""633"",""E"",""Valor estimado"",""""";
"QCL,""Cultivos y productos de ganadería"",""032"",""Argentina"",""5510"",""Producción"",""01199.90"",""Cereales n.c.p."",""2011"",""2011"",""toneladas"",""16459"",""A"",""Valor oficial"",""""";
"QCL,""Cultivos y productos de ganadería"",""032"",""Argentina"",""5312"",""Área cosechada"",""01199.90"",""Cereales n.c.p."",""2012"",""2012"",""ha"",""37000"",""E"",""Valor estimado"",""""";
"QCL,""Cultivos y productos de ganadería"",""032"",""Argentina"",""5412"",""Rendimiento"",""01199.90"",""Cereales n.c.p."",""2012"",""2012"",""kg/ha"",""398.6"",""E"",""Valor estimado"",""""";
"QCL,""Cultivos y productos de ganadería"",""032"",""Argentina"",""5510"",""Producción"",""01199.90"",""Cereales n.c.p."",""2012"",""2012"",""toneladas"",""14750"",""A"",""Valor oficial"",""""";
"QCL,""Cultivos y productos de ganadería"",""032"",""Argentina"",""5312"",""Área cosechada"",""01199.90"",""Cereales n.c.p."",""2013"",""2013"",""ha"",""28000"",""E"",""Valor estimado"",""""";
"QCL,""Cultivos y productos de ganadería"",""032"",""Argentina"",""5412"",""Rendimiento"",""01199.90"",""Cereales n.c.p."",""2013"",""2013"",""kg/ha"",""696.4"",""E"",""Valor estimado"",""""";
"QCL,""Cultivos y productos de ganadería"",""032"",""Argentina"",""5510"",""Producción"",""01199.90"",""Cereales n.c.p."",""2013"",""2013"",""toneladas"",""19500"",""E"",""Valor estimado"",""""";
"QCL,""Cultivos y productos de ganadería"",""032"",""Argentina"",""5312"",""Área cosechada"",""01199.90"",""Cereales n.c.p."",""2014"",""2014"",""ha"",""25498"",""I"",""Valor imputado por una agencia receptora"",""""";
"QCL,""Cultivos y productos de ganadería"",""032"",""Argentina"",""5412"",""Rendimiento"",""01199.90"",""Cereales n.c.p."",""2014"",""2014"",""kg/ha"",""638.1"",""E"",""Valor estimado"",""""";
"QCL,""Cultivos y productos de ganadería"",""032"",""Argentina"",""5510"",""Producción"",""01199.90"",""Cereales n.c.p."",""2014"",""2014"",""toneladas"",""16269.58"",""I"",""Valor imputado por una agencia receptora"",""""";
"QCL,""Cultivos y productos de ganadería"",""032"",""Argentina"",""5312"",""Área cosechada"",""01199.90"",""Cereales n.c.p."",""2015"",""2015"",""ha"",""25377"",""I"",""Valor imputado por una agencia receptora"",""""";
"QCL,""Cultivos y productos de ganadería"",""032"",""Argentina"",""5412"",""Rendimiento"",""01199.90"",""Cereales n.c.p."",""2015"",""2015"",""kg/ha"",""634.9"",""E"",""Valor estimado"",""""";
"QCL,""Cultivos y productos de ganadería"",""032"",""Argentina"",""5510"",""Producción"",""01199.90"",""Cereales n.c.p."",""2015"",""2015"",""toneladas"",""16112.03"",""I"",""Valor imputado por una agencia receptora"",""""";
"QCL,""Cultivos y productos de ganadería"",""032"",""Argentina"",""5312"",""Área cosechada"",""01199.90"",""Cereales n.c.p."",""2016"",""2016"",""ha"",""26002"",""I"",""Valor imputado por una agencia receptora"",""""";
"QCL,""Cultivos y productos de ganadería"",""032"",""Argentina"",""5412"",""Rendimiento"",""01199.90"",""Cereales n.c.p."",""2016"",""2016"",""kg/ha"",""643.7"",""E"",""Valor estimado"",""""";
"QCL,""Cultivos y productos de ganadería"",""032"",""Argentina"",""5510"",""Producción"",""01199.90"",""Cereales n.c.p."",""2016"",""2016"",""toneladas"",""16736.97"",""I"",""Valor imputado por una agencia receptora"",""""";
"QCL,""Cultivos y productos de ganadería"",""032"",""Argentina"",""5312"",""Área cosechada"",""01199.90"",""Cereales n.c.p."",""2017"",""2017"",""ha"",""25728"",""I"",""Valor imputado por una agencia receptora"",""""";
"QCL,""Cultivos y productos de ganadería"",""032"",""Argentina"",""5412"",""Rendimiento"",""01199.90"",""Cereales n.c.p."",""2017"",""2017"",""kg/ha"",""643.3"",""E"",""Valor estimado"",""""";
"QCL,""Cultivos y productos de ganadería"",""032"",""Argentina"",""5510"",""Producción"",""01199.90"",""Cereales n.c.p."",""2017"",""2017"",""toneladas"",""16549.56"",""I"",""Valor imputado por una agencia receptora"",""""";
"QCL,""Cultivos y productos de ganadería"",""032"",""Argentina"",""5312"",""Área cosechada"",""01199.90"",""Cereales n.c.p."",""2018"",""2018"",""ha"",""26186"",""I"",""Valor imputado por una agencia receptora"",""""";
"QCL,""Cultivos y productos de ganadería"",""032"",""Argentina"",""5412"",""Rendimiento"",""01199.90"",""Cereales n.c.p."",""2018"",""2018"",""kg/ha"",""642.2"",""E"",""Valor estimado"",""""";
"QCL,""Cultivos y productos de ganadería"",""032"",""Argentina"",""5510"",""Producción"",""01199.90"",""Cereales n.c.p."",""2018"",""2018"",""toneladas"",""16817"",""I"",""Valor imputado por una agencia receptora"",""""";
"QCL,""Cultivos y productos de ganadería"",""032"",""Argentina"",""5312"",""Área cosechada"",""01199.90"",""Cereales n.c.p."",""2019"",""2019"",""ha"",""26168"",""I"",""Valor imputado por una agencia receptora"",""""";
"QCL,""Cultivos y productos de ganadería"",""032"",""Argentina"",""5412"",""Rendimiento"",""01199.90"",""Cereales n.c.p."",""2019"",""2019"",""kg/ha"",""643.9"",""E"",""Valor estimado"",""""";
"QCL,""Cultivos y productos de ganadería"",""032"",""Argentina"",""5510"",""Producción"",""01199.90"",""Cereales n.c.p."",""2019"",""2019"",""toneladas"",""16850.63"",""I"",""Valor imputado por una agencia receptora"",""""";
"QCL,""Cultivos y productos de ganadería"",""032"",""Argentina"",""5312"",""Área cosechada"",""01199.90"",""Cereales n.c.p."",""2020"",""2020"",""ha"",""26312"",""I"",""Valor imputado por una agencia receptora"",""""";
"QCL,""Cultivos y productos de ganadería"",""032"",""Argentina"",""5412"",""Rendimiento"",""01199.90"",""Cereales n.c.p."",""2020"",""2020"",""kg/ha"",""645"",""E"",""Valor estimado"",""""";
"QCL,""Cultivos y productos de ganadería"",""032"",""Argentina"",""5510"",""Producción"",""01199.90"",""Cereales n.c.p."",""2020"",""2020"",""toneladas"",""16970.83"",""I"",""Valor imputado por una agencia receptora"",""""";
"QCL,""Cultivos y productos de ganadería"",""032"",""Argentina"",""5312"",""Área cosechada"",""01199.90"",""Cereales n.c.p."",""2021"",""2021"",""ha"",""26530"",""I"",""Valor imputado por una agencia receptora"",""""";
"QCL,""Cultivos y productos de ganadería"",""032"",""Argentina"",""5412"",""Rendimiento"",""01199.90"",""Cereales n.c.p."",""2021"",""2021"",""kg/ha"",""644.5"",""E"",""Valor estimado"",""""";
"QCL,""Cultivos y productos de ganadería"",""032"",""Argentina"",""5510"",""Producción"",""01199.90"",""Cereales n.c.p."",""2021"",""2021"",""toneladas"",""17098.34"",""I"",""Valor imputado por una agencia receptora"",""""";
"QCL,""Cultivos y productos de ganadería"",""032"",""Argentina"",""5312"",""Área cosechada"",""01199.90"",""Cereales n.c.p."",""2022"",""2022"",""ha"",""26785"",""I"",""Valor imputado por una agencia receptora"",""""";
"QCL,""Cultivos y productos de ganadería"",""032"",""Argentina"",""5412"",""Rendimiento"",""01199.90"",""Cereales n.c.p."",""2022"",""2022"",""kg/ha"",""644.5"",""E"",""Valor estimado"",""""";
"QCL,""Cultivos y productos de ganadería"",""032"",""Argentina"",""5510"",""Producción"",""01199.90"",""Cereales n.c.p."",""2022"",""2022"",""toneladas"",""17264.27"",""I"",""Valor imputado por una agencia receptora"",""""";
"QCL,""Cultivos y productos de ganadería"",""032"",""Argentina"",""5312"",""Área cosechada"",""01199.90"",""Cereales n.c.p."",""2023"",""2023"",""ha"",""26994"",""I"",""Valor imputado por una agencia receptora"",""""";
"QCL,""Cultivos y productos de ganadería"",""032"",""Argentina"",""5412"",""Rendimiento"",""01199.90"",""Cereales n.c.p."",""2023"",""2023"",""kg/ha"",""643.5"",""E"",""Valor estimado"",""""";
"QCL,""Cultivos y productos de ganadería"",""032"",""Argentina"",""5510"",""Producción"",""01199.90"",""Cereales n.c.p."",""2023"",""2023"",""toneladas"",""17371.54"",""I"",""Valor imputado por una agencia receptora"",""""";
"QCL,""Cultivos y productos de ganadería"",""032"",""Argentina"",""5312"",""Área cosechada"",""01199.90"",""Cereales n.c.p."",""2024"",""2024"",""ha"",""26770"",""E"",""Valor estimado"",""""";
"QCL,""Cultivos y productos de ganadería"",""032"",""Argentina"",""5412"",""Rendimiento"",""01199.90"",""Cereales n.c.p."",""2024"",""2024"",""kg/ha"",""644.2"",""E"",""Valor estimado"",""""";
"QCL,""Cultivos y productos de ganadería"",""032"",""Argentina"",""5510"",""Producción"",""01199.90"",""Cereales n.c.p."",""2024"",""2024"",""toneladas"",""17244.71"",""E"",""Valor estimado"",""""";
"QCL,""Cultivos y productos de ganadería"",""032"",""Argentina"",""5312"",""Área cosechada"",""01344.02"",""Cerezas"",""2010"",""2010"",""ha"",""1800"",""E"",""Valor estimado"",""""";
"QCL,""Cultivos y productos de ganadería"",""032"",""Argentina"",""5412"",""Rendimiento"",""01344.02"",""Cerezas"",""2010"",""2010"",""kg/ha"",""4208.9"",""E"",""Valor estimado"",""""";
"QCL,""Cultivos y productos de ganadería"",""032"",""Argentina"",""5510"",""Producción"",""01344.02"",""Cerezas"",""2010"",""2010"",""toneladas"",""7575.97"",""I"",""Valor imputado por una agencia receptora"",""""";
"QCL,""Cultivos y productos de ganadería"",""032"",""Argentina"",""5312"",""Área cosechada"",""01344.02"",""Cerezas"",""2011"",""2011"",""ha"",""1790"",""I"",""Valor imputado por una agencia receptora"",""""";
"QCL,""Cultivos y productos de ganadería"",""032"",""Argentina"",""5412"",""Rendimiento"",""01344.02"",""Cerezas"",""2011"",""2011"",""kg/ha"",""3950.3"",""E"",""Valor estimado"",""""";
"QCL,""Cultivos y productos de ganadería"",""032"",""Argentina"",""5510"",""Producción"",""01344.02"",""Cerezas"",""2011"",""2011"",""toneladas"",""7069.84"",""I"",""Valor imputado por una agencia receptora"",""""";
"QCL,""Cultivos y productos de ganadería"",""032"",""Argentina"",""5312"",""Área cosechada"",""01344.02"",""Cerezas"",""2012"",""2012"",""ha"",""1800"",""E"",""Valor estimado"",""""";
"QCL,""Cultivos y productos de ganadería"",""032"",""Argentina"",""5412"",""Rendimiento"",""01344.02"",""Cerezas"",""2012"",""2012"",""kg/ha"",""3611.1"",""E"",""Valor estimado"",""""";
"QCL,""Cultivos y productos de ganadería"",""032"",""Argentina"",""5510"",""Producción"",""01344.02"",""Cerezas"",""2012"",""2012"",""toneladas"",""6500"",""E"",""Valor estimado"",""""";
"QCL,""Cultivos y productos de ganadería"",""032"",""Argentina"",""5312"",""Área cosechada"",""01344.02"",""Cerezas"",""2013"",""2013"",""ha"",""2052"",""I"",""Valor imputado por una agencia receptora"",""""";
"QCL,""Cultivos y productos de ganadería"",""032"",""Argentina"",""5412"",""Rendimiento"",""01344.02"",""Cerezas"",""2013"",""2013"",""kg/ha"",""3382.6"",""E"",""Valor estimado"",""""";
"QCL,""Cultivos y productos de ganadería"",""032"",""Argentina"",""5510"",""Producción"",""01344.02"",""Cerezas"",""2013"",""2013"",""toneladas"",""6939.63"",""I"",""Valor imputado por una agencia receptora"",""""";
"QCL,""Cultivos y productos de ganadería"",""032"",""Argentina"",""5312"",""Área cosechada"",""01344.02"",""Cerezas"",""2014"",""2014"",""ha"",""2243"",""I"",""Valor imputado por una agencia receptora"",""""";
"QCL,""Cultivos y productos de ganadería"",""032"",""Argentina"",""5412"",""Rendimiento"",""01344.02"",""Cerezas"",""2014"",""2014"",""kg/ha"",""3159.1"",""E"",""Valor estimado"",""""";
"QCL,""Cultivos y productos de ganadería"",""032"",""Argentina"",""5510"",""Producción"",""01344.02"",""Cerezas"",""2014"",""2014"",""toneladas"",""7086.9"",""I"",""Valor imputado por una agencia receptora"",""""";
"QCL,""Cultivos y productos de ganadería"",""032"",""Argentina"",""5312"",""Área cosechada"",""01344.02"",""Cerezas"",""2015"",""2015"",""ha"",""2255"",""I"",""Valor imputado por una agencia receptora"",""""";
"QCL,""Cultivos y productos de ganadería"",""032"",""Argentina"",""5412"",""Rendimiento"",""01344.02"",""Cerezas"",""2015"",""2015"",""kg/ha"",""3155.4"",""E"",""Valor estimado"",""""";
"QCL,""Cultivos y productos de ganadería"",""032"",""Argentina"",""5510"",""Producción"",""01344.02"",""Cerezas"",""2015"",""2015"",""toneladas"",""7114.62"",""I"",""Valor imputado por una agencia receptora"",""""";
"QCL,""Cultivos y productos de ganadería"",""032"",""Argentina"",""5312"",""Área cosechada"",""01344.02"",""Cerezas"",""2016"",""2016"",""ha"",""2183"",""E"",""Valor estimado"",""""";
"QCL,""Cultivos y productos de ganadería"",""032"",""Argentina"",""5412"",""Rendimiento"",""01344.02"",""Cerezas"",""2016"",""2016"",""kg/ha"",""3286.9"",""E"",""Valor estimado"",""""";
"QCL,""Cultivos y productos de ganadería"",""032"",""Argentina"",""5510"",""Producción"",""01344.02"",""Cerezas"",""2016"",""2016"",""toneladas"",""7175.98"",""I"",""Valor imputado por una agencia receptora"",""""";
"QCL,""Cultivos y productos de ganadería"",""032"",""Argentina"",""5312"",""Área cosechada"",""01344.02"",""Cerezas"",""2017"",""2017"",""ha"",""2123"",""I"",""Valor imputado por una agencia receptora"",""""";
"QCL,""Cultivos y productos de ganadería"",""032"",""Argentina"",""5412"",""Rendimiento"",""01344.02"",""Cerezas"",""2017"",""2017"",""kg/ha"",""3413.2"",""E"",""Valor estimado"",""""";
"QCL,""Cultivos y productos de ganadería"",""032"",""Argentina"",""5510"",""Producción"",""01344.02"",""Cerezas"",""2017"",""2017"",""toneladas"",""7246.45"",""I"",""Valor imputado por una agencia receptora"",""""";
"QCL,""Cultivos y productos de ganadería"",""032"",""Argentina"",""5312"",""Área cosechada"",""01344.02"",""Cerezas"",""2018"",""2018"",""ha"",""2187"",""E"",""Valor estimado"",""""";
"QCL,""Cultivos y productos de ganadería"",""032"",""Argentina"",""5412"",""Rendimiento"",""01344.02"",""Cerezas"",""2018"",""2018"",""kg/ha"",""3341.6"",""E"",""Valor estimado"",""""";
"QCL,""Cultivos y productos de ganadería"",""032"",""Argentina"",""5510"",""Producción"",""01344.02"",""Cerezas"",""2018"",""2018"",""toneladas"",""7308.21"",""I"",""Valor imputado por una agencia receptora"",""""";
"QCL,""Cultivos y productos de ganadería"",""032"",""Argentina"",""5312"",""Área cosechada"",""01344.02"",""Cerezas"",""2019"",""2019"",""ha"",""2249"",""I"",""Valor imputado por una agencia receptora"",""""";
"QCL,""Cultivos y productos de ganadería"",""032"",""Argentina"",""5412"",""Rendimiento"",""01344.02"",""Cerezas"",""2019"",""2019"",""kg/ha"",""3274.1"",""E"",""Valor estimado"",""""";
"QCL,""Cultivos y productos de ganadería"",""032"",""Argentina"",""5510"",""Producción"",""01344.02"",""Cerezas"",""2019"",""2019"",""toneladas"",""7364.49"",""I"",""Valor imputado por una agencia receptora"",""""";
"QCL,""Cultivos y productos de ganadería"",""032"",""Argentina"",""5312"",""Área cosechada"",""01344.02"",""Cerezas"",""2020"",""2020"",""ha"",""2306"",""I"",""Valor imputado por una agencia receptora"",""""";
"QCL,""Cultivos y productos de ganadería"",""032"",""Argentina"",""5412"",""Rendimiento"",""01344.02"",""Cerezas"",""2020"",""2020"",""kg/ha"",""3214"",""E"",""Valor estimado"",""""";
"QCL,""Cultivos y productos de ganadería"",""032"",""Argentina"",""5510"",""Producción"",""01344.02"",""Cerezas"",""2020"",""2020"",""toneladas"",""7410.55"",""I"",""Valor imputado por una agencia receptora"",""""";
"QCL,""Cultivos y productos de ganadería"",""032"",""Argentina"",""5312"",""Área cosechada"",""01344.02"",""Cerezas"",""2021"",""2021"",""ha"",""2247"",""E"",""Valor estimado"",""""";
"QCL,""Cultivos y productos de ganadería"",""032"",""Argentina"",""5412"",""Rendimiento"",""01344.02"",""Cerezas"",""2021"",""2021"",""kg/ha"",""3315.2"",""E"",""Valor estimado"",""""";
"QCL,""Cultivos y productos de ganadería"",""032"",""Argentina"",""5510"",""Producción"",""01344.02"",""Cerezas"",""2021"",""2021"",""toneladas"",""7450.4"",""I"",""Valor imputado por una agencia receptora"",""""";
"QCL,""Cultivos y productos de ganadería"",""032"",""Argentina"",""5312"",""Área cosechada"",""01344.02"",""Cerezas"",""2022"",""2022"",""ha"",""2267"",""E"",""Valor estimado"",""""";
"QCL,""Cultivos y productos de ganadería"",""032"",""Argentina"",""5412"",""Rendimiento"",""01344.02"",""Cerezas"",""2022"",""2022"",""kg/ha"",""3284.9"",""E"",""Valor estimado"",""""";
"QCL,""Cultivos y productos de ganadería"",""032"",""Argentina"",""5510"",""Producción"",""01344.02"",""Cerezas"",""2022"",""2022"",""toneladas"",""7448.38"",""I"",""Valor imputado por una agencia receptora"",""""";
"QCL,""Cultivos y productos de ganadería"",""032"",""Argentina"",""5312"",""Área cosechada"",""01344.02"",""Cerezas"",""2023"",""2023"",""ha"",""2274"",""E"",""Valor estimado"",""""";
"QCL,""Cultivos y productos de ganadería"",""032"",""Argentina"",""5412"",""Rendimiento"",""01344.02"",""Cerezas"",""2023"",""2023"",""kg/ha"",""3293.1"",""E"",""Valor estimado"",""""";
"QCL,""Cultivos y productos de ganadería"",""032"",""Argentina"",""5510"",""Producción"",""01344.02"",""Cerezas"",""2023"",""2023"",""toneladas"",""7487"",""I"",""Valor imputado por una agencia receptora"",""""";
"QCL,""Cultivos y productos de ganadería"",""032"",""Argentina"",""5312"",""Área cosechada"",""01344.02"",""Cerezas"",""2024"",""2024"",""ha"",""2263"",""E"",""Valor estimado"",""""";
"QCL,""Cultivos y productos de ganadería"",""032"",""Argentina"",""5412"",""Rendimiento"",""01344.02"",""Cerezas"",""2024"",""2024"",""kg/ha"",""3325.8"",""E"",""Valor estimado"",""""";
"QCL,""Cultivos y productos de ganadería"",""032"",""Argentina"",""5510"",""Producción"",""01344.02"",""Cerezas"",""2024"",""2024"",""toneladas"",""7525.62"",""I"",""Valor imputado por una agencia receptora"",""""";
"QCL,""Cultivos y productos de ganadería"",""032"",""Argentina"",""5312"",""Área cosechada"",""01346"",""Ciruelas y endrinas"",""2010"",""2010"",""ha"",""19427"",""I"",""Valor imputado por una agencia receptora"",""""";
"QCL,""Cultivos y productos de ganadería"",""032"",""Argentina"",""5412"",""Rendimiento"",""01346"",""Ciruelas y endrinas"",""2010"",""2010"",""kg/ha"",""9420.1"",""E"",""Valor estimado"",""""";
"QCL,""Cultivos y productos de ganadería"",""032"",""Argentina"",""5510"",""Producción"",""01346"",""Ciruelas y endrinas"",""2010"",""2010"",""toneladas"",""183000"",""A"",""Valor oficial"",""""";
"QCL,""Cultivos y productos de ganadería"",""032"",""Argentina"",""5312"",""Área cosechada"",""01346"",""Ciruelas y endrinas"",""2011"",""2011"",""ha"",""8569"",""I"",""Valor imputado por una agencia receptora"",""""";
"QCL,""Cultivos y productos de ganadería"",""032"",""Argentina"",""5412"",""Rendimiento"",""01346"",""Ciruelas y endrinas"",""2011"",""2011"",""kg/ha"",""9686.2"",""E"",""Valor estimado"",""""";
"QCL,""Cultivos y productos de ganadería"",""032"",""Argentina"",""5510"",""Producción"",""01346"",""Ciruelas y endrinas"",""2011"",""2011"",""toneladas"",""83000"",""A"",""Valor oficial"",""""";
"QCL,""Cultivos y productos de ganadería"",""032"",""Argentina"",""5312"",""Área cosechada"",""01346"",""Ciruelas y endrinas"",""2012"",""2012"",""ha"",""30377"",""I"",""Valor imputado por una agencia receptora"",""""";
"QCL,""Cultivos y productos de ganadería"",""032"",""Argentina"",""5412"",""Rendimiento"",""01346"",""Ciruelas y endrinas"",""2012"",""2012"",""kg/ha"",""8855.5"",""E"",""Valor estimado"",""""";
"QCL,""Cultivos y productos de ganadería"",""032"",""Argentina"",""5510"",""Producción"",""01346"",""Ciruelas y endrinas"",""2012"",""2012"",""toneladas"",""269000"",""A"",""Valor oficial"",""""";
"QCL,""Cultivos y productos de ganadería"",""032"",""Argentina"",""5312"",""Área cosechada"",""01346"",""Ciruelas y endrinas"",""2013"",""2013"",""ha"",""12000"",""E"",""Valor estimado"",""""";
"QCL,""Cultivos y productos de ganadería"",""032"",""Argentina"",""5412"",""Rendimiento"",""01346"",""Ciruelas y endrinas"",""2013"",""2013"",""kg/ha"",""3000"",""E"",""Valor estimado"",""""";
"QCL,""Cultivos y productos de ganadería"",""032"",""Argentina"",""5510"",""Producción"",""01346"",""Ciruelas y endrinas"",""2013"",""2013"",""toneladas"",""36000"",""A"",""Valor oficial"",""""";
"QCL,""Cultivos y productos de ganadería"",""032"",""Argentina"",""5312"",""Área cosechada"",""01346"",""Ciruelas y endrinas"",""2014"",""2014"",""ha"",""25660"",""E"",""Valor estimado"",""""";
"QCL,""Cultivos y productos de ganadería"",""032"",""Argentina"",""5412"",""Rendimiento"",""01346"",""Ciruelas y endrinas"",""2014"",""2014"",""kg/ha"",""6936.8"",""E"",""Valor estimado"",""""";
"QCL,""Cultivos y productos de ganadería"",""032"",""Argentina"",""5510"",""Producción"",""01346"",""Ciruelas y endrinas"",""2014"",""2014"",""toneladas"",""178000"",""A"",""Valor oficial"",""""";
"QCL,""Cultivos y productos de ganadería"",""032"",""Argentina"",""5312"",""Área cosechada"",""01346"",""Ciruelas y endrinas"",""2015"",""2015"",""ha"",""18510"",""A"",""Valor oficial"",""""";
"QCL,""Cultivos y productos de ganadería"",""032"",""Argentina"",""5412"",""Rendimiento"",""01346"",""Ciruelas y endrinas"",""2015"",""2015"",""kg/ha"",""8698"",""A"",""Valor oficial"",""""";
"QCL,""Cultivos y productos de ganadería"",""032"",""Argentina"",""5510"",""Producción"",""01346"",""Ciruelas y endrinas"",""2015"",""2015"",""toneladas"",""161000"",""A"",""Valor oficial"",""""";
"QCL,""Cultivos y productos de ganadería"",""032"",""Argentina"",""5312"",""Área cosechada"",""01346"",""Ciruelas y endrinas"",""2016"",""2016"",""ha"",""17253"",""A"",""Valor oficial"",""""";
"QCL,""Cultivos y productos de ganadería"",""032"",""Argentina"",""5412"",""Rendimiento"",""01346"",""Ciruelas y endrinas"",""2016"",""2016"",""kg/ha"",""8707.4"",""A"",""Valor oficial"",""""";
"QCL,""Cultivos y productos de ganadería"",""032"",""Argentina"",""5510"",""Producción"",""01346"",""Ciruelas y endrinas"",""2016"",""2016"",""toneladas"",""150229"",""A"",""Valor oficial"",""""";
"QCL,""Cultivos y productos de ganadería"",""032"",""Argentina"",""5312"",""Área cosechada"",""01346"",""Ciruelas y endrinas"",""2017"",""2017"",""ha"",""18152"",""I"",""Valor imputado por una agencia receptora"",""""";
"QCL,""Cultivos y productos de ganadería"",""032"",""Argentina"",""5412"",""Rendimiento"",""01346"",""Ciruelas y endrinas"",""2017"",""2017"",""kg/ha"",""9193"",""E"",""Valor estimado"",""""";
"QCL,""Cultivos y productos de ganadería"",""032"",""Argentina"",""5510"",""Producción"",""01346"",""Ciruelas y endrinas"",""2017"",""2017"",""toneladas"",""166873.36"",""I"",""Valor imputado por una agencia receptora"",""""";
"QCL,""Cultivos y productos de ganadería"",""032"",""Argentina"",""5312"",""Área cosechada"",""01346"",""Ciruelas y endrinas"",""2018"",""2018"",""ha"",""16481"",""A"",""Valor oficial"",""""";
"QCL,""Cultivos y productos de ganadería"",""032"",""Argentina"",""5412"",""Rendimiento"",""01346"",""Ciruelas y endrinas"",""2018"",""2018"",""kg/ha"",""10679"",""A"",""Valor oficial"",""""";
"QCL,""Cultivos y productos de ganadería"",""032"",""Argentina"",""5510"",""Producción"",""01346"",""Ciruelas y endrinas"",""2018"",""2018"",""toneladas"",""176000"",""A"",""Valor oficial"",""""";
"QCL,""Cultivos y productos de ganadería"",""032"",""Argentina"",""5312"",""Área cosechada"",""01346"",""Ciruelas y endrinas"",""2019"",""2019"",""ha"",""16949"",""I"",""Valor imputado por una agencia receptora"",""""";
"QCL,""Cultivos y productos de ganadería"",""032"",""Argentina"",""5412"",""Rendimiento"",""01346"",""Ciruelas y endrinas"",""2019"",""2019"",""kg/ha"",""10345.6"",""E"",""Valor estimado"",""""";
"QCL,""Cultivos y productos de ganadería"",""032"",""Argentina"",""5510"",""Producción"",""01346"",""Ciruelas y endrinas"",""2019"",""2019"",""toneladas"",""175346.63"",""I"",""Valor imputado por una agencia receptora"",""""";
"QCL,""Cultivos y productos de ganadería"",""032"",""Argentina"",""5312"",""Área cosechada"",""01346"",""Ciruelas y endrinas"",""2020"",""2020"",""ha"",""17439"",""I"",""Valor imputado por una agencia receptora"",""""";
"QCL,""Cultivos y productos de ganadería"",""032"",""Argentina"",""5412"",""Rendimiento"",""01346"",""Ciruelas y endrinas"",""2020"",""2020"",""kg/ha"",""9850.8"",""E"",""Valor estimado"",""""";
"QCL,""Cultivos y productos de ganadería"",""032"",""Argentina"",""5510"",""Producción"",""01346"",""Ciruelas y endrinas"",""2020"",""2020"",""toneladas"",""171788.67"",""I"",""Valor imputado por una agencia receptora"",""""";
"QCL,""Cultivos y productos de ganadería"",""032"",""Argentina"",""5312"",""Área cosechada"",""01346"",""Ciruelas y endrinas"",""2021"",""2021"",""ha"",""18106"",""I"",""Valor imputado por una agencia receptora"",""""";
"QCL,""Cultivos y productos de ganadería"",""032"",""Argentina"",""5412"",""Rendimiento"",""01346"",""Ciruelas y endrinas"",""2021"",""2021"",""kg/ha"",""9631.1"",""E"",""Valor estimado"",""""";
"QCL,""Cultivos y productos de ganadería"",""032"",""Argentina"",""5510"",""Producción"",""01346"",""Ciruelas y endrinas"",""2021"",""2021"",""toneladas"",""174378.44"",""E"",""Valor estimado"",""""";
"QCL,""Cultivos y productos de ganadería"",""032"",""Argentina"",""5312"",""Área cosechada"",""01346"",""Ciruelas y endrinas"",""2022"",""2022"",""ha"",""18146"",""I"",""Valor imputado por una agencia receptora"",""""";
"QCL,""Cultivos y productos de ganadería"",""032"",""Argentina"",""5412"",""Rendimiento"",""01346"",""Ciruelas y endrinas"",""2022"",""2022"",""kg/ha"",""9580.1"",""E"",""Valor estimado"",""""";
"QCL,""Cultivos y productos de ganadería"",""032"",""Argentina"",""5510"",""Producción"",""01346"",""Ciruelas y endrinas"",""2022"",""2022"",""toneladas"",""173837.91"",""E"",""Valor estimado"",""""";
"QCL,""Cultivos y productos de ganadería"",""032"",""Argentina"",""5312"",""Área cosechada"",""01346"",""Ciruelas y endrinas"",""2023"",""2023"",""ha"",""18260"",""I"",""Valor imputado por una agencia receptora"",""""";
"QCL,""Cultivos y productos de ganadería"",""032"",""Argentina"",""5412"",""Rendimiento"",""01346"",""Ciruelas y endrinas"",""2023"",""2023"",""kg/ha"",""9492.7"",""E"",""Valor estimado"",""""";
"QCL,""Cultivos y productos de ganadería"",""032"",""Argentina"",""5510"",""Producción"",""01346"",""Ciruelas y endrinas"",""2023"",""2023"",""toneladas"",""173335.01"",""E"",""Valor estimado"",""""";
"QCL,""Cultivos y productos de ganadería"",""032"",""Argentina"",""5312"",""Área cosechada"",""01346"",""Ciruelas y endrinas"",""2024"",""2024"",""ha"",""18170"",""E"",""Valor estimado"",""""";
"QCL,""Cultivos y productos de ganadería"",""032"",""Argentina"",""5412"",""Rendimiento"",""01346"",""Ciruelas y endrinas"",""2024"",""2024"",""kg/ha"",""9567.8"",""E"",""Valor estimado"",""""";
"QCL,""Cultivos y productos de ganadería"",""032"",""Argentina"",""5510"",""Producción"",""01346"",""Ciruelas y endrinas"",""2024"",""2024"",""toneladas"",""173850.45"",""E"",""Valor estimado"",""""";
"QCL,""Cultivos y productos de ganadería"",""032"",""Argentina"",""5312"",""Área cosechada"",""01443"",""Colza o semillas de colza"",""2010"",""2010"",""ha"",""11525"",""A"",""Valor oficial"",""""";
"QCL,""Cultivos y productos de ganadería"",""032"",""Argentina"",""5412"",""Rendimiento"",""01443"",""Colza o semillas de colza"",""2010"",""2010"",""kg/ha"",""1493.7"",""A"",""Valor oficial"",""""";
"QCL,""Cultivos y productos de ganadería"",""032"",""Argentina"",""5510"",""Producción"",""01443"",""Colza o semillas de colza"",""2010"",""2010"",""toneladas"",""17215"",""A"",""Valor oficial"",""""";
"QCL,""Cultivos y productos de ganadería"",""032"",""Argentina"",""5312"",""Área cosechada"",""01443"",""Colza o semillas de colza"",""2011"",""2011"",""ha"",""12405"",""A"",""Valor oficial"",""""";
"QCL,""Cultivos y productos de ganadería"",""032"",""Argentina"",""5412"",""Rendimiento"",""01443"",""Colza o semillas de colza"",""2011"",""2011"",""kg/ha"",""1881.1"",""A"",""Valor oficial"",""""";
"QCL,""Cultivos y productos de ganadería"",""032"",""Argentina"",""5510"",""Producción"",""01443"",""Colza o semillas de colza"",""2011"",""2011"",""toneladas"",""23335"",""A"",""Valor oficial"",""""";
"QCL,""Cultivos y productos de ganadería"",""032"",""Argentina"",""5312"",""Área cosechada"",""01443"",""Colza o semillas de colza"",""2012"",""2012"",""ha"",""29465"",""A"",""Valor oficial"",""""";
"QCL,""Cultivos y productos de ganadería"",""032"",""Argentina"",""5412"",""Rendimiento"",""01443"",""Colza o semillas de colza"",""2012"",""2012"",""kg/ha"",""1718"",""A"",""Valor oficial"",""""";
"QCL,""Cultivos y productos de ganadería"",""032"",""Argentina"",""5510"",""Producción"",""01443"",""Colza o semillas de colza"",""2012"",""2012"",""toneladas"",""50620"",""A"",""Valor oficial"",""""";
"QCL,""Cultivos y productos de ganadería"",""032"",""Argentina"",""5312"",""Área cosechada"",""01443"",""Colza o semillas de colza"",""2013"",""2013"",""ha"",""87555"",""A"",""Valor oficial"",""""";
"QCL,""Cultivos y productos de ganadería"",""032"",""Argentina"",""5412"",""Rendimiento"",""01443"",""Colza o semillas de colza"",""2013"",""2013"",""kg/ha"",""1465.6"",""A"",""Valor oficial"",""""";
"QCL,""Cultivos y productos de ganadería"",""032"",""Argentina"",""5510"",""Producción"",""01443"",""Colza o semillas de colza"",""2013"",""2013"",""toneladas"",""128320"",""A"",""Valor oficial"",""""";
"QCL,""Cultivos y productos de ganadería"",""032"",""Argentina"",""5312"",""Área cosechada"",""01443"",""Colza o semillas de colza"",""2014"",""2014"",""ha"",""69305"",""A"",""Valor oficial"",""""";
"QCL,""Cultivos y productos de ganadería"",""032"",""Argentina"",""5412"",""Rendimiento"",""01443"",""Colza o semillas de colza"",""2014"",""2014"",""kg/ha"",""1614.6"",""A"",""Valor oficial"",""""";
"QCL,""Cultivos y productos de ganadería"",""032"",""Argentina"",""5510"",""Producción"",""01443"",""Colza o semillas de colza"",""2014"",""2014"",""toneladas"",""111900"",""A"",""Valor oficial"",""""";
"QCL,""Cultivos y productos de ganadería"",""032"",""Argentina"",""5312"",""Área cosechada"",""01443"",""Colza o semillas de colza"",""2015"",""2015"",""ha"",""54600"",""A"",""Valor oficial"",""""";
"QCL,""Cultivos y productos de ganadería"",""032"",""Argentina"",""5412"",""Rendimiento"",""01443"",""Colza o semillas de colza"",""2015"",""2015"",""kg/ha"",""1920.3"",""A"",""Valor oficial"",""""";
"QCL,""Cultivos y productos de ganadería"",""032"",""Argentina"",""5510"",""Producción"",""01443"",""Colza o semillas de colza"",""2015"",""2015"",""toneladas"",""104849"",""A"",""Valor oficial"",""""";
"QCL,""Cultivos y productos de ganadería"",""032"",""Argentina"",""5312"",""Área cosechada"",""01443"",""Colza o semillas de colza"",""2016"",""2016"",""ha"",""35410"",""A"",""Valor oficial"",""""";
"QCL,""Cultivos y productos de ganadería"",""032"",""Argentina"",""5412"",""Rendimiento"",""01443"",""Colza o semillas de colza"",""2016"",""2016"",""kg/ha"",""1902.9"",""A"",""Valor oficial"",""""";
"QCL,""Cultivos y productos de ganadería"",""032"",""Argentina"",""5510"",""Producción"",""01443"",""Colza o semillas de colza"",""2016"",""2016"",""toneladas"",""67381"",""A"",""Valor oficial"",""""";
"QCL,""Cultivos y productos de ganadería"",""032"",""Argentina"",""5312"",""Área cosechada"",""01443"",""Colza o semillas de colza"",""2017"",""2017"",""ha"",""24930"",""A"",""Valor oficial"",""""";
"QCL,""Cultivos y productos de ganadería"",""032"",""Argentina"",""5412"",""Rendimiento"",""01443"",""Colza o semillas de colza"",""2017"",""2017"",""kg/ha"",""1999.2"",""A"",""Valor oficial"",""""";
"QCL,""Cultivos y productos de ganadería"",""032"",""Argentina"",""5510"",""Producción"",""01443"",""Colza o semillas de colza"",""2017"",""2017"",""toneladas"",""49840"",""A"",""Valor oficial"",""""";
"QCL,""Cultivos y productos de ganadería"",""032"",""Argentina"",""5312"",""Área cosechada"",""01443"",""Colza o semillas de colza"",""2018"",""2018"",""ha"",""18220"",""A"",""Valor oficial"",""""";
"QCL,""Cultivos y productos de ganadería"",""032"",""Argentina"",""5412"",""Rendimiento"",""01443"",""Colza o semillas de colza"",""2018"",""2018"",""kg/ha"",""1945.6"",""A"",""Valor oficial"",""""";
"QCL,""Cultivos y productos de ganadería"",""032"",""Argentina"",""5510"",""Producción"",""01443"",""Colza o semillas de colza"",""2018"",""2018"",""toneladas"",""35449"",""A"",""Valor oficial"",""""";
"QCL,""Cultivos y productos de ganadería"",""032"",""Argentina"",""5312"",""Área cosechada"",""01443"",""Colza o semillas de colza"",""2019"",""2019"",""ha"",""18574"",""A"",""Valor oficial"",""""";
"QCL,""Cultivos y productos de ganadería"",""032"",""Argentina"",""5412"",""Rendimiento"",""01443"",""Colza o semillas de colza"",""2019"",""2019"",""kg/ha"",""2136.8"",""A"",""Valor oficial"",""""";
"QCL,""Cultivos y productos de ganadería"",""032"",""Argentina"",""5510"",""Producción"",""01443"",""Colza o semillas de colza"",""2019"",""2019"",""toneladas"",""39689"",""A"",""Valor oficial"",""""";
"QCL,""Cultivos y productos de ganadería"",""032"",""Argentina"",""5312"",""Área cosechada"",""01443"",""Colza o semillas de colza"",""2020"",""2020"",""ha"",""16562"",""A"",""Valor oficial"",""""";
"QCL,""Cultivos y productos de ganadería"",""032"",""Argentina"",""5412"",""Rendimiento"",""01443"",""Colza o semillas de colza"",""2020"",""2020"",""kg/ha"",""1963.2"",""A"",""Valor oficial"",""""";
"QCL,""Cultivos y productos de ganadería"",""032"",""Argentina"",""5510"",""Producción"",""01443"",""Colza o semillas de colza"",""2020"",""2020"",""toneladas"",""32514"",""A"",""Valor oficial"",""""";
"QCL,""Cultivos y productos de ganadería"",""032"",""Argentina"",""5312"",""Área cosechada"",""01443"",""Colza o semillas de colza"",""2021"",""2021"",""ha"",""17936"",""A"",""Valor oficial"",""""";
"QCL,""Cultivos y productos de ganadería"",""032"",""Argentina"",""5412"",""Rendimiento"",""01443"",""Colza o semillas de colza"",""2021"",""2021"",""kg/ha"",""996.2"",""A"",""Valor oficial"",""""";
"QCL,""Cultivos y productos de ganadería"",""032"",""Argentina"",""5510"",""Producción"",""01443"",""Colza o semillas de colza"",""2021"",""2021"",""toneladas"",""17868"",""A"",""Valor oficial"",""""";
"QCL,""Cultivos y productos de ganadería"",""032"",""Argentina"",""5312"",""Área cosechada"",""01443"",""Colza o semillas de colza"",""2022"",""2022"",""ha"",""25835"",""A"",""Valor oficial"",""""";
"QCL,""Cultivos y productos de ganadería"",""032"",""Argentina"",""5412"",""Rendimiento"",""01443"",""Colza o semillas de colza"",""2022"",""2022"",""kg/ha"",""2048.2"",""A"",""Valor oficial"",""""";
"QCL,""Cultivos y productos de ganadería"",""032"",""Argentina"",""5510"",""Producción"",""01443"",""Colza o semillas de colza"",""2022"",""2022"",""toneladas"",""52915"",""A"",""Valor oficial"",""""";
"QCL,""Cultivos y productos de ganadería"",""032"",""Argentina"",""5312"",""Área cosechada"",""01443"",""Colza o semillas de colza"",""2023"",""2023"",""ha"",""22862"",""A"",""Valor oficial"",""""";
"QCL,""Cultivos y productos de ganadería"",""032"",""Argentina"",""5412"",""Rendimiento"",""01443"",""Colza o semillas de colza"",""2023"",""2023"",""kg/ha"",""1705.8"",""A"",""Valor oficial"",""""";
"QCL,""Cultivos y productos de ganadería"",""032"",""Argentina"",""5510"",""Producción"",""01443"",""Colza o semillas de colza"",""2023"",""2023"",""toneladas"",""38999"",""A"",""Valor oficial"",""""";
"QCL,""Cultivos y productos de ganadería"",""032"",""Argentina"",""5312"",""Área cosechada"",""01443"",""Colza o semillas de colza"",""2024"",""2024"",""ha"",""32449"",""A"",""Valor oficial"",""""";
"QCL,""Cultivos y productos de ganadería"",""032"",""Argentina"",""5412"",""Rendimiento"",""01443"",""Colza o semillas de colza"",""2024"",""2024"",""kg/ha"",""1391.8"",""A"",""Valor oficial"",""""";
"QCL,""Cultivos y productos de ganadería"",""032"",""Argentina"",""5510"",""Producción"",""01443"",""Colza o semillas de colza"",""2024"",""2024"",""toneladas"",""45162"",""A"",""Valor oficial"",""""";
"QCL,""Cultivos y productos de ganadería"",""032"",""Argentina"",""5312"",""Área cosechada"",""01659"",""Conos de lúpulo"",""2010"",""2010"",""ha"",""370"",""E"",""Valor estimado"",""""";
"QCL,""Cultivos y productos de ganadería"",""032"",""Argentina"",""5412"",""Rendimiento"",""01659"",""Conos de lúpulo"",""2010"",""2010"",""kg/ha"",""1216.2"",""E"",""Valor estimado"",""""";
"QCL,""Cultivos y productos de ganadería"",""032"",""Argentina"",""5510"",""Producción"",""01659"",""Conos de lúpulo"",""2010"",""2010"",""toneladas"",""450"",""E"",""Valor estimado"",""""";
"QCL,""Cultivos y productos de ganadería"",""032"",""Argentina"",""5312"",""Área cosechada"",""01659"",""Conos de lúpulo"",""2011"",""2011"",""ha"",""370"",""E"",""Valor estimado"",""""";
"QCL,""Cultivos y productos de ganadería"",""032"",""Argentina"",""5412"",""Rendimiento"",""01659"",""Conos de lúpulo"",""2011"",""2011"",""kg/ha"",""1216.2"",""E"",""Valor estimado"",""""";
"QCL,""Cultivos y productos de ganadería"",""032"",""Argentina"",""5510"",""Producción"",""01659"",""Conos de lúpulo"",""2011"",""2011"",""toneladas"",""450"",""E"",""Valor estimado"",""""";
"QCL,""Cultivos y productos de ganadería"",""032"",""Argentina"",""5312"",""Área cosechada"",""01659"",""Conos de lúpulo"",""2012"",""2012"",""ha"",""370"",""E"",""Valor estimado"",""""";
"QCL,""Cultivos y productos de ganadería"",""032"",""Argentina"",""5412"",""Rendimiento"",""01659"",""Conos de lúpulo"",""2012"",""2012"",""kg/ha"",""1216.2"",""E"",""Valor estimado"",""""";
"QCL,""Cultivos y productos de ganadería"",""032"",""Argentina"",""5510"",""Producción"",""01659"",""Conos de lúpulo"",""2012"",""2012"",""toneladas"",""450"",""E"",""Valor estimado"",""""";
"QCL,""Cultivos y productos de ganadería"",""032"",""Argentina"",""5312"",""Área cosechada"",""01659"",""Conos de lúpulo"",""2013"",""2013"",""ha"",""370"",""I"",""Valor imputado por una agencia receptora"",""""";
"QCL,""Cultivos y productos de ganadería"",""032"",""Argentina"",""5412"",""Rendimiento"",""01659"",""Conos de lúpulo"",""2013"",""2013"",""kg/ha"",""1218.4"",""E"",""Valor estimado"",""""";
"QCL,""Cultivos y productos de ganadería"",""032"",""Argentina"",""5510"",""Producción"",""01659"",""Conos de lúpulo"",""2013"",""2013"",""toneladas"",""450.84"",""I"",""Valor imputado por una agencia receptora"",""""";
"QCL,""Cultivos y productos de ganadería"",""032"",""Argentina"",""5312"",""Área cosechada"",""01659"",""Conos de lúpulo"",""2014"",""2014"",""ha"",""372"",""I"",""Valor imputado por una agencia receptora"",""""";
"QCL,""Cultivos y productos de ganadería"",""032"",""Argentina"",""5412"",""Rendimiento"",""01659"",""Conos de lúpulo"",""2014"",""2014"",""kg/ha"",""1219.8"",""E"",""Valor estimado"",""""";
"QCL,""Cultivos y productos de ganadería"",""032"",""Argentina"",""5510"",""Producción"",""01659"",""Conos de lúpulo"",""2014"",""2014"",""toneladas"",""453.33"",""I"",""Valor imputado por una agencia receptora"",""""";
"QCL,""Cultivos y productos de ganadería"",""032"",""Argentina"",""5312"",""Área cosechada"",""01659"",""Conos de lúpulo"",""2015"",""2015"",""ha"",""381"",""I"",""Valor imputado por una agencia receptora"",""""";
"QCL,""Cultivos y productos de ganadería"",""032"",""Argentina"",""5412"",""Rendimiento"",""01659"",""Conos de lúpulo"",""2015"",""2015"",""kg/ha"",""1221"",""E"",""Valor estimado"",""""";
"QCL,""Cultivos y productos de ganadería"",""032"",""Argentina"",""5510"",""Producción"",""01659"",""Conos de lúpulo"",""2015"",""2015"",""toneladas"",""465.45"",""I"",""Valor imputado por una agencia receptora"",""""";
"QCL,""Cultivos y productos de ganadería"",""032"",""Argentina"",""5312"",""Área cosechada"",""01659"",""Conos de lúpulo"",""2016"",""2016"",""ha"",""386"",""I"",""Valor imputado por una agencia receptora"",""""";
"QCL,""Cultivos y productos de ganadería"",""032"",""Argentina"",""5412"",""Rendimiento"",""01659"",""Conos de lúpulo"",""2016"",""2016"",""kg/ha"",""1221.8"",""E"",""Valor estimado"",""""";
"QCL,""Cultivos y productos de ganadería"",""032"",""Argentina"",""5510"",""Producción"",""01659"",""Conos de lúpulo"",""2016"",""2016"",""toneladas"",""471.26"",""I"",""Valor imputado por una agencia receptora"",""""";
"QCL,""Cultivos y productos de ganadería"",""032"",""Argentina"",""5312"",""Área cosechada"",""01659"",""Conos de lúpulo"",""2017"",""2017"",""ha"",""391"",""I"",""Valor imputado por una agencia receptora"",""""";
"QCL,""Cultivos y productos de ganadería"",""032"",""Argentina"",""5412"",""Rendimiento"",""01659"",""Conos de lúpulo"",""2017"",""2017"",""kg/ha"",""1222.6"",""E"",""Valor estimado"",""""";
"QCL,""Cultivos y productos de ganadería"",""032"",""Argentina"",""5510"",""Producción"",""01659"",""Conos de lúpulo"",""2017"",""2017"",""toneladas"",""477.96"",""I"",""Valor imputado por una agencia receptora"",""""";
"QCL,""Cultivos y productos de ganadería"",""032"",""Argentina"",""5312"",""Área cosechada"",""01659"",""Conos de lúpulo"",""2018"",""2018"",""ha"",""392"",""I"",""Valor imputado por una agencia receptora"",""""";
"QCL,""Cultivos y productos de ganadería"",""032"",""Argentina"",""5412"",""Rendimiento"",""01659"",""Conos de lúpulo"",""2018"",""2018"",""kg/ha"",""1223.6"",""E"",""Valor estimado"",""""";
"QCL,""Cultivos y productos de ganadería"",""032"",""Argentina"",""5510"",""Producción"",""01659"",""Conos de lúpulo"",""2018"",""2018"",""toneladas"",""480.02"",""I"",""Valor imputado por una agencia receptora"",""""";
"QCL,""Cultivos y productos de ganadería"",""032"",""Argentina"",""5312"",""Área cosechada"",""01659"",""Conos de lúpulo"",""2019"",""2019"",""ha"",""393"",""I"",""Valor imputado por una agencia receptora"",""""";
"QCL,""Cultivos y productos de ganadería"",""032"",""Argentina"",""5412"",""Rendimiento"",""01659"",""Conos de lúpulo"",""2019"",""2019"",""kg/ha"",""1224.4"",""E"",""Valor estimado"",""""";
"QCL,""Cultivos y productos de ganadería"",""032"",""Argentina"",""5510"",""Producción"",""01659"",""Conos de lúpulo"",""2019"",""2019"",""toneladas"",""480.9"",""I"",""Valor imputado por una agencia receptora"",""""";
"QCL,""Cultivos y productos de ganadería"",""032"",""Argentina"",""5312"",""Área cosechada"",""01659"",""Conos de lúpulo"",""2020"",""2020"",""ha"",""394"",""I"",""Valor imputado por una agencia receptora"",""""";
"QCL,""Cultivos y productos de ganadería"",""032"",""Argentina"",""5412"",""Rendimiento"",""01659"",""Conos de lúpulo"",""2020"",""2020"",""kg/ha"",""1224.8"",""E"",""Valor estimado"",""""";
"QCL,""Cultivos y productos de ganadería"",""032"",""Argentina"",""5510"",""Producción"",""01659"",""Conos de lúpulo"",""2020"",""2020"",""toneladas"",""482.9"",""I"",""Valor imputado por una agencia receptora"",""""";
"QCL,""Cultivos y productos de ganadería"",""032"",""Argentina"",""5312"",""Área cosechada"",""01659"",""Conos de lúpulo"",""2021"",""2021"",""ha"",""399"",""I"",""Valor imputado por una agencia receptora"",""""";
"QCL,""Cultivos y productos de ganadería"",""032"",""Argentina"",""5412"",""Rendimiento"",""01659"",""Conos de lúpulo"",""2021"",""2021"",""kg/ha"",""1225.7"",""E"",""Valor estimado"",""""";
"QCL,""Cultivos y productos de ganadería"",""032"",""Argentina"",""5510"",""Producción"",""01659"",""Conos de lúpulo"",""2021"",""2021"",""toneladas"",""489.19"",""I"",""Valor imputado por una agencia receptora"",""""";
"QCL,""Cultivos y productos de ganadería"",""032"",""Argentina"",""5312"",""Área cosechada"",""01659"",""Conos de lúpulo"",""2022"",""2022"",""ha"",""401"",""I"",""Valor imputado por una agencia receptora"",""""";
"QCL,""Cultivos y productos de ganadería"",""032"",""Argentina"",""5412"",""Rendimiento"",""01659"",""Conos de lúpulo"",""2022"",""2022"",""kg/ha"",""1225.5"",""E"",""Valor estimado"",""""";
"QCL,""Cultivos y productos de ganadería"",""032"",""Argentina"",""5510"",""Producción"",""01659"",""Conos de lúpulo"",""2022"",""2022"",""toneladas"",""490.99"",""I"",""Valor imputado por una agencia receptora"",""""";
"QCL,""Cultivos y productos de ganadería"",""032"",""Argentina"",""5312"",""Área cosechada"",""01659"",""Conos de lúpulo"",""2023"",""2023"",""ha"",""403"",""I"",""Valor imputado por una agencia receptora"",""""";
"QCL,""Cultivos y productos de ganadería"",""032"",""Argentina"",""5412"",""Rendimiento"",""01659"",""Conos de lúpulo"",""2023"",""2023"",""kg/ha"",""1226.2"",""E"",""Valor estimado"",""""";
"QCL,""Cultivos y productos de ganadería"",""032"",""Argentina"",""5510"",""Producción"",""01659"",""Conos de lúpulo"",""2023"",""2023"",""toneladas"",""494.07"",""I"",""Valor imputado por una agencia receptora"",""""";
"QCL,""Cultivos y productos de ganadería"",""032"",""Argentina"",""5312"",""Área cosechada"",""01659"",""Conos de lúpulo"",""2024"",""2024"",""ha"",""405"",""I"",""Valor imputado por una agencia receptora"",""""";
"QCL,""Cultivos y productos de ganadería"",""032"",""Argentina"",""5412"",""Rendimiento"",""01659"",""Conos de lúpulo"",""2024"",""2024"",""kg/ha"",""1226.9"",""E"",""Valor estimado"",""""";
"QCL,""Cultivos y productos de ganadería"",""032"",""Argentina"",""5510"",""Producción"",""01659"",""Conos de lúpulo"",""2024"",""2024"",""toneladas"",""497.14"",""I"",""Valor imputado por una agencia receptora"",""""";
"QCL,""Cultivos y productos de ganadería"",""032"",""Argentina"",""5312"",""Área cosechada"",""01211"",""Esparragos"",""2010"",""2010"",""ha"",""2227"",""I"",""Valor imputado por una agencia receptora"",""""";
"QCL,""Cultivos y productos de ganadería"",""032"",""Argentina"",""5412"",""Rendimiento"",""01211"",""Esparragos"",""2010"",""2010"",""kg/ha"",""3956.9"",""E"",""Valor estimado"",""""";
"QCL,""Cultivos y productos de ganadería"",""032"",""Argentina"",""5510"",""Producción"",""01211"",""Esparragos"",""2010"",""2010"",""toneladas"",""8812.3"",""I"",""Valor imputado por una agencia receptora"",""""";
"QCL,""Cultivos y productos de ganadería"",""032"",""Argentina"",""5312"",""Área cosechada"",""01211"",""Esparragos"",""2011"",""2011"",""ha"",""2339"",""I"",""Valor imputado por una agencia receptora"",""""";
"QCL,""Cultivos y productos de ganadería"",""032"",""Argentina"",""5412"",""Rendimiento"",""01211"",""Esparragos"",""2011"",""2011"",""kg/ha"",""3954.5"",""E"",""Valor estimado"",""""";
"QCL,""Cultivos y productos de ganadería"",""032"",""Argentina"",""5510"",""Producción"",""01211"",""Esparragos"",""2011"",""2011"",""toneladas"",""9248.23"",""I"",""Valor imputado por una agencia receptora"",""""";
"QCL,""Cultivos y productos de ganadería"",""032"",""Argentina"",""5312"",""Área cosechada"",""01211"",""Esparragos"",""2012"",""2012"",""ha"",""2650"",""E"",""Valor estimado"",""""";
"QCL,""Cultivos y productos de ganadería"",""032"",""Argentina"",""5412"",""Rendimiento"",""01211"",""Esparragos"",""2012"",""2012"",""kg/ha"",""3962.3"",""E"",""Valor estimado"",""""";
"QCL,""Cultivos y productos de ganadería"",""032"",""Argentina"",""5510"",""Producción"",""01211"",""Esparragos"",""2012"",""2012"",""toneladas"",""10500"",""E"",""Valor estimado"",""""";
"QCL,""Cultivos y productos de ganadería"",""032"",""Argentina"",""5312"",""Área cosechada"",""01211"",""Esparragos"",""2013"",""2013"",""ha"",""2555"",""I"",""Valor imputado por una agencia receptora"",""""";
"QCL,""Cultivos y productos de ganadería"",""032"",""Argentina"",""5412"",""Rendimiento"",""01211"",""Esparragos"",""2013"",""2013"",""kg/ha"",""3952.8"",""E"",""Valor estimado"",""""";
"QCL,""Cultivos y productos de ganadería"",""032"",""Argentina"",""5510"",""Producción"",""01211"",""Esparragos"",""2013"",""2013"",""toneladas"",""10100.3"",""I"",""Valor imputado por una agencia receptora"",""""";
"QCL,""Cultivos y productos de ganadería"",""032"",""Argentina"",""5312"",""Área cosechada"",""01211"",""Esparragos"",""2014"",""2014"",""ha"",""2574"",""I"",""Valor imputado por una agencia receptora"",""""";
"QCL,""Cultivos y productos de ganadería"",""032"",""Argentina"",""5412"",""Rendimiento"",""01211"",""Esparragos"",""2014"",""2014"",""kg/ha"",""3956.8"",""E"",""Valor estimado"",""""";
"QCL,""Cultivos y productos de ganadería"",""032"",""Argentina"",""5510"",""Producción"",""01211"",""Esparragos"",""2014"",""2014"",""toneladas"",""10183.7"",""I"",""Valor imputado por una agencia receptora"",""""";
"QCL,""Cultivos y productos de ganadería"",""032"",""Argentina"",""5312"",""Área cosechada"",""01211"",""Esparragos"",""2015"",""2015"",""ha"",""2662"",""I"",""Valor imputado por una agencia receptora"",""""";
"QCL,""Cultivos y productos de ganadería"",""032"",""Argentina"",""5412"",""Rendimiento"",""01211"",""Esparragos"",""2015"",""2015"",""kg/ha"",""3975.1"",""E"",""Valor estimado"",""""";
"QCL,""Cultivos y productos de ganadería"",""032"",""Argentina"",""5510"",""Producción"",""01211"",""Esparragos"",""2015"",""2015"",""toneladas"",""10579.93"",""I"",""Valor imputado por una agencia receptora"",""""";
"QCL,""Cultivos y productos de ganadería"",""032"",""Argentina"",""5312"",""Área cosechada"",""01211"",""Esparragos"",""2016"",""2016"",""ha"",""2597"",""E"",""Valor estimado"",""""";
"QCL,""Cultivos y productos de ganadería"",""032"",""Argentina"",""5412"",""Rendimiento"",""01211"",""Esparragos"",""2016"",""2016"",""kg/ha"",""3961.8"",""E"",""Valor estimado"",""""";
"QCL,""Cultivos y productos de ganadería"",""032"",""Argentina"",""5510"",""Producción"",""01211"",""Esparragos"",""2016"",""2016"",""toneladas"",""10287.98"",""E"",""Valor estimado"",""""";
"QCL,""Cultivos y productos de ganadería"",""032"",""Argentina"",""5312"",""Área cosechada"",""01211"",""Esparragos"",""2017"",""2017"",""ha"",""2615"",""I"",""Valor imputado por una agencia receptora"",""""";
"QCL,""Cultivos y productos de ganadería"",""032"",""Argentina"",""5412"",""Rendimiento"",""01211"",""Esparragos"",""2017"",""2017"",""kg/ha"",""3955.6"",""E"",""Valor estimado"",""""";
"QCL,""Cultivos y productos de ganadería"",""032"",""Argentina"",""5510"",""Producción"",""01211"",""Esparragos"",""2017"",""2017"",""toneladas"",""10342.28"",""I"",""Valor imputado por una agencia receptora"",""""";
"QCL,""Cultivos y productos de ganadería"",""032"",""Argentina"",""5312"",""Área cosechada"",""01211"",""Esparragos"",""2018"",""2018"",""ha"",""2661"",""I"",""Valor imputado por una agencia receptora"",""""";
"QCL,""Cultivos y productos de ganadería"",""032"",""Argentina"",""5412"",""Rendimiento"",""01211"",""Esparragos"",""2018"",""2018"",""kg/ha"",""3955.8"",""E"",""Valor estimado"",""""";
"QCL,""Cultivos y productos de ganadería"",""032"",""Argentina"",""5510"",""Producción"",""01211"",""Esparragos"",""2018"",""2018"",""toneladas"",""10524.95"",""I"",""Valor imputado por una agencia receptora"",""""";
"QCL,""Cultivos y productos de ganadería"",""032"",""Argentina"",""5312"",""Área cosechada"",""01211"",""Esparragos"",""2019"",""2019"",""ha"",""2719"",""I"",""Valor imputado por una agencia receptora"",""""";
"QCL,""Cultivos y productos de ganadería"",""032"",""Argentina"",""5412"",""Rendimiento"",""01211"",""Esparragos"",""2019"",""2019"",""kg/ha"",""3956.2"",""E"",""Valor estimado"",""""";
"QCL,""Cultivos y productos de ganadería"",""032"",""Argentina"",""5510"",""Producción"",""01211"",""Esparragos"",""2019"",""2019"",""toneladas"",""10756.13"",""I"",""Valor imputado por una agencia receptora"",""""";
"QCL,""Cultivos y productos de ganadería"",""032"",""Argentina"",""5312"",""Área cosechada"",""01211"",""Esparragos"",""2020"",""2020"",""ha"",""2665"",""E"",""Valor estimado"",""""";
"QCL,""Cultivos y productos de ganadería"",""032"",""Argentina"",""5412"",""Rendimiento"",""01211"",""Esparragos"",""2020"",""2020"",""kg/ha"",""4134.1"",""E"",""Valor estimado"",""""";
"QCL,""Cultivos y productos de ganadería"",""032"",""Argentina"",""5510"",""Producción"",""01211"",""Esparragos"",""2020"",""2020"",""toneladas"",""11016.2"",""I"",""Valor imputado por una agencia receptora"",""""";
"QCL,""Cultivos y productos de ganadería"",""032"",""Argentina"",""5312"",""Área cosechada"",""01211"",""Esparragos"",""2021"",""2021"",""ha"",""2681"",""E"",""Valor estimado"",""""";
"QCL,""Cultivos y productos de ganadería"",""032"",""Argentina"",""5412"",""Rendimiento"",""01211"",""Esparragos"",""2021"",""2021"",""kg/ha"",""4015"",""E"",""Valor estimado"",""""";
"QCL,""Cultivos y productos de ganadería"",""032"",""Argentina"",""5510"",""Producción"",""01211"",""Esparragos"",""2021"",""2021"",""toneladas"",""10765.76"",""E"",""Valor estimado"",""""";
"QCL,""Cultivos y productos de ganadería"",""032"",""Argentina"",""5312"",""Área cosechada"",""01211"",""Esparragos"",""2022"",""2022"",""ha"",""2688"",""E"",""Valor estimado"",""""";
"QCL,""Cultivos y productos de ganadería"",""032"",""Argentina"",""5412"",""Rendimiento"",""01211"",""Esparragos"",""2022"",""2022"",""kg/ha"",""4034.5"",""E"",""Valor estimado"",""""";
"QCL,""Cultivos y productos de ganadería"",""032"",""Argentina"",""5510"",""Producción"",""01211"",""Esparragos"",""2022"",""2022"",""toneladas"",""10846.03"",""E"",""Valor estimado"",""""";
"QCL,""Cultivos y productos de ganadería"",""032"",""Argentina"",""5312"",""Área cosechada"",""01211"",""Esparragos"",""2023"",""2023"",""ha"",""2678"",""E"",""Valor estimado"",""""";
"QCL,""Cultivos y productos de ganadería"",""032"",""Argentina"",""5412"",""Rendimiento"",""01211"",""Esparragos"",""2023"",""2023"",""kg/ha"",""4061.1"",""E"",""Valor estimado"",""""";
"QCL,""Cultivos y productos de ganadería"",""032"",""Argentina"",""5510"",""Producción"",""01211"",""Esparragos"",""2023"",""2023"",""toneladas"",""10876"",""E"",""Valor estimado"",""""";
"QCL,""Cultivos y productos de ganadería"",""032"",""Argentina"",""5312"",""Área cosechada"",""01211"",""Esparragos"",""2024"",""2024"",""ha"",""2683"",""E"",""Valor estimado"",""""";
"QCL,""Cultivos y productos de ganadería"",""032"",""Argentina"",""5412"",""Rendimiento"",""01211"",""Esparragos"",""2024"",""2024"",""kg/ha"",""4036.9"",""E"",""Valor estimado"",""""";
"QCL,""Cultivos y productos de ganadería"",""032"",""Argentina"",""5510"",""Producción"",""01211"",""Esparragos"",""2024"",""2024"",""toneladas"",""10829.26"",""E"",""Valor estimado"",""""";
"QCL,""Cultivos y productos de ganadería"",""032"",""Argentina"",""5312"",""Área cosechada"",""01354"",""Fresas"",""2010"",""2010"",""ha"",""882"",""I"",""Valor imputado por una agencia receptora"",""""";
"QCL,""Cultivos y productos de ganadería"",""032"",""Argentina"",""5412"",""Rendimiento"",""01354"",""Fresas"",""2010"",""2010"",""kg/ha"",""30031.8"",""E"",""Valor estimado"",""""";
"QCL,""Cultivos y productos de ganadería"",""032"",""Argentina"",""5510"",""Producción"",""01354"",""Fresas"",""2010"",""2010"",""toneladas"",""26493.51"",""I"",""Valor imputado por una agencia receptora"",""""";
"QCL,""Cultivos y productos de ganadería"",""032"",""Argentina"",""5312"",""Área cosechada"",""01354"",""Fresas"",""2011"",""2011"",""ha"",""940"",""I"",""Valor imputado por una agencia receptora"",""""";
"QCL,""Cultivos y productos de ganadería"",""032"",""Argentina"",""5412"",""Rendimiento"",""01354"",""Fresas"",""2011"",""2011"",""kg/ha"",""30028.9"",""E"",""Valor estimado"",""""";
"QCL,""Cultivos y productos de ganadería"",""032"",""Argentina"",""5510"",""Producción"",""01354"",""Fresas"",""2011"",""2011"",""toneladas"",""28239.04"",""I"",""Valor imputado por una agencia receptora"",""""";
"QCL,""Cultivos y productos de ganadería"",""032"",""Argentina"",""5312"",""Área cosechada"",""01354"",""Fresas"",""2012"",""2012"",""ha"",""999"",""I"",""Valor imputado por una agencia receptora"",""""";
"QCL,""Cultivos y productos de ganadería"",""032"",""Argentina"",""5412"",""Rendimiento"",""01354"",""Fresas"",""2012"",""2012"",""kg/ha"",""30026.1"",""E"",""Valor estimado"",""""";
"QCL,""Cultivos y productos de ganadería"",""032"",""Argentina"",""5510"",""Producción"",""01354"",""Fresas"",""2012"",""2012"",""toneladas"",""29989.27"",""I"",""Valor imputado por una agencia receptora"",""""";
"QCL,""Cultivos y productos de ganadería"",""032"",""Argentina"",""5312"",""Área cosechada"",""01354"",""Fresas"",""2013"",""2013"",""ha"",""1057"",""I"",""Valor imputado por una agencia receptora"",""""";
"QCL,""Cultivos y productos de ganadería"",""032"",""Argentina"",""5412"",""Rendimiento"",""01354"",""Fresas"",""2013"",""2013"",""kg/ha"",""30023.2"",""E"",""Valor estimado"",""""";
"QCL,""Cultivos y productos de ganadería"",""032"",""Argentina"",""5510"",""Producción"",""01354"",""Fresas"",""2013"",""2013"",""toneladas"",""31726.04"",""I"",""Valor imputado por una agencia receptora"",""""";
"QCL,""Cultivos y productos de ganadería"",""032"",""Argentina"",""5312"",""Área cosechada"",""01354"",""Fresas"",""2014"",""2014"",""ha"",""1114"",""I"",""Valor imputado por una agencia receptora"",""""";
"QCL,""Cultivos y productos de ganadería"",""032"",""Argentina"",""5412"",""Rendimiento"",""01354"",""Fresas"",""2014"",""2014"",""kg/ha"",""30020.5"",""E"",""Valor estimado"",""""";
"QCL,""Cultivos y productos de ganadería"",""032"",""Argentina"",""5510"",""Producción"",""01354"",""Fresas"",""2014"",""2014"",""toneladas"",""33437.57"",""I"",""Valor imputado por una agencia receptora"",""""";
"QCL,""Cultivos y productos de ganadería"",""032"",""Argentina"",""5312"",""Área cosechada"",""01354"",""Fresas"",""2015"",""2015"",""ha"",""1170"",""I"",""Valor imputado por una agencia receptora"",""""";
"QCL,""Cultivos y productos de ganadería"",""032"",""Argentina"",""5412"",""Rendimiento"",""01354"",""Fresas"",""2015"",""2015"",""kg/ha"",""30018"",""E"",""Valor estimado"",""""";
"QCL,""Cultivos y productos de ganadería"",""032"",""Argentina"",""5510"",""Producción"",""01354"",""Fresas"",""2015"",""2015"",""toneladas"",""35114.14"",""I"",""Valor imputado por una agencia receptora"",""""";
"QCL,""Cultivos y productos de ganadería"",""032"",""Argentina"",""5312"",""Área cosechada"",""01354"",""Fresas"",""2016"",""2016"",""ha"",""1224"",""I"",""Valor imputado por una agencia receptora"",""""";
"QCL,""Cultivos y productos de ganadería"",""032"",""Argentina"",""5412"",""Rendimiento"",""01354"",""Fresas"",""2016"",""2016"",""kg/ha"",""30015.8"",""E"",""Valor estimado"",""""";
"QCL,""Cultivos y productos de ganadería"",""032"",""Argentina"",""5510"",""Producción"",""01354"",""Fresas"",""2016"",""2016"",""toneladas"",""36746.73"",""I"",""Valor imputado por una agencia receptora"",""""";
"QCL,""Cultivos y productos de ganadería"",""032"",""Argentina"",""5312"",""Área cosechada"",""01354"",""Fresas"",""2017"",""2017"",""ha"",""1277"",""I"",""Valor imputado por una agencia receptora"",""""";
"QCL,""Cultivos y productos de ganadería"",""032"",""Argentina"",""5412"",""Rendimiento"",""01354"",""Fresas"",""2017"",""2017"",""kg/ha"",""30014"",""E"",""Valor estimado"",""""";
"QCL,""Cultivos y productos de ganadería"",""032"",""Argentina"",""5510"",""Producción"",""01354"",""Fresas"",""2017"",""2017"",""toneladas"",""38326.63"",""I"",""Valor imputado por una agencia receptora"",""""";
"QCL,""Cultivos y productos de ganadería"",""032"",""Argentina"",""5312"",""Área cosechada"",""01354"",""Fresas"",""2018"",""2018"",""ha"",""1333"",""I"",""Valor imputado por una agencia receptora"",""""";
"QCL,""Cultivos y productos de ganadería"",""032"",""Argentina"",""5412"",""Rendimiento"",""01354"",""Fresas"",""2018"",""2018"",""kg/ha"",""30024.5"",""E"",""Valor estimado"",""""";
"QCL,""Cultivos y productos de ganadería"",""032"",""Argentina"",""5510"",""Producción"",""01354"",""Fresas"",""2018"",""2018"",""toneladas"",""40037.02"",""I"",""Valor imputado por una agencia receptora"",""""";
"QCL,""Cultivos y productos de ganadería"",""032"",""Argentina"",""5312"",""Área cosechada"",""01354"",""Fresas"",""2019"",""2019"",""ha"",""1400"",""X"",""Valor de fuente externa"",""Cifras no oficiales""";
"QCL,""Cultivos y productos de ganadería"",""032"",""Argentina"",""5412"",""Rendimiento"",""01354"",""Fresas"",""2019"",""2019"",""kg/ha"",""30000"",""X"",""Valor de fuente externa"",""""";
"QCL,""Cultivos y productos de ganadería"",""032"",""Argentina"",""5510"",""Producción"",""01354"",""Fresas"",""2019"",""2019"",""toneladas"",""42000"",""X"",""Valor de fuente externa"",""Cifras no oficiales""";
"QCL,""Cultivos y productos de ganadería"",""032"",""Argentina"",""5312"",""Área cosechada"",""01354"",""Fresas"",""2020"",""2020"",""ha"",""1400"",""E"",""Valor estimado"",""""";
"QCL,""Cultivos y productos de ganadería"",""032"",""Argentina"",""5412"",""Rendimiento"",""01354"",""Fresas"",""2020"",""2020"",""kg/ha"",""30000"",""E"",""Valor estimado"",""""";
"QCL,""Cultivos y productos de ganadería"",""032"",""Argentina"",""5510"",""Producción"",""01354"",""Fresas"",""2020"",""2020"",""toneladas"",""42000"",""E"",""Valor estimado"",""""";
"QCL,""Cultivos y productos de ganadería"",""032"",""Argentina"",""5312"",""Área cosechada"",""01354"",""Fresas"",""2021"",""2021"",""ha"",""1419"",""I"",""Valor imputado por una agencia receptora"",""""";
"QCL,""Cultivos y productos de ganadería"",""032"",""Argentina"",""5412"",""Rendimiento"",""01354"",""Fresas"",""2021"",""2021"",""kg/ha"",""30016.1"",""E"",""Valor estimado"",""""";
"QCL,""Cultivos y productos de ganadería"",""032"",""Argentina"",""5510"",""Producción"",""01354"",""Fresas"",""2021"",""2021"",""toneladas"",""42605.91"",""I"",""Valor imputado por una agencia receptora"",""""";
"QCL,""Cultivos y productos de ganadería"",""032"",""Argentina"",""5312"",""Área cosechada"",""01354"",""Fresas"",""2022"",""2022"",""ha"",""1551"",""I"",""Valor imputado por una agencia receptora"",""""";
"QCL,""Cultivos y productos de ganadería"",""032"",""Argentina"",""5412"",""Rendimiento"",""01354"",""Fresas"",""2022"",""2022"",""kg/ha"",""30019.4"",""E"",""Valor estimado"",""""";
"QCL,""Cultivos y productos de ganadería"",""032"",""Argentina"",""5510"",""Producción"",""01354"",""Fresas"",""2022"",""2022"",""toneladas"",""46575"",""I"",""Valor imputado por una agencia receptora"",""""";
"QCL,""Cultivos y productos de ganadería"",""032"",""Argentina"",""5312"",""Área cosechada"",""01354"",""Fresas"",""2023"",""2023"",""ha"",""1596"",""I"",""Valor imputado por una agencia receptora"",""""";
"QCL,""Cultivos y productos de ganadería"",""032"",""Argentina"",""5412"",""Rendimiento"",""01354"",""Fresas"",""2023"",""2023"",""kg/ha"",""30009.1"",""E"",""Valor estimado"",""""";
"QCL,""Cultivos y productos de ganadería"",""032"",""Argentina"",""5510"",""Producción"",""01354"",""Fresas"",""2023"",""2023"",""toneladas"",""47902.15"",""I"",""Valor imputado por una agencia receptora"",""""";
"QCL,""Cultivos y productos de ganadería"",""032"",""Argentina"",""5312"",""Área cosechada"",""01354"",""Fresas"",""2024"",""2024"",""ha"",""1650"",""I"",""Valor imputado por una agencia receptora"",""""";
"QCL,""Cultivos y productos de ganadería"",""032"",""Argentina"",""5412"",""Rendimiento"",""01354"",""Fresas"",""2024"",""2024"",""kg/ha"",""30007.8"",""E"",""Valor estimado"",""""";
"QCL,""Cultivos y productos de ganadería"",""032"",""Argentina"",""5510"",""Producción"",""01354"",""Fresas"",""2024"",""2024"",""toneladas"",""49527.31"",""I"",""Valor imputado por una agencia receptora"",""""";
"QCL,""Cultivos y productos de ganadería"",""032"",""Argentina"",""5312"",""Área cosechada"",""01701"",""Frijoles, secos"",""2010"",""2010"",""ha"",""268105"",""A"",""Valor oficial"",""""";
"QCL,""Cultivos y productos de ganadería"",""032"",""Argentina"",""5412"",""Rendimiento"",""01701"",""Frijoles, secos"",""2010"",""2010"",""kg/ha"",""1261.1"",""A"",""Valor oficial"",""""";
"QCL,""Cultivos y productos de ganadería"",""032"",""Argentina"",""5510"",""Producción"",""01701"",""Frijoles, secos"",""2010"",""2010"",""toneladas"",""338120"",""A"",""Valor oficial"",""""";
"QCL,""Cultivos y productos de ganadería"",""032"",""Argentina"",""5312"",""Área cosechada"",""01701"",""Frijoles, secos"",""2011"",""2011"",""ha"",""272745"",""A"",""Valor oficial"",""""";
"QCL,""Cultivos y productos de ganadería"",""032"",""Argentina"",""5412"",""Rendimiento"",""01701"",""Frijoles, secos"",""2011"",""2011"",""kg/ha"",""1220.1"",""A"",""Valor oficial"",""""";
"QCL,""Cultivos y productos de ganadería"",""032"",""Argentina"",""5510"",""Producción"",""01701"",""Frijoles, secos"",""2011"",""2011"",""toneladas"",""332782"",""A"",""Valor oficial"",""""";
"QCL,""Cultivos y productos de ganadería"",""032"",""Argentina"",""5312"",""Área cosechada"",""01701"",""Frijoles, secos"",""2012"",""2012"",""ha"",""299963"",""A"",""Valor oficial"",""""";
"QCL,""Cultivos y productos de ganadería"",""032"",""Argentina"",""5412"",""Rendimiento"",""01701"",""Frijoles, secos"",""2012"",""2012"",""kg/ha"",""1204"",""A"",""Valor oficial"",""""";
"QCL,""Cultivos y productos de ganadería"",""032"",""Argentina"",""5510"",""Producción"",""01701"",""Frijoles, secos"",""2012"",""2012"",""toneladas"",""361153"",""A"",""Valor oficial"",""""";
"QCL,""Cultivos y productos de ganadería"",""032"",""Argentina"",""5312"",""Área cosechada"",""01701"",""Frijoles, secos"",""2013"",""2013"",""ha"",""144540"",""A"",""Valor oficial"",""""";
"QCL,""Cultivos y productos de ganadería"",""032"",""Argentina"",""5412"",""Rendimiento"",""01701"",""Frijoles, secos"",""2013"",""2013"",""kg/ha"",""664.9"",""A"",""Valor oficial"",""""";
"QCL,""Cultivos y productos de ganadería"",""032"",""Argentina"",""5510"",""Producción"",""01701"",""Frijoles, secos"",""2013"",""2013"",""toneladas"",""96109"",""A"",""Valor oficial"",""""";
"QCL,""Cultivos y productos de ganadería"",""032"",""Argentina"",""5312"",""Área cosechada"",""01701"",""Frijoles, secos"",""2014"",""2014"",""ha"",""350150"",""A"",""Valor oficial"",""""";
"QCL,""Cultivos y productos de ganadería"",""032"",""Argentina"",""5412"",""Rendimiento"",""01701"",""Frijoles, secos"",""2014"",""2014"",""kg/ha"",""1227.6"",""A"",""Valor oficial"",""""";
"QCL,""Cultivos y productos de ganadería"",""032"",""Argentina"",""5510"",""Producción"",""01701"",""Frijoles, secos"",""2014"",""2014"",""toneladas"",""429832"",""A"",""Valor oficial"",""""";
"QCL,""Cultivos y productos de ganadería"",""032"",""Argentina"",""5312"",""Área cosechada"",""01701"",""Frijoles, secos"",""2015"",""2015"",""ha"",""436560"",""A"",""Valor oficial"",""""";
"QCL,""Cultivos y productos de ganadería"",""032"",""Argentina"",""5412"",""Rendimiento"",""01701"",""Frijoles, secos"",""2015"",""2015"",""kg/ha"",""1385.4"",""A"",""Valor oficial"",""""";
"QCL,""Cultivos y productos de ganadería"",""032"",""Argentina"",""5510"",""Producción"",""01701"",""Frijoles, secos"",""2015"",""2015"",""toneladas"",""604817"",""A"",""Valor oficial"",""""";
"QCL,""Cultivos y productos de ganadería"",""032"",""Argentina"",""5312"",""Área cosechada"",""01701"",""Frijoles, secos"",""2016"",""2016"",""ha"",""361135"",""A"",""Valor oficial"",""""";
"QCL,""Cultivos y productos de ganadería"",""032"",""Argentina"",""5412"",""Rendimiento"",""01701"",""Frijoles, secos"",""2016"",""2016"",""kg/ha"",""1015.1"",""A"",""Valor oficial"",""""";
"QCL,""Cultivos y productos de ganadería"",""032"",""Argentina"",""5510"",""Producción"",""01701"",""Frijoles, secos"",""2016"",""2016"",""toneladas"",""366588"",""A"",""Valor oficial"",""""";
"QCL,""Cultivos y productos de ganadería"",""032"",""Argentina"",""5312"",""Área cosechada"",""01701"",""Frijoles, secos"",""2017"",""2017"",""ha"",""415340"",""A"",""Valor oficial"",""""";
"QCL,""Cultivos y productos de ganadería"",""032"",""Argentina"",""5412"",""Rendimiento"",""01701"",""Frijoles, secos"",""2017"",""2017"",""kg/ha"",""995.8"",""A"",""Valor oficial"",""""";
"QCL,""Cultivos y productos de ganadería"",""032"",""Argentina"",""5510"",""Producción"",""01701"",""Frijoles, secos"",""2017"",""2017"",""toneladas"",""413605"",""A"",""Valor oficial"",""""";
"QCL,""Cultivos y productos de ganadería"",""032"",""Argentina"",""5312"",""Área cosechada"",""01701"",""Frijoles, secos"",""2018"",""2018"",""ha"",""416209"",""A"",""Valor oficial"",""""";
"QCL,""Cultivos y productos de ganadería"",""032"",""Argentina"",""5412"",""Rendimiento"",""01701"",""Frijoles, secos"",""2018"",""2018"",""kg/ha"",""1137.4"",""A"",""Valor oficial"",""""";
"QCL,""Cultivos y productos de ganadería"",""032"",""Argentina"",""5510"",""Producción"",""01701"",""Frijoles, secos"",""2018"",""2018"",""toneladas"",""473389"",""A"",""Valor oficial"",""""";
"QCL,""Cultivos y productos de ganadería"",""032"",""Argentina"",""5312"",""Área cosechada"",""01701"",""Frijoles, secos"",""2019"",""2019"",""ha"",""419927"",""A"",""Valor oficial"",""""";
"QCL,""Cultivos y productos de ganadería"",""032"",""Argentina"",""5412"",""Rendimiento"",""01701"",""Frijoles, secos"",""2019"",""2019"",""kg/ha"",""1378.1"",""A"",""Valor oficial"",""""";
"QCL,""Cultivos y productos de ganadería"",""032"",""Argentina"",""5510"",""Producción"",""01701"",""Frijoles, secos"",""2019"",""2019"",""toneladas"",""578713"",""A"",""Valor oficial"",""""";
"QCL,""Cultivos y productos de ganadería"",""032"",""Argentina"",""5312"",""Área cosechada"",""01701"",""Frijoles, secos"",""2020"",""2020"",""ha"",""488232"",""A"",""Valor oficial"",""""";
"QCL,""Cultivos y productos de ganadería"",""032"",""Argentina"",""5412"",""Rendimiento"",""01701"",""Frijoles, secos"",""2020"",""2020"",""kg/ha"",""1298.2"",""A"",""Valor oficial"",""""";
"QCL,""Cultivos y productos de ganadería"",""032"",""Argentina"",""5510"",""Producción"",""01701"",""Frijoles, secos"",""2020"",""2020"",""toneladas"",""633823"",""A"",""Valor oficial"",""""";
"QCL,""Cultivos y productos de ganadería"",""032"",""Argentina"",""5312"",""Área cosechada"",""01701"",""Frijoles, secos"",""2021"",""2021"",""ha"",""523218"",""A"",""Valor oficial"",""""";
"QCL,""Cultivos y productos de ganadería"",""032"",""Argentina"",""5412"",""Rendimiento"",""01701"",""Frijoles, secos"",""2021"",""2021"",""kg/ha"",""1450.2"",""A"",""Valor oficial"",""""";
"QCL,""Cultivos y productos de ganadería"",""032"",""Argentina"",""5510"",""Producción"",""01701"",""Frijoles, secos"",""2021"",""2021"",""toneladas"",""758750"",""A"",""Valor oficial"",""""";
"QCL,""Cultivos y productos de ganadería"",""032"",""Argentina"",""5312"",""Área cosechada"",""01701"",""Frijoles, secos"",""2022"",""2022"",""ha"",""535466"",""A"",""Valor oficial"",""""";
"QCL,""Cultivos y productos de ganadería"",""032"",""Argentina"",""5412"",""Rendimiento"",""01701"",""Frijoles, secos"",""2022"",""2022"",""kg/ha"",""1269.4"",""A"",""Valor oficial"",""""";
"QCL,""Cultivos y productos de ganadería"",""032"",""Argentina"",""5510"",""Producción"",""01701"",""Frijoles, secos"",""2022"",""2022"",""toneladas"",""679744"",""A"",""Valor oficial"",""""";
"QCL,""Cultivos y productos de ganadería"",""032"",""Argentina"",""5312"",""Área cosechada"",""01701"",""Frijoles, secos"",""2023"",""2023"",""ha"",""572364"",""A"",""Valor oficial"",""""";
"QCL,""Cultivos y productos de ganadería"",""032"",""Argentina"",""5412"",""Rendimiento"",""01701"",""Frijoles, secos"",""2023"",""2023"",""kg/ha"",""1384.7"",""A"",""Valor oficial"",""""";
"QCL,""Cultivos y productos de ganadería"",""032"",""Argentina"",""5510"",""Producción"",""01701"",""Frijoles, secos"",""2023"",""2023"",""toneladas"",""792564"",""A"",""Valor oficial"",""""";
"QCL,""Cultivos y productos de ganadería"",""032"",""Argentina"",""5312"",""Área cosechada"",""01701"",""Frijoles, secos"",""2024"",""2024"",""ha"",""565899"",""A"",""Valor oficial"",""""";
"QCL,""Cultivos y productos de ganadería"",""032"",""Argentina"",""5412"",""Rendimiento"",""01701"",""Frijoles, secos"",""2024"",""2024"",""kg/ha"",""839"",""A"",""Valor oficial"",""""";
"QCL,""Cultivos y productos de ganadería"",""032"",""Argentina"",""5510"",""Producción"",""01701"",""Frijoles, secos"",""2024"",""2024"",""toneladas"",""474764"",""A"",""Valor oficial"",""""";
"QCL,""Cultivos y productos de ganadería"",""032"",""Argentina"",""5312"",""Área cosechada"",""01703"",""Garbanzos secos"",""2010"",""2010"",""ha"",""17500"",""E"",""Valor estimado"",""""";
"QCL,""Cultivos y productos de ganadería"",""032"",""Argentina"",""5412"",""Rendimiento"",""01703"",""Garbanzos secos"",""2010"",""2010"",""kg/ha"",""1114.3"",""E"",""Valor estimado"",""""";
"QCL,""Cultivos y productos de ganadería"",""032"",""Argentina"",""5510"",""Producción"",""01703"",""Garbanzos secos"",""2010"",""2010"",""toneladas"",""19500"",""E"",""Valor estimado"",""""";
"QCL,""Cultivos y productos de ganadería"",""032"",""Argentina"",""5312"",""Área cosechada"",""01703"",""Garbanzos secos"",""2011"",""2011"",""ha"",""30500"",""E"",""Valor estimado"",""""";
"QCL,""Cultivos y productos de ganadería"",""032"",""Argentina"",""5412"",""Rendimiento"",""01703"",""Garbanzos secos"",""2011"",""2011"",""kg/ha"",""1901.6"",""E"",""Valor estimado"",""""";
"QCL,""Cultivos y productos de ganadería"",""032"",""Argentina"",""5510"",""Producción"",""01703"",""Garbanzos secos"",""2011"",""2011"",""toneladas"",""58000"",""E"",""Valor estimado"",""""";
"QCL,""Cultivos y productos de ganadería"",""032"",""Argentina"",""5312"",""Área cosechada"",""01703"",""Garbanzos secos"",""2012"",""2012"",""ha"",""48400"",""E"",""Valor estimado"",""""";
"QCL,""Cultivos y productos de ganadería"",""032"",""Argentina"",""5412"",""Rendimiento"",""01703"",""Garbanzos secos"",""2012"",""2012"",""kg/ha"",""1900.8"",""E"",""Valor estimado"",""""";
"QCL,""Cultivos y productos de ganadería"",""032"",""Argentina"",""5510"",""Producción"",""01703"",""Garbanzos secos"",""2012"",""2012"",""toneladas"",""92000"",""E"",""Valor estimado"",""""";
"QCL,""Cultivos y productos de ganadería"",""032"",""Argentina"",""5312"",""Área cosechada"",""01703"",""Garbanzos secos"",""2013"",""2013"",""ha"",""39500"",""E"",""Valor estimado"",""""";
"QCL,""Cultivos y productos de ganadería"",""032"",""Argentina"",""5412"",""Rendimiento"",""01703"",""Garbanzos secos"",""2013"",""2013"",""kg/ha"",""1898.7"",""E"",""Valor estimado"",""""";
"QCL,""Cultivos y productos de ganadería"",""032"",""Argentina"",""5510"",""Producción"",""01703"",""Garbanzos secos"",""2013"",""2013"",""toneladas"",""75000"",""E"",""Valor estimado"",""""";
"QCL,""Cultivos y productos de ganadería"",""032"",""Argentina"",""5312"",""Área cosechada"",""01703"",""Garbanzos secos"",""2014"",""2014"",""ha"",""42500"",""A"",""Valor oficial"",""""";
"QCL,""Cultivos y productos de ganadería"",""032"",""Argentina"",""5412"",""Rendimiento"",""01703"",""Garbanzos secos"",""2014"",""2014"",""kg/ha"",""2070.6"",""A"",""Valor oficial"",""""";
"QCL,""Cultivos y productos de ganadería"",""032"",""Argentina"",""5510"",""Producción"",""01703"",""Garbanzos secos"",""2014"",""2014"",""toneladas"",""88000"",""A"",""Valor oficial"",""""";
"QCL,""Cultivos y productos de ganadería"",""032"",""Argentina"",""5312"",""Área cosechada"",""01703"",""Garbanzos secos"",""2015"",""2015"",""ha"",""55000"",""A"",""Valor oficial"",""""";
"QCL,""Cultivos y productos de ganadería"",""032"",""Argentina"",""5412"",""Rendimiento"",""01703"",""Garbanzos secos"",""2015"",""2015"",""kg/ha"",""1890.9"",""A"",""Valor oficial"",""""";
"QCL,""Cultivos y productos de ganadería"",""032"",""Argentina"",""5510"",""Producción"",""01703"",""Garbanzos secos"",""2015"",""2015"",""toneladas"",""104000"",""A"",""Valor oficial"",""""";
"QCL,""Cultivos y productos de ganadería"",""032"",""Argentina"",""5312"",""Área cosechada"",""01703"",""Garbanzos secos"",""2016"",""2016"",""ha"",""29000"",""A"",""Valor oficial"",""""";
"QCL,""Cultivos y productos de ganadería"",""032"",""Argentina"",""5412"",""Rendimiento"",""01703"",""Garbanzos secos"",""2016"",""2016"",""kg/ha"",""2069"",""A"",""Valor oficial"",""""";
"QCL,""Cultivos y productos de ganadería"",""032"",""Argentina"",""5510"",""Producción"",""01703"",""Garbanzos secos"",""2016"",""2016"",""toneladas"",""60000"",""A"",""Valor oficial"",""""";
"QCL,""Cultivos y productos de ganadería"",""032"",""Argentina"",""5312"",""Área cosechada"",""01703"",""Garbanzos secos"",""2017"",""2017"",""ha"",""100454"",""I"",""Valor imputado por una agencia receptora"",""""";
"QCL,""Cultivos y productos de ganadería"",""032"",""Argentina"",""5412"",""Rendimiento"",""01703"",""Garbanzos secos"",""2017"",""2017"",""kg/ha"",""1831.7"",""E"",""Valor estimado"",""""";
"QCL,""Cultivos y productos de ganadería"",""032"",""Argentina"",""5510"",""Producción"",""01703"",""Garbanzos secos"",""2017"",""2017"",""toneladas"",""184000"",""E"",""Valor estimado"",""""";
"QCL,""Cultivos y productos de ganadería"",""032"",""Argentina"",""5312"",""Área cosechada"",""01703"",""Garbanzos secos"",""2018"",""2018"",""ha"",""88133"",""I"",""Valor imputado por una agencia receptora"",""""";
"QCL,""Cultivos y productos de ganadería"",""032"",""Argentina"",""5412"",""Rendimiento"",""01703"",""Garbanzos secos"",""2018"",""2018"",""kg/ha"",""1640"",""E"",""Valor estimado"",""""";
"QCL,""Cultivos y productos de ganadería"",""032"",""Argentina"",""5510"",""Producción"",""01703"",""Garbanzos secos"",""2018"",""2018"",""toneladas"",""144541"",""A"",""Valor oficial"",""""";
"QCL,""Cultivos y productos de ganadería"",""032"",""Argentina"",""5312"",""Área cosechada"",""01703"",""Garbanzos secos"",""2019"",""2019"",""ha"",""137607"",""A"",""Valor oficial"",""""";
"QCL,""Cultivos y productos de ganadería"",""032"",""Argentina"",""5412"",""Rendimiento"",""01703"",""Garbanzos secos"",""2019"",""2019"",""kg/ha"",""1379.7"",""A"",""Valor oficial"",""""";
"QCL,""Cultivos y productos de ganadería"",""032"",""Argentina"",""5510"",""Producción"",""01703"",""Garbanzos secos"",""2019"",""2019"",""toneladas"",""189860"",""A"",""Valor oficial"",""""";
"QCL,""Cultivos y productos de ganadería"",""032"",""Argentina"",""5312"",""Área cosechada"",""01703"",""Garbanzos secos"",""2020"",""2020"",""ha"",""112549"",""A"",""Valor oficial"",""""";
"QCL,""Cultivos y productos de ganadería"",""032"",""Argentina"",""5412"",""Rendimiento"",""01703"",""Garbanzos secos"",""2020"",""2020"",""kg/ha"",""1573.2"",""A"",""Valor oficial"",""""";
"QCL,""Cultivos y productos de ganadería"",""032"",""Argentina"",""5510"",""Producción"",""01703"",""Garbanzos secos"",""2020"",""2020"",""toneladas"",""177061"",""A"",""Valor oficial"",""""";
"QCL,""Cultivos y productos de ganadería"",""032"",""Argentina"",""5312"",""Área cosechada"",""01703"",""Garbanzos secos"",""2021"",""2021"",""ha"",""78461"",""A"",""Valor oficial"",""""";
"QCL,""Cultivos y productos de ganadería"",""032"",""Argentina"",""5412"",""Rendimiento"",""01703"",""Garbanzos secos"",""2021"",""2021"",""kg/ha"",""1079.6"",""A"",""Valor oficial"",""""";
"QCL,""Cultivos y productos de ganadería"",""032"",""Argentina"",""5510"",""Producción"",""01703"",""Garbanzos secos"",""2021"",""2021"",""toneladas"",""84709"",""A"",""Valor oficial"",""""";
"QCL,""Cultivos y productos de ganadería"",""032"",""Argentina"",""5312"",""Área cosechada"",""01703"",""Garbanzos secos"",""2022"",""2022"",""ha"",""81435"",""A"",""Valor oficial"",""""";
"QCL,""Cultivos y productos de ganadería"",""032"",""Argentina"",""5412"",""Rendimiento"",""01703"",""Garbanzos secos"",""2022"",""2022"",""kg/ha"",""1253.7"",""A"",""Valor oficial"",""""";
"QCL,""Cultivos y productos de ganadería"",""032"",""Argentina"",""5510"",""Producción"",""01703"",""Garbanzos secos"",""2022"",""2022"",""toneladas"",""102099"",""A"",""Valor oficial"",""""";
"QCL,""Cultivos y productos de ganadería"",""032"",""Argentina"",""5312"",""Área cosechada"",""01703"",""Garbanzos secos"",""2023"",""2023"",""ha"",""66672"",""A"",""Valor oficial"",""""";
"QCL,""Cultivos y productos de ganadería"",""032"",""Argentina"",""5412"",""Rendimiento"",""01703"",""Garbanzos secos"",""2023"",""2023"",""kg/ha"",""988.9"",""A"",""Valor oficial"",""""";
"QCL,""Cultivos y productos de ganadería"",""032"",""Argentina"",""5510"",""Producción"",""01703"",""Garbanzos secos"",""2023"",""2023"",""toneladas"",""65934"",""A"",""Valor oficial"",""""";
"QCL,""Cultivos y productos de ganadería"",""032"",""Argentina"",""5312"",""Área cosechada"",""01703"",""Garbanzos secos"",""2024"",""2024"",""ha"",""111070"",""A"",""Valor oficial"",""""";
"QCL,""Cultivos y productos de ganadería"",""032"",""Argentina"",""5412"",""Rendimiento"",""01703"",""Garbanzos secos"",""2024"",""2024"",""kg/ha"",""1053.3"",""A"",""Valor oficial"",""""";
"QCL,""Cultivos y productos de ganadería"",""032"",""Argentina"",""5510"",""Producción"",""01703"",""Garbanzos secos"",""2024"",""2024"",""toneladas"",""116985"",""A"",""Valor oficial"",""""";
"QCL,""Cultivos y productos de ganadería"",""032"",""Argentina"",""5312"",""Área cosechada"",""0141"",""Grano se soja"",""2010"",""2010"",""ha"",""18130800"",""A"",""Valor oficial"",""""";
"QCL,""Cultivos y productos de ganadería"",""032"",""Argentina"",""5412"",""Rendimiento"",""0141"",""Grano se soja"",""2010"",""2010"",""kg/ha"",""2905.3"",""A"",""Valor oficial"",""""";
"QCL,""Cultivos y productos de ganadería"",""032"",""Argentina"",""5510"",""Producción"",""0141"",""Grano se soja"",""2010"",""2010"",""toneladas"",""52675464"",""A"",""Valor oficial"",""""";
"QCL,""Cultivos y productos de ganadería"",""032"",""Argentina"",""5312"",""Área cosechada"",""0141"",""Grano se soja"",""2011"",""2011"",""ha"",""18764850"",""A"",""Valor oficial"",""""";
"QCL,""Cultivos y productos de ganadería"",""032"",""Argentina"",""5412"",""Rendimiento"",""0141"",""Grano se soja"",""2011"",""2011"",""kg/ha"",""2605.3"",""A"",""Valor oficial"",""""";
"QCL,""Cultivos y productos de ganadería"",""032"",""Argentina"",""5510"",""Producción"",""0141"",""Grano se soja"",""2011"",""2011"",""toneladas"",""48888536"",""A"",""Valor oficial"",""""";
"QCL,""Cultivos y productos de ganadería"",""032"",""Argentina"",""5312"",""Área cosechada"",""0141"",""Grano se soja"",""2012"",""2012"",""ha"",""17577320"",""A"",""Valor oficial"",""""";
"QCL,""Cultivos y productos de ganadería"",""032"",""Argentina"",""5412"",""Rendimiento"",""0141"",""Grano se soja"",""2012"",""2012"",""kg/ha"",""2281.4"",""A"",""Valor oficial"",""""";
"QCL,""Cultivos y productos de ganadería"",""032"",""Argentina"",""5510"",""Producción"",""0141"",""Grano se soja"",""2012"",""2012"",""toneladas"",""40100196"",""A"",""Valor oficial"",""""";
"QCL,""Cultivos y productos de ganadería"",""032"",""Argentina"",""5312"",""Área cosechada"",""0141"",""Grano se soja"",""2013"",""2013"",""ha"",""19418824"",""A"",""Valor oficial"",""""";
"QCL,""Cultivos y productos de ganadería"",""032"",""Argentina"",""5412"",""Rendimiento"",""0141"",""Grano se soja"",""2013"",""2013"",""kg/ha"",""2539.1"",""A"",""Valor oficial"",""""";
"QCL,""Cultivos y productos de ganadería"",""032"",""Argentina"",""5510"",""Producción"",""0141"",""Grano se soja"",""2013"",""2013"",""toneladas"",""49306200"",""A"",""Valor oficial"",""""";
"QCL,""Cultivos y productos de ganadería"",""032"",""Argentina"",""5312"",""Área cosechada"",""0141"",""Grano se soja"",""2014"",""2014"",""ha"",""19252552"",""A"",""Valor oficial"",""""";
"QCL,""Cultivos y productos de ganadería"",""032"",""Argentina"",""5412"",""Rendimiento"",""0141"",""Grano se soja"",""2014"",""2014"",""kg/ha"",""2773.5"",""A"",""Valor oficial"",""""";
"QCL,""Cultivos y productos de ganadería"",""032"",""Argentina"",""5510"",""Producción"",""0141"",""Grano se soja"",""2014"",""2014"",""toneladas"",""53397715"",""A"",""Valor oficial"",""""";
"QCL,""Cultivos y productos de ganadería"",""032"",""Argentina"",""5312"",""Área cosechada"",""0141"",""Grano se soja"",""2015"",""2015"",""ha"",""19352115"",""A"",""Valor oficial"",""""";
"QCL,""Cultivos y productos de ganadería"",""032"",""Argentina"",""5412"",""Rendimiento"",""0141"",""Grano se soja"",""2015"",""2015"",""kg/ha"",""3175.2"",""A"",""Valor oficial"",""""";
"QCL,""Cultivos y productos de ganadería"",""032"",""Argentina"",""5510"",""Producción"",""0141"",""Grano se soja"",""2015"",""2015"",""toneladas"",""61446556"",""A"",""Valor oficial"",""""";
"QCL,""Cultivos y productos de ganadería"",""032"",""Argentina"",""5312"",""Área cosechada"",""0141"",""Grano se soja"",""2016"",""2016"",""ha"",""19504648"",""A"",""Valor oficial"",""""";
"QCL,""Cultivos y productos de ganadería"",""032"",""Argentina"",""5412"",""Rendimiento"",""0141"",""Grano se soja"",""2016"",""2016"",""kg/ha"",""3014.6"",""A"",""Valor oficial"",""""";
"QCL,""Cultivos y productos de ganadería"",""032"",""Argentina"",""5510"",""Producción"",""0141"",""Grano se soja"",""2016"",""2016"",""toneladas"",""58799258"",""A"",""Valor oficial"",""""";
"QCL,""Cultivos y productos de ganadería"",""032"",""Argentina"",""5312"",""Área cosechada"",""0141"",""Grano se soja"",""2017"",""2017"",""ha"",""17335102"",""A"",""Valor oficial"",""""";
"QCL,""Cultivos y productos de ganadería"",""032"",""Argentina"",""5412"",""Rendimiento"",""0141"",""Grano se soja"",""2017"",""2017"",""kg/ha"",""3171.1"",""A"",""Valor oficial"",""""";
"QCL,""Cultivos y productos de ganadería"",""032"",""Argentina"",""5510"",""Producción"",""0141"",""Grano se soja"",""2017"",""2017"",""toneladas"",""54971626"",""A"",""Valor oficial"",""""";
"QCL,""Cultivos y productos de ganadería"",""032"",""Argentina"",""5312"",""Área cosechada"",""0141"",""Grano se soja"",""2018"",""2018"",""ha"",""16318060"",""A"",""Valor oficial"",""""";
"QCL,""Cultivos y productos de ganadería"",""032"",""Argentina"",""5412"",""Rendimiento"",""0141"",""Grano se soja"",""2018"",""2018"",""kg/ha"",""2315.7"",""A"",""Valor oficial"",""""";
"QCL,""Cultivos y productos de ganadería"",""032"",""Argentina"",""5510"",""Producción"",""0141"",""Grano se soja"",""2018"",""2018"",""toneladas"",""37787927"",""A"",""Valor oficial"",""""";
"QCL,""Cultivos y productos de ganadería"",""032"",""Argentina"",""5312"",""Área cosechada"",""0141"",""Grano se soja"",""2019"",""2019"",""ha"",""16575887"",""A"",""Valor oficial"",""""";
"QCL,""Cultivos y productos de ganadería"",""032"",""Argentina"",""5412"",""Rendimiento"",""0141"",""Grano se soja"",""2019"",""2019"",""kg/ha"",""3334"",""A"",""Valor oficial"",""""";
"QCL,""Cultivos y productos de ganadería"",""032"",""Argentina"",""5510"",""Producción"",""0141"",""Grano se soja"",""2019"",""2019"",""toneladas"",""55263891"",""A"",""Valor oficial"",""""";
"QCL,""Cultivos y productos de ganadería"",""032"",""Argentina"",""5312"",""Área cosechada"",""0141"",""Grano se soja"",""2020"",""2020"",""ha"",""16710793"",""A"",""Valor oficial"",""""";
"QCL,""Cultivos y productos de ganadería"",""032"",""Argentina"",""5412"",""Rendimiento"",""0141"",""Grano se soja"",""2020"",""2020"",""kg/ha"",""2919.1"",""A"",""Valor oficial"",""""";
"QCL,""Cultivos y productos de ganadería"",""032"",""Argentina"",""5510"",""Producción"",""0141"",""Grano se soja"",""2020"",""2020"",""toneladas"",""48780407"",""A"",""Valor oficial"",""""";
"QCL,""Cultivos y productos de ganadería"",""032"",""Argentina"",""5312"",""Área cosechada"",""0141"",""Grano se soja"",""2021"",""2021"",""ha"",""16466714"",""A"",""Valor oficial"",""""";
"QCL,""Cultivos y productos de ganadería"",""032"",""Argentina"",""5412"",""Rendimiento"",""0141"",""Grano se soja"",""2021"",""2021"",""kg/ha"",""2806.7"",""A"",""Valor oficial"",""""";
"QCL,""Cultivos y productos de ganadería"",""032"",""Argentina"",""5510"",""Producción"",""0141"",""Grano se soja"",""2021"",""2021"",""toneladas"",""46217911"",""A"",""Valor oficial"",""""";
"QCL,""Cultivos y productos de ganadería"",""032"",""Argentina"",""5312"",""Área cosechada"",""0141"",""Grano se soja"",""2022"",""2022"",""ha"",""15874266"",""A"",""Valor oficial"",""""";
"QCL,""Cultivos y productos de ganadería"",""032"",""Argentina"",""5412"",""Rendimiento"",""0141"",""Grano se soja"",""2022"",""2022"",""kg/ha"",""2763"",""A"",""Valor oficial"",""""";
"QCL,""Cultivos y productos de ganadería"",""032"",""Argentina"",""5510"",""Producción"",""0141"",""Grano se soja"",""2022"",""2022"",""toneladas"",""43861066"",""A"",""Valor oficial"",""""";
"QCL,""Cultivos y productos de ganadería"",""032"",""Argentina"",""5312"",""Área cosechada"",""0141"",""Grano se soja"",""2023"",""2023"",""ha"",""14356922"",""A"",""Valor oficial"",""""";
"QCL,""Cultivos y productos de ganadería"",""032"",""Argentina"",""5412"",""Rendimiento"",""0141"",""Grano se soja"",""2023"",""2023"",""kg/ha"",""1744.5"",""A"",""Valor oficial"",""""";
"QCL,""Cultivos y productos de ganadería"",""032"",""Argentina"",""5510"",""Producción"",""0141"",""Grano se soja"",""2023"",""2023"",""toneladas"",""25044978"",""A"",""Valor oficial"",""""";
"QCL,""Cultivos y productos de ganadería"",""032"",""Argentina"",""5312"",""Área cosechada"",""0141"",""Grano se soja"",""2024"",""2024"",""ha"",""16371093"",""A"",""Valor oficial"",""""";
"QCL,""Cultivos y productos de ganadería"",""032"",""Argentina"",""5412"",""Rendimiento"",""0141"",""Grano se soja"",""2024"",""2024"",""kg/ha"",""2945"",""A"",""Valor oficial"",""""";
"QCL,""Cultivos y productos de ganadería"",""032"",""Argentina"",""5510"",""Producción"",""0141"",""Grano se soja"",""2024"",""2024"",""toneladas"",""48213207"",""A"",""Valor oficial"",""""";
"QCL,""Cultivos y productos de ganadería"",""032"",""Argentina"",""5312"",""Área cosechada"",""01705"",""Guisantes, secos"",""2010"",""2010"",""ha"",""69000"",""E"",""Valor estimado"",""""";
"QCL,""Cultivos y productos de ganadería"",""032"",""Argentina"",""5412"",""Rendimiento"",""01705"",""Guisantes, secos"",""2010"",""2010"",""kg/ha"",""1594.2"",""E"",""Valor estimado"",""""";
"QCL,""Cultivos y productos de ganadería"",""032"",""Argentina"",""5510"",""Producción"",""01705"",""Guisantes, secos"",""2010"",""2010"",""toneladas"",""110000"",""E"",""Valor estimado"",""""";
"QCL,""Cultivos y productos de ganadería"",""032"",""Argentina"",""5312"",""Área cosechada"",""01705"",""Guisantes, secos"",""2011"",""2011"",""ha"",""75000"",""E"",""Valor estimado"",""""";
"QCL,""Cultivos y productos de ganadería"",""032"",""Argentina"",""5412"",""Rendimiento"",""01705"",""Guisantes, secos"",""2011"",""2011"",""kg/ha"",""1600"",""E"",""Valor estimado"",""""";
"QCL,""Cultivos y productos de ganadería"",""032"",""Argentina"",""5510"",""Producción"",""01705"",""Guisantes, secos"",""2011"",""2011"",""toneladas"",""120000"",""E"",""Valor estimado"",""""";
"QCL,""Cultivos y productos de ganadería"",""032"",""Argentina"",""5312"",""Área cosechada"",""01705"",""Guisantes, secos"",""2012"",""2012"",""ha"",""100000"",""E"",""Valor estimado"",""""";
"QCL,""Cultivos y productos de ganadería"",""032"",""Argentina"",""5412"",""Rendimiento"",""01705"",""Guisantes, secos"",""2012"",""2012"",""kg/ha"",""1600"",""E"",""Valor estimado"",""""";
"QCL,""Cultivos y productos de ganadería"",""032"",""Argentina"",""5510"",""Producción"",""01705"",""Guisantes, secos"",""2012"",""2012"",""toneladas"",""160000"",""E"",""Valor estimado"",""""";
"QCL,""Cultivos y productos de ganadería"",""032"",""Argentina"",""5312"",""Área cosechada"",""01705"",""Guisantes, secos"",""2013"",""2013"",""ha"",""50000"",""E"",""Valor estimado"",""""";
"QCL,""Cultivos y productos de ganadería"",""032"",""Argentina"",""5412"",""Rendimiento"",""01705"",""Guisantes, secos"",""2013"",""2013"",""kg/ha"",""1600"",""E"",""Valor estimado"",""""";
"QCL,""Cultivos y productos de ganadería"",""032"",""Argentina"",""5510"",""Producción"",""01705"",""Guisantes, secos"",""2013"",""2013"",""toneladas"",""80000"",""E"",""Valor estimado"",""""";
"QCL,""Cultivos y productos de ganadería"",""032"",""Argentina"",""5312"",""Área cosechada"",""01705"",""Guisantes, secos"",""2014"",""2014"",""ha"",""85000"",""A"",""Valor oficial"",""""";
"QCL,""Cultivos y productos de ganadería"",""032"",""Argentina"",""5412"",""Rendimiento"",""01705"",""Guisantes, secos"",""2014"",""2014"",""kg/ha"",""1705.9"",""A"",""Valor oficial"",""""";
"QCL,""Cultivos y productos de ganadería"",""032"",""Argentina"",""5510"",""Producción"",""01705"",""Guisantes, secos"",""2014"",""2014"",""toneladas"",""145000"",""A"",""Valor oficial"",""""";
"QCL,""Cultivos y productos de ganadería"",""032"",""Argentina"",""5312"",""Área cosechada"",""01705"",""Guisantes, secos"",""2015"",""2015"",""ha"",""130000"",""A"",""Valor oficial"",""""";
"QCL,""Cultivos y productos de ganadería"",""032"",""Argentina"",""5412"",""Rendimiento"",""01705"",""Guisantes, secos"",""2015"",""2015"",""kg/ha"",""1600"",""A"",""Valor oficial"",""""";
"QCL,""Cultivos y productos de ganadería"",""032"",""Argentina"",""5510"",""Producción"",""01705"",""Guisantes, secos"",""2015"",""2015"",""toneladas"",""208000"",""A"",""Valor oficial"",""""";
"QCL,""Cultivos y productos de ganadería"",""032"",""Argentina"",""5312"",""Área cosechada"",""01705"",""Guisantes, secos"",""2016"",""2016"",""ha"",""88000"",""A"",""Valor oficial"",""""";
"QCL,""Cultivos y productos de ganadería"",""032"",""Argentina"",""5412"",""Rendimiento"",""01705"",""Guisantes, secos"",""2016"",""2016"",""kg/ha"",""1590.9"",""A"",""Valor oficial"",""""";
"QCL,""Cultivos y productos de ganadería"",""032"",""Argentina"",""5510"",""Producción"",""01705"",""Guisantes, secos"",""2016"",""2016"",""toneladas"",""140000"",""A"",""Valor oficial"",""""";
"QCL,""Cultivos y productos de ganadería"",""032"",""Argentina"",""5312"",""Área cosechada"",""01705"",""Guisantes, secos"",""2017"",""2017"",""ha"",""64058"",""I"",""Valor imputado por una agencia receptora"",""""";
"QCL,""Cultivos y productos de ganadería"",""032"",""Argentina"",""5412"",""Rendimiento"",""01705"",""Guisantes, secos"",""2017"",""2017"",""kg/ha"",""1873.3"",""E"",""Valor estimado"",""""";
"QCL,""Cultivos y productos de ganadería"",""032"",""Argentina"",""5510"",""Producción"",""01705"",""Guisantes, secos"",""2017"",""2017"",""toneladas"",""120000"",""E"",""Valor estimado"",""""";
"QCL,""Cultivos y productos de ganadería"",""032"",""Argentina"",""5312"",""Área cosechada"",""01705"",""Guisantes, secos"",""2018"",""2018"",""ha"",""53344"",""I"",""Valor imputado por una agencia receptora"",""""";
"QCL,""Cultivos y productos de ganadería"",""032"",""Argentina"",""5412"",""Rendimiento"",""01705"",""Guisantes, secos"",""2018"",""2018"",""kg/ha"",""2057.1"",""E"",""Valor estimado"",""""";
"QCL,""Cultivos y productos de ganadería"",""032"",""Argentina"",""5510"",""Producción"",""01705"",""Guisantes, secos"",""2018"",""2018"",""toneladas"",""109736"",""A"",""Valor oficial"",""""";
"QCL,""Cultivos y productos de ganadería"",""032"",""Argentina"",""5312"",""Área cosechada"",""01705"",""Guisantes, secos"",""2019"",""2019"",""ha"",""58586"",""A"",""Valor oficial"",""""";
"QCL,""Cultivos y productos de ganadería"",""032"",""Argentina"",""5412"",""Rendimiento"",""01705"",""Guisantes, secos"",""2019"",""2019"",""kg/ha"",""2325.5"",""A"",""Valor oficial"",""""";
"QCL,""Cultivos y productos de ganadería"",""032"",""Argentina"",""5510"",""Producción"",""01705"",""Guisantes, secos"",""2019"",""2019"",""toneladas"",""136243"",""A"",""Valor oficial"",""""";
"QCL,""Cultivos y productos de ganadería"",""032"",""Argentina"",""5312"",""Área cosechada"",""01705"",""Guisantes, secos"",""2020"",""2020"",""ha"",""78805"",""A"",""Valor oficial"",""""";
"QCL,""Cultivos y productos de ganadería"",""032"",""Argentina"",""5412"",""Rendimiento"",""01705"",""Guisantes, secos"",""2020"",""2020"",""kg/ha"",""2483"",""A"",""Valor oficial"",""""";
"QCL,""Cultivos y productos de ganadería"",""032"",""Argentina"",""5510"",""Producción"",""01705"",""Guisantes, secos"",""2020"",""2020"",""toneladas"",""195676"",""A"",""Valor oficial"",""""";
"QCL,""Cultivos y productos de ganadería"",""032"",""Argentina"",""5312"",""Área cosechada"",""01705"",""Guisantes, secos"",""2021"",""2021"",""ha"",""86700"",""A"",""Valor oficial"",""""";
"QCL,""Cultivos y productos de ganadería"",""032"",""Argentina"",""5412"",""Rendimiento"",""01705"",""Guisantes, secos"",""2021"",""2021"",""kg/ha"",""2237.6"",""A"",""Valor oficial"",""""";
"QCL,""Cultivos y productos de ganadería"",""032"",""Argentina"",""5510"",""Producción"",""01705"",""Guisantes, secos"",""2021"",""2021"",""toneladas"",""193999"",""A"",""Valor oficial"",""""";
"QCL,""Cultivos y productos de ganadería"",""032"",""Argentina"",""5312"",""Área cosechada"",""01705"",""Guisantes, secos"",""2022"",""2022"",""ha"",""112446"",""A"",""Valor oficial"",""""";
"QCL,""Cultivos y productos de ganadería"",""032"",""Argentina"",""5412"",""Rendimiento"",""01705"",""Guisantes, secos"",""2022"",""2022"",""kg/ha"",""2640.9"",""A"",""Valor oficial"",""""";
"QCL,""Cultivos y productos de ganadería"",""032"",""Argentina"",""5510"",""Producción"",""01705"",""Guisantes, secos"",""2022"",""2022"",""toneladas"",""296957"",""A"",""Valor oficial"",""""";
"QCL,""Cultivos y productos de ganadería"",""032"",""Argentina"",""5312"",""Área cosechada"",""01705"",""Guisantes, secos"",""2023"",""2023"",""ha"",""54224"",""A"",""Valor oficial"",""""";
"QCL,""Cultivos y productos de ganadería"",""032"",""Argentina"",""5412"",""Rendimiento"",""01705"",""Guisantes, secos"",""2023"",""2023"",""kg/ha"",""1103.1"",""A"",""Valor oficial"",""""";
"QCL,""Cultivos y productos de ganadería"",""032"",""Argentina"",""5510"",""Producción"",""01705"",""Guisantes, secos"",""2023"",""2023"",""toneladas"",""59813"",""A"",""Valor oficial"",""""";
"QCL,""Cultivos y productos de ganadería"",""032"",""Argentina"",""5312"",""Área cosechada"",""01705"",""Guisantes, secos"",""2024"",""2024"",""ha"",""91119"",""A"",""Valor oficial"",""""";
"QCL,""Cultivos y productos de ganadería"",""032"",""Argentina"",""5412"",""Rendimiento"",""01705"",""Guisantes, secos"",""2024"",""2024"",""kg/ha"",""2362.9"",""A"",""Valor oficial"",""""";
"QCL,""Cultivos y productos de ganadería"",""032"",""Argentina"",""5510"",""Producción"",""01705"",""Guisantes, secos"",""2024"",""2024"",""toneladas"",""215308"",""A"",""Valor oficial"",""""";
"QCL,""Cultivos y productos de ganadería"",""032"",""Argentina"",""5312"",""Área cosechada"",""01242"",""Guisantes, verdes"",""2010"",""2010"",""ha"",""13300"",""I"",""Valor imputado por una agencia receptora"",""""";
"QCL,""Cultivos y productos de ganadería"",""032"",""Argentina"",""5412"",""Rendimiento"",""01242"",""Guisantes, verdes"",""2010"",""2010"",""kg/ha"",""2042.8"",""E"",""Valor estimado"",""""";
"QCL,""Cultivos y productos de ganadería"",""032"",""Argentina"",""5510"",""Producción"",""01242"",""Guisantes, verdes"",""2010"",""2010"",""toneladas"",""27168.92"",""I"",""Valor imputado por una agencia receptora"",""""";
"QCL,""Cultivos y productos de ganadería"",""032"",""Argentina"",""5312"",""Área cosechada"",""01242"",""Guisantes, verdes"",""2011"",""2011"",""ha"",""13425"",""I"",""Valor imputado por una agencia receptora"",""""";
"QCL,""Cultivos y productos de ganadería"",""032"",""Argentina"",""5412"",""Rendimiento"",""01242"",""Guisantes, verdes"",""2011"",""2011"",""kg/ha"",""2042.3"",""E"",""Valor estimado"",""""";
"QCL,""Cultivos y productos de ganadería"",""032"",""Argentina"",""5510"",""Producción"",""01242"",""Guisantes, verdes"",""2011"",""2011"",""toneladas"",""27418.31"",""I"",""Valor imputado por una agencia receptora"",""""";
"QCL,""Cultivos y productos de ganadería"",""032"",""Argentina"",""5312"",""Área cosechada"",""01242"",""Guisantes, verdes"",""2012"",""2012"",""ha"",""13500"",""E"",""Valor estimado"",""""";
"QCL,""Cultivos y productos de ganadería"",""032"",""Argentina"",""5412"",""Rendimiento"",""01242"",""Guisantes, verdes"",""2012"",""2012"",""kg/ha"",""2074.1"",""E"",""Valor estimado"",""""";
"QCL,""Cultivos y productos de ganadería"",""032"",""Argentina"",""5510"",""Producción"",""01242"",""Guisantes, verdes"",""2012"",""2012"",""toneladas"",""28000"",""E"",""Valor estimado"",""""";
"QCL,""Cultivos y productos de ganadería"",""032"",""Argentina"",""5312"",""Área cosechada"",""01242"",""Guisantes, verdes"",""2013"",""2013"",""ha"",""13698"",""I"",""Valor imputado por una agencia receptora"",""""";
"QCL,""Cultivos y productos de ganadería"",""032"",""Argentina"",""5412"",""Rendimiento"",""01242"",""Guisantes, verdes"",""2013"",""2013"",""kg/ha"",""2035"",""E"",""Valor estimado"",""""";
"QCL,""Cultivos y productos de ganadería"",""032"",""Argentina"",""5510"",""Producción"",""01242"",""Guisantes, verdes"",""2013"",""2013"",""toneladas"",""27876.13"",""I"",""Valor imputado por una agencia receptora"",""""";
"QCL,""Cultivos y productos de ganadería"",""032"",""Argentina"",""5312"",""Área cosechada"",""01242"",""Guisantes, verdes"",""2014"",""2014"",""ha"",""13898"",""I"",""Valor imputado por una agencia receptora"",""""";
"QCL,""Cultivos y productos de ganadería"",""032"",""Argentina"",""5412"",""Rendimiento"",""01242"",""Guisantes, verdes"",""2014"",""2014"",""kg/ha"",""2017.6"",""E"",""Valor estimado"",""""";
"QCL,""Cultivos y productos de ganadería"",""032"",""Argentina"",""5510"",""Producción"",""01242"",""Guisantes, verdes"",""2014"",""2014"",""toneladas"",""28040.42"",""I"",""Valor imputado por una agencia receptora"",""""";
"QCL,""Cultivos y productos de ganadería"",""032"",""Argentina"",""5312"",""Área cosechada"",""01242"",""Guisantes, verdes"",""2015"",""2015"",""ha"",""13977"",""I"",""Valor imputado por una agencia receptora"",""""";
"QCL,""Cultivos y productos de ganadería"",""032"",""Argentina"",""5412"",""Rendimiento"",""01242"",""Guisantes, verdes"",""2015"",""2015"",""kg/ha"",""2025"",""E"",""Valor estimado"",""""";
"QCL,""Cultivos y productos de ganadería"",""032"",""Argentina"",""5510"",""Producción"",""01242"",""Guisantes, verdes"",""2015"",""2015"",""toneladas"",""28302.26"",""I"",""Valor imputado por una agencia receptora"",""""";
"QCL,""Cultivos y productos de ganadería"",""032"",""Argentina"",""5312"",""Área cosechada"",""01242"",""Guisantes, verdes"",""2016"",""2016"",""ha"",""14157"",""I"",""Valor imputado por una agencia receptora"",""""";
"QCL,""Cultivos y productos de ganadería"",""032"",""Argentina"",""5412"",""Rendimiento"",""01242"",""Guisantes, verdes"",""2016"",""2016"",""kg/ha"",""2013.7"",""E"",""Valor estimado"",""""";
"QCL,""Cultivos y productos de ganadería"",""032"",""Argentina"",""5510"",""Producción"",""01242"",""Guisantes, verdes"",""2016"",""2016"",""toneladas"",""28507.33"",""I"",""Valor imputado por una agencia receptora"",""""";
"QCL,""Cultivos y productos de ganadería"",""032"",""Argentina"",""5312"",""Área cosechada"",""01242"",""Guisantes, verdes"",""2017"",""2017"",""ha"",""14343"",""I"",""Valor imputado por una agencia receptora"",""""";
"QCL,""Cultivos y productos de ganadería"",""032"",""Argentina"",""5412"",""Rendimiento"",""01242"",""Guisantes, verdes"",""2017"",""2017"",""kg/ha"",""2003.1"",""E"",""Valor estimado"",""""";
"QCL,""Cultivos y productos de ganadería"",""032"",""Argentina"",""5510"",""Producción"",""01242"",""Guisantes, verdes"",""2017"",""2017"",""toneladas"",""28730.1"",""I"",""Valor imputado por una agencia receptora"",""""";
"QCL,""Cultivos y productos de ganadería"",""032"",""Argentina"",""5312"",""Área cosechada"",""01242"",""Guisantes, verdes"",""2018"",""2018"",""ha"",""14503"",""I"",""Valor imputado por una agencia receptora"",""""";
"QCL,""Cultivos y productos de ganadería"",""032"",""Argentina"",""5412"",""Rendimiento"",""01242"",""Guisantes, verdes"",""2018"",""2018"",""kg/ha"",""1995.9"",""E"",""Valor estimado"",""""";
"QCL,""Cultivos y productos de ganadería"",""032"",""Argentina"",""5510"",""Producción"",""01242"",""Guisantes, verdes"",""2018"",""2018"",""toneladas"",""28947.38"",""I"",""Valor imputado por una agencia receptora"",""""";
"QCL,""Cultivos y productos de ganadería"",""032"",""Argentina"",""5312"",""Área cosechada"",""01242"",""Guisantes, verdes"",""2019"",""2019"",""ha"",""14644"",""I"",""Valor imputado por una agencia receptora"",""""";
"QCL,""Cultivos y productos de ganadería"",""032"",""Argentina"",""5412"",""Rendimiento"",""01242"",""Guisantes, verdes"",""2019"",""2019"",""kg/ha"",""1991.4"",""E"",""Valor estimado"",""""";
"QCL,""Cultivos y productos de ganadería"",""032"",""Argentina"",""5510"",""Producción"",""01242"",""Guisantes, verdes"",""2019"",""2019"",""toneladas"",""29162.81"",""I"",""Valor imputado por una agencia receptora"",""""";
"QCL,""Cultivos y productos de ganadería"",""032"",""Argentina"",""5312"",""Área cosechada"",""01242"",""Guisantes, verdes"",""2020"",""2020"",""ha"",""14775"",""I"",""Valor imputado por una agencia receptora"",""""";
"QCL,""Cultivos y productos de ganadería"",""032"",""Argentina"",""5412"",""Rendimiento"",""01242"",""Guisantes, verdes"",""2020"",""2020"",""kg/ha"",""1984.9"",""E"",""Valor estimado"",""""";
"QCL,""Cultivos y productos de ganadería"",""032"",""Argentina"",""5510"",""Producción"",""01242"",""Guisantes, verdes"",""2020"",""2020"",""toneladas"",""29326.31"",""I"",""Valor imputado por una agencia receptora"",""""";
"QCL,""Cultivos y productos de ganadería"",""032"",""Argentina"",""5312"",""Área cosechada"",""01242"",""Guisantes, verdes"",""2021"",""2021"",""ha"",""14853"",""I"",""Valor imputado por una agencia receptora"",""""";
"QCL,""Cultivos y productos de ganadería"",""032"",""Argentina"",""5412"",""Rendimiento"",""01242"",""Guisantes, verdes"",""2021"",""2021"",""kg/ha"",""1984.2"",""E"",""Valor estimado"",""""";
"QCL,""Cultivos y productos de ganadería"",""032"",""Argentina"",""5510"",""Producción"",""01242"",""Guisantes, verdes"",""2021"",""2021"",""toneladas"",""29472.38"",""I"",""Valor imputado por una agencia receptora"",""""";
"QCL,""Cultivos y productos de ganadería"",""032"",""Argentina"",""5312"",""Área cosechada"",""01242"",""Guisantes, verdes"",""2022"",""2022"",""ha"",""14936"",""I"",""Valor imputado por una agencia receptora"",""""";
"QCL,""Cultivos y productos de ganadería"",""032"",""Argentina"",""5412"",""Rendimiento"",""01242"",""Guisantes, verdes"",""2022"",""2022"",""kg/ha"",""1985.8"",""E"",""Valor estimado"",""""";
"QCL,""Cultivos y productos de ganadería"",""032"",""Argentina"",""5510"",""Producción"",""01242"",""Guisantes, verdes"",""2022"",""2022"",""toneladas"",""29659.68"",""I"",""Valor imputado por una agencia receptora"",""""";
"QCL,""Cultivos y productos de ganadería"",""032"",""Argentina"",""5312"",""Área cosechada"",""01242"",""Guisantes, verdes"",""2023"",""2023"",""ha"",""14855"",""E"",""Valor estimado"",""""";
"QCL,""Cultivos y productos de ganadería"",""032"",""Argentina"",""5412"",""Rendimiento"",""01242"",""Guisantes, verdes"",""2023"",""2023"",""kg/ha"",""2009.1"",""E"",""Valor estimado"",""""";
"QCL,""Cultivos y productos de ganadería"",""032"",""Argentina"",""5510"",""Producción"",""01242"",""Guisantes, verdes"",""2023"",""2023"",""toneladas"",""29844.25"",""I"",""Valor imputado por una agencia receptora"",""""";
"QCL,""Cultivos y productos de ganadería"",""032"",""Argentina"",""5312"",""Área cosechada"",""01242"",""Guisantes, verdes"",""2024"",""2024"",""ha"",""14881"",""E"",""Valor estimado"",""""";
"QCL,""Cultivos y productos de ganadería"",""032"",""Argentina"",""5412"",""Rendimiento"",""01242"",""Guisantes, verdes"",""2024"",""2024"",""kg/ha"",""2017.9"",""E"",""Valor estimado"",""""";
"QCL,""Cultivos y productos de ganadería"",""032"",""Argentina"",""5510"",""Producción"",""01242"",""Guisantes, verdes"",""2024"",""2024"",""toneladas"",""30028.82"",""I"",""Valor imputado por una agencia receptora"",""""";
"QCL,""Cultivos y productos de ganadería"",""032"",""Argentina"",""5312"",""Área cosechada"",""01702"",""Habas y haba caballar, secas"",""2010"",""2010"",""ha"",""1750"",""E"",""Valor estimado"",""""";
"QCL,""Cultivos y productos de ganadería"",""032"",""Argentina"",""5412"",""Rendimiento"",""01702"",""Habas y haba caballar, secas"",""2010"",""2010"",""kg/ha"",""9019.5"",""E"",""Valor estimado"",""""";
"QCL,""Cultivos y productos de ganadería"",""032"",""Argentina"",""5510"",""Producción"",""01702"",""Habas y haba caballar, secas"",""2010"",""2010"",""toneladas"",""15784.16"",""I"",""Valor imputado por una agencia receptora"",""""";
"QCL,""Cultivos y productos de ganadería"",""032"",""Argentina"",""5312"",""Área cosechada"",""01702"",""Habas y haba caballar, secas"",""2011"",""2011"",""ha"",""1765"",""I"",""Valor imputado por una agencia receptora"",""""";
"QCL,""Cultivos y productos de ganadería"",""032"",""Argentina"",""5412"",""Rendimiento"",""01702"",""Habas y haba caballar, secas"",""2011"",""2011"",""kg/ha"",""8984.2"",""E"",""Valor estimado"",""""";
"QCL,""Cultivos y productos de ganadería"",""032"",""Argentina"",""5510"",""Producción"",""01702"",""Habas y haba caballar, secas"",""2011"",""2011"",""toneladas"",""15855.79"",""I"",""Valor imputado por una agencia receptora"",""""";
"QCL,""Cultivos y productos de ganadería"",""032"",""Argentina"",""5312"",""Área cosechada"",""01702"",""Habas y haba caballar, secas"",""2012"",""2012"",""ha"",""1800"",""E"",""Valor estimado"",""""";
"QCL,""Cultivos y productos de ganadería"",""032"",""Argentina"",""5412"",""Rendimiento"",""01702"",""Habas y haba caballar, secas"",""2012"",""2012"",""kg/ha"",""8888.9"",""E"",""Valor estimado"",""""";
"QCL,""Cultivos y productos de ganadería"",""032"",""Argentina"",""5510"",""Producción"",""01702"",""Habas y haba caballar, secas"",""2012"",""2012"",""toneladas"",""16000"",""E"",""Valor estimado"",""""";
"QCL,""Cultivos y productos de ganadería"",""032"",""Argentina"",""5312"",""Área cosechada"",""01702"",""Habas y haba caballar, secas"",""2013"",""2013"",""ha"",""1800"",""E"",""Valor estimado"",""""";
"QCL,""Cultivos y productos de ganadería"",""032"",""Argentina"",""5412"",""Rendimiento"",""01702"",""Habas y haba caballar, secas"",""2013"",""2013"",""kg/ha"",""8888.9"",""E"",""Valor estimado"",""""";
"QCL,""Cultivos y productos de ganadería"",""032"",""Argentina"",""5510"",""Producción"",""01702"",""Habas y haba caballar, secas"",""2013"",""2013"",""toneladas"",""16000"",""E"",""Valor estimado"",""""";
"QCL,""Cultivos y productos de ganadería"",""032"",""Argentina"",""5312"",""Área cosechada"",""01702"",""Habas y haba caballar, secas"",""2014"",""2014"",""ha"",""1806"",""I"",""Valor imputado por una agencia receptora"",""""";
"QCL,""Cultivos y productos de ganadería"",""032"",""Argentina"",""5412"",""Rendimiento"",""01702"",""Habas y haba caballar, secas"",""2014"",""2014"",""kg/ha"",""8892.6"",""E"",""Valor estimado"",""""";
"QCL,""Cultivos y productos de ganadería"",""032"",""Argentina"",""5510"",""Producción"",""01702"",""Habas y haba caballar, secas"",""2014"",""2014"",""toneladas"",""16061.47"",""I"",""Valor imputado por una agencia receptora"",""""";
"QCL,""Cultivos y productos de ganadería"",""032"",""Argentina"",""5312"",""Área cosechada"",""01702"",""Habas y haba caballar, secas"",""2015"",""2015"",""ha"",""1853"",""I"",""Valor imputado por una agencia receptora"",""""";
"QCL,""Cultivos y productos de ganadería"",""032"",""Argentina"",""5412"",""Rendimiento"",""01702"",""Habas y haba caballar, secas"",""2015"",""2015"",""kg/ha"",""8937.1"",""E"",""Valor estimado"",""""";
"QCL,""Cultivos y productos de ganadería"",""032"",""Argentina"",""5510"",""Producción"",""01702"",""Habas y haba caballar, secas"",""2015"",""2015"",""toneladas"",""16556.58"",""I"",""Valor imputado por una agencia receptora"",""""";
"QCL,""Cultivos y productos de ganadería"",""032"",""Argentina"",""5312"",""Área cosechada"",""01702"",""Habas y haba caballar, secas"",""2016"",""2016"",""ha"",""1862"",""I"",""Valor imputado por una agencia receptora"",""""";
"QCL,""Cultivos y productos de ganadería"",""032"",""Argentina"",""5412"",""Rendimiento"",""01702"",""Habas y haba caballar, secas"",""2016"",""2016"",""kg/ha"",""8943.4"",""E"",""Valor estimado"",""""";
"QCL,""Cultivos y productos de ganadería"",""032"",""Argentina"",""5510"",""Producción"",""01702"",""Habas y haba caballar, secas"",""2016"",""2016"",""toneladas"",""16648.08"",""I"",""Valor imputado por una agencia receptora"",""""";
"QCL,""Cultivos y productos de ganadería"",""032"",""Argentina"",""5312"",""Área cosechada"",""01702"",""Habas y haba caballar, secas"",""2017"",""2017"",""ha"",""1867"",""I"",""Valor imputado por una agencia receptora"",""""";
"QCL,""Cultivos y productos de ganadería"",""032"",""Argentina"",""5412"",""Rendimiento"",""01702"",""Habas y haba caballar, secas"",""2017"",""2017"",""kg/ha"",""8930.8"",""E"",""Valor estimado"",""""";
"QCL,""Cultivos y productos de ganadería"",""032"",""Argentina"",""5510"",""Producción"",""01702"",""Habas y haba caballar, secas"",""2017"",""2017"",""toneladas"",""16675.61"",""I"",""Valor imputado por una agencia receptora"",""""";
"QCL,""Cultivos y productos de ganadería"",""032"",""Argentina"",""5312"",""Área cosechada"",""01702"",""Habas y haba caballar, secas"",""2018"",""2018"",""ha"",""1878"",""I"",""Valor imputado por una agencia receptora"",""""";
"QCL,""Cultivos y productos de ganadería"",""032"",""Argentina"",""5412"",""Rendimiento"",""01702"",""Habas y haba caballar, secas"",""2018"",""2018"",""kg/ha"",""8919.5"",""E"",""Valor estimado"",""""";
"QCL,""Cultivos y productos de ganadería"",""032"",""Argentina"",""5510"",""Producción"",""01702"",""Habas y haba caballar, secas"",""2018"",""2018"",""toneladas"",""16755.01"",""I"",""Valor imputado por una agencia receptora"",""""";
"QCL,""Cultivos y productos de ganadería"",""032"",""Argentina"",""5312"",""Área cosechada"",""01702"",""Habas y haba caballar, secas"",""2019"",""2019"",""ha"",""1892"",""I"",""Valor imputado por una agencia receptora"",""""";
"QCL,""Cultivos y productos de ganadería"",""032"",""Argentina"",""5412"",""Rendimiento"",""01702"",""Habas y haba caballar, secas"",""2019"",""2019"",""kg/ha"",""8911"",""E"",""Valor estimado"",""""";
"QCL,""Cultivos y productos de ganadería"",""032"",""Argentina"",""5510"",""Producción"",""01702"",""Habas y haba caballar, secas"",""2019"",""2019"",""toneladas"",""16856.07"",""I"",""Valor imputado por una agencia receptora"",""""";
"QCL,""Cultivos y productos de ganadería"",""032"",""Argentina"",""5312"",""Área cosechada"",""01702"",""Habas y haba caballar, secas"",""2020"",""2020"",""ha"",""1901"",""I"",""Valor imputado por una agencia receptora"",""""";
"QCL,""Cultivos y productos de ganadería"",""032"",""Argentina"",""5412"",""Rendimiento"",""01702"",""Habas y haba caballar, secas"",""2020"",""2020"",""kg/ha"",""8905.5"",""E"",""Valor estimado"",""""";
"QCL,""Cultivos y productos de ganadería"",""032"",""Argentina"",""5510"",""Producción"",""01702"",""Habas y haba caballar, secas"",""2020"",""2020"",""toneladas"",""16931.06"",""I"",""Valor imputado por una agencia receptora"",""""";
"QCL,""Cultivos y productos de ganadería"",""032"",""Argentina"",""5312"",""Área cosechada"",""01702"",""Habas y haba caballar, secas"",""2021"",""2021"",""ha"",""1937"",""I"",""Valor imputado por una agencia receptora"",""""";
"QCL,""Cultivos y productos de ganadería"",""032"",""Argentina"",""5412"",""Rendimiento"",""01702"",""Habas y haba caballar, secas"",""2021"",""2021"",""kg/ha"",""8912"",""E"",""Valor estimado"",""""";
"QCL,""Cultivos y productos de ganadería"",""032"",""Argentina"",""5510"",""Producción"",""01702"",""Habas y haba caballar, secas"",""2021"",""2021"",""toneladas"",""17261.04"",""I"",""Valor imputado por una agencia receptora"",""""";
"QCL,""Cultivos y productos de ganadería"",""032"",""Argentina"",""5312"",""Área cosechada"",""01702"",""Habas y haba caballar, secas"",""2022"",""2022"",""ha"",""1950"",""I"",""Valor imputado por una agencia receptora"",""""";
"QCL,""Cultivos y productos de ganadería"",""032"",""Argentina"",""5412"",""Rendimiento"",""01702"",""Habas y haba caballar, secas"",""2022"",""2022"",""kg/ha"",""8909.9"",""E"",""Valor estimado"",""""";
"QCL,""Cultivos y productos de ganadería"",""032"",""Argentina"",""5510"",""Producción"",""01702"",""Habas y haba caballar, secas"",""2022"",""2022"",""toneladas"",""17372.4"",""I"",""Valor imputado por una agencia receptora"",""""";
"QCL,""Cultivos y productos de ganadería"",""032"",""Argentina"",""5312"",""Área cosechada"",""01702"",""Habas y haba caballar, secas"",""2023"",""2023"",""ha"",""1929"",""E"",""Valor estimado"",""""";
"QCL,""Cultivos y productos de ganadería"",""032"",""Argentina"",""5412"",""Rendimiento"",""01702"",""Habas y haba caballar, secas"",""2023"",""2023"",""kg/ha"",""9075.3"",""E"",""Valor estimado"",""""";
"QCL,""Cultivos y productos de ganadería"",""032"",""Argentina"",""5510"",""Producción"",""01702"",""Habas y haba caballar, secas"",""2023"",""2023"",""toneladas"",""17508.77"",""I"",""Valor imputado por una agencia receptora"",""""";
"QCL,""Cultivos y productos de ganadería"",""032"",""Argentina"",""5312"",""Área cosechada"",""01702"",""Habas y haba caballar, secas"",""2024"",""2024"",""ha"",""1939"",""E"",""Valor estimado"",""""";
"QCL,""Cultivos y productos de ganadería"",""032"",""Argentina"",""5412"",""Rendimiento"",""01702"",""Habas y haba caballar, secas"",""2024"",""2024"",""kg/ha"",""8965.5"",""E"",""Valor estimado"",""""";
"QCL,""Cultivos y productos de ganadería"",""032"",""Argentina"",""5510"",""Producción"",""01702"",""Habas y haba caballar, secas"",""2024"",""2024"",""toneladas"",""17380.74"",""E"",""Valor estimado"",""""";
"QCL,""Cultivos y productos de ganadería"",""032"",""Argentina"",""5312"",""Área cosechada"",""01315"",""Higos"",""2010"",""2010"",""ha"",""268"",""I"",""Valor imputado por una agencia receptora"",""""";
"QCL,""Cultivos y productos de ganadería"",""032"",""Argentina"",""5412"",""Rendimiento"",""01315"",""Higos"",""2010"",""2010"",""kg/ha"",""3255.6"",""E"",""Valor estimado"",""""";
"QCL,""Cultivos y productos de ganadería"",""032"",""Argentina"",""5510"",""Producción"",""01315"",""Higos"",""2010"",""2010"",""toneladas"",""873.04"",""I"",""Valor imputado por una agencia receptora"",""""";
"QCL,""Cultivos y productos de ganadería"",""032"",""Argentina"",""5312"",""Área cosechada"",""01315"",""Higos"",""2011"",""2011"",""ha"",""269"",""I"",""Valor imputado por una agencia receptora"",""""";
"QCL,""Cultivos y productos de ganadería"",""032"",""Argentina"",""5412"",""Rendimiento"",""01315"",""Higos"",""2011"",""2011"",""kg/ha"",""3242"",""E"",""Valor estimado"",""""";
"QCL,""Cultivos y productos de ganadería"",""032"",""Argentina"",""5510"",""Producción"",""01315"",""Higos"",""2011"",""2011"",""toneladas"",""870.59"",""I"",""Valor imputado por una agencia receptora"",""""";
"QCL,""Cultivos y productos de ganadería"",""032"",""Argentina"",""5312"",""Área cosechada"",""01315"",""Higos"",""2012"",""2012"",""ha"",""270"",""E"",""Valor estimado"",""""";
"QCL,""Cultivos y productos de ganadería"",""032"",""Argentina"",""5412"",""Rendimiento"",""01315"",""Higos"",""2012"",""2012"",""kg/ha"",""3148.1"",""E"",""Valor estimado"",""""";
"QCL,""Cultivos y productos de ganadería"",""032"",""Argentina"",""5510"",""Producción"",""01315"",""Higos"",""2012"",""2012"",""toneladas"",""850"",""E"",""Valor estimado"",""""";
"QCL,""Cultivos y productos de ganadería"",""032"",""Argentina"",""5312"",""Área cosechada"",""01315"",""Higos"",""2013"",""2013"",""ha"",""270"",""I"",""Valor imputado por una agencia receptora"",""""";
"QCL,""Cultivos y productos de ganadería"",""032"",""Argentina"",""5412"",""Rendimiento"",""01315"",""Higos"",""2013"",""2013"",""kg/ha"",""3205.3"",""E"",""Valor estimado"",""""";
"QCL,""Cultivos y productos de ganadería"",""032"",""Argentina"",""5510"",""Producción"",""01315"",""Higos"",""2013"",""2013"",""toneladas"",""866.26"",""I"",""Valor imputado por una agencia receptora"",""""";
"QCL,""Cultivos y productos de ganadería"",""032"",""Argentina"",""5312"",""Área cosechada"",""01315"",""Higos"",""2014"",""2014"",""ha"",""269"",""I"",""Valor imputado por una agencia receptora"",""""";
"QCL,""Cultivos y productos de ganadería"",""032"",""Argentina"",""5412"",""Rendimiento"",""01315"",""Higos"",""2014"",""2014"",""kg/ha"",""3221.3"",""E"",""Valor estimado"",""""";
"QCL,""Cultivos y productos de ganadería"",""032"",""Argentina"",""5510"",""Producción"",""01315"",""Higos"",""2014"",""2014"",""toneladas"",""867.82"",""I"",""Valor imputado por una agencia receptora"",""""";
"QCL,""Cultivos y productos de ganadería"",""032"",""Argentina"",""5312"",""Área cosechada"",""01315"",""Higos"",""2015"",""2015"",""ha"",""271"",""I"",""Valor imputado por una agencia receptora"",""""";
"QCL,""Cultivos y productos de ganadería"",""032"",""Argentina"",""5412"",""Rendimiento"",""01315"",""Higos"",""2015"",""2015"",""kg/ha"",""3202.6"",""E"",""Valor estimado"",""""";
"QCL,""Cultivos y productos de ganadería"",""032"",""Argentina"",""5510"",""Producción"",""01315"",""Higos"",""2015"",""2015"",""toneladas"",""867.98"",""I"",""Valor imputado por una agencia receptora"",""""";
"QCL,""Cultivos y productos de ganadería"",""032"",""Argentina"",""5312"",""Área cosechada"",""01315"",""Higos"",""2016"",""2016"",""ha"",""271"",""I"",""Valor imputado por una agencia receptora"",""""";
"QCL,""Cultivos y productos de ganadería"",""032"",""Argentina"",""5412"",""Rendimiento"",""01315"",""Higos"",""2016"",""2016"",""kg/ha"",""3199.5"",""E"",""Valor estimado"",""""";
"QCL,""Cultivos y productos de ganadería"",""032"",""Argentina"",""5510"",""Producción"",""01315"",""Higos"",""2016"",""2016"",""toneladas"",""866.79"",""I"",""Valor imputado por una agencia receptora"",""""";
"QCL,""Cultivos y productos de ganadería"",""032"",""Argentina"",""5312"",""Área cosechada"",""01315"",""Higos"",""2017"",""2017"",""ha"",""271"",""I"",""Valor imputado por una agencia receptora"",""""";
"QCL,""Cultivos y productos de ganadería"",""032"",""Argentina"",""5412"",""Rendimiento"",""01315"",""Higos"",""2017"",""2017"",""kg/ha"",""3199.5"",""E"",""Valor estimado"",""""";
"QCL,""Cultivos y productos de ganadería"",""032"",""Argentina"",""5510"",""Producción"",""01315"",""Higos"",""2017"",""2017"",""toneladas"",""866.06"",""I"",""Valor imputado por una agencia receptora"",""""";
"QCL,""Cultivos y productos de ganadería"",""032"",""Argentina"",""5312"",""Área cosechada"",""01315"",""Higos"",""2018"",""2018"",""ha"",""270"",""I"",""Valor imputado por una agencia receptora"",""""";
"QCL,""Cultivos y productos de ganadería"",""032"",""Argentina"",""5412"",""Rendimiento"",""01315"",""Higos"",""2018"",""2018"",""kg/ha"",""3202.1"",""E"",""Valor estimado"",""""";
"QCL,""Cultivos y productos de ganadería"",""032"",""Argentina"",""5510"",""Producción"",""01315"",""Higos"",""2018"",""2018"",""toneladas"",""865.5"",""I"",""Valor imputado por una agencia receptora"",""""";
"QCL,""Cultivos y productos de ganadería"",""032"",""Argentina"",""5312"",""Área cosechada"",""01315"",""Higos"",""2019"",""2019"",""ha"",""270"",""I"",""Valor imputado por una agencia receptora"",""""";
"QCL,""Cultivos y productos de ganadería"",""032"",""Argentina"",""5412"",""Rendimiento"",""01315"",""Higos"",""2019"",""2019"",""kg/ha"",""3208.8"",""E"",""Valor estimado"",""""";
"QCL,""Cultivos y productos de ganadería"",""032"",""Argentina"",""5510"",""Producción"",""01315"",""Higos"",""2019"",""2019"",""toneladas"",""864.97"",""I"",""Valor imputado por una agencia receptora"",""""";
"QCL,""Cultivos y productos de ganadería"",""032"",""Argentina"",""5312"",""Área cosechada"",""01315"",""Higos"",""2020"",""2020"",""ha"",""269"",""I"",""Valor imputado por una agencia receptora"",""""";
"QCL,""Cultivos y productos de ganadería"",""032"",""Argentina"",""5412"",""Rendimiento"",""01315"",""Higos"",""2020"",""2020"",""kg/ha"",""3212.7"",""E"",""Valor estimado"",""""";
"QCL,""Cultivos y productos de ganadería"",""032"",""Argentina"",""5510"",""Producción"",""01315"",""Higos"",""2020"",""2020"",""toneladas"",""864.26"",""I"",""Valor imputado por una agencia receptora"",""""";
"QCL,""Cultivos y productos de ganadería"",""032"",""Argentina"",""5312"",""Área cosechada"",""01315"",""Higos"",""2021"",""2021"",""ha"",""270"",""I"",""Valor imputado por una agencia receptora"",""""";
"QCL,""Cultivos y productos de ganadería"",""032"",""Argentina"",""5412"",""Rendimiento"",""01315"",""Higos"",""2021"",""2021"",""kg/ha"",""3211.3"",""E"",""Valor estimado"",""""";
"QCL,""Cultivos y productos de ganadería"",""032"",""Argentina"",""5510"",""Producción"",""01315"",""Higos"",""2021"",""2021"",""toneladas"",""865.72"",""I"",""Valor imputado por una agencia receptora"",""""";
"QCL,""Cultivos y productos de ganadería"",""032"",""Argentina"",""5312"",""Área cosechada"",""01315"",""Higos"",""2022"",""2022"",""ha"",""270"",""I"",""Valor imputado por una agencia receptora"",""""";
"QCL,""Cultivos y productos de ganadería"",""032"",""Argentina"",""5412"",""Rendimiento"",""01315"",""Higos"",""2022"",""2022"",""kg/ha"",""3210.6"",""E"",""Valor estimado"",""""";
"QCL,""Cultivos y productos de ganadería"",""032"",""Argentina"",""5510"",""Producción"",""01315"",""Higos"",""2022"",""2022"",""toneladas"",""867.63"",""I"",""Valor imputado por una agencia receptora"",""""";
"QCL,""Cultivos y productos de ganadería"",""032"",""Argentina"",""5312"",""Área cosechada"",""01315"",""Higos"",""2023"",""2023"",""ha"",""270"",""I"",""Valor imputado por una agencia receptora"",""""";
"QCL,""Cultivos y productos de ganadería"",""032"",""Argentina"",""5412"",""Rendimiento"",""01315"",""Higos"",""2023"",""2023"",""kg/ha"",""3209.4"",""E"",""Valor estimado"",""""";
"QCL,""Cultivos y productos de ganadería"",""032"",""Argentina"",""5510"",""Producción"",""01315"",""Higos"",""2023"",""2023"",""toneladas"",""867.22"",""I"",""Valor imputado por una agencia receptora"",""""";
"QCL,""Cultivos y productos de ganadería"",""032"",""Argentina"",""5312"",""Área cosechada"",""01315"",""Higos"",""2024"",""2024"",""ha"",""270"",""I"",""Valor imputado por una agencia receptora"",""""";
"QCL,""Cultivos y productos de ganadería"",""032"",""Argentina"",""5412"",""Rendimiento"",""01315"",""Higos"",""2024"",""2024"",""kg/ha"",""3208.2"",""E"",""Valor estimado"",""""";
"QCL,""Cultivos y productos de ganadería"",""032"",""Argentina"",""5510"",""Producción"",""01315"",""Higos"",""2024"",""2024"",""toneladas"",""866.81"",""I"",""Valor imputado por una agencia receptora"",""""";
"QCL,""Cultivos y productos de ganadería"",""032"",""Argentina"",""5312"",""Área cosechada"",""01620"",""Hojas de té"",""2010"",""2010"",""ha"",""37221"",""A"",""Valor oficial"",""""";
"QCL,""Cultivos y productos de ganadería"",""032"",""Argentina"",""5412"",""Rendimiento"",""01620"",""Hojas de té"",""2010"",""2010"",""kg/ha"",""10800.4"",""E"",""Valor estimado"",""""";
"QCL,""Cultivos y productos de ganadería"",""032"",""Argentina"",""5510"",""Producción"",""01620"",""Hojas de té"",""2010"",""2010"",""toneladas"",""402000"",""E"",""Valor estimado"",""""";
"QCL,""Cultivos y productos de ganadería"",""032"",""Argentina"",""5312"",""Área cosechada"",""01620"",""Hojas de té"",""2011"",""2011"",""ha"",""36989"",""A"",""Valor oficial"",""""";
"QCL,""Cultivos y productos de ganadería"",""032"",""Argentina"",""5412"",""Rendimiento"",""01620"",""Hojas de té"",""2011"",""2011"",""kg/ha"",""10922.2"",""E"",""Valor estimado"",""""";
"QCL,""Cultivos y productos de ganadería"",""032"",""Argentina"",""5510"",""Producción"",""01620"",""Hojas de té"",""2011"",""2011"",""toneladas"",""404000"",""E"",""Valor estimado"",""""";
"QCL,""Cultivos y productos de ganadería"",""032"",""Argentina"",""5312"",""Área cosechada"",""01620"",""Hojas de té"",""2012"",""2012"",""ha"",""39322"",""A"",""Valor oficial"",""""";
"QCL,""Cultivos y productos de ganadería"",""032"",""Argentina"",""5412"",""Rendimiento"",""01620"",""Hojas de té"",""2012"",""2012"",""kg/ha"",""9155.2"",""E"",""Valor estimado"",""""";
"QCL,""Cultivos y productos de ganadería"",""032"",""Argentina"",""5510"",""Producción"",""01620"",""Hojas de té"",""2012"",""2012"",""toneladas"",""360000"",""E"",""Valor estimado"",""""";
"QCL,""Cultivos y productos de ganadería"",""032"",""Argentina"",""5312"",""Área cosechada"",""01620"",""Hojas de té"",""2013"",""2013"",""ha"",""37499"",""I"",""Valor imputado por una agencia receptora"",""""";
"QCL,""Cultivos y productos de ganadería"",""032"",""Argentina"",""5412"",""Rendimiento"",""01620"",""Hojas de té"",""2013"",""2013"",""kg/ha"",""9333.5"",""E"",""Valor estimado"",""""";
"QCL,""Cultivos y productos de ganadería"",""032"",""Argentina"",""5510"",""Producción"",""01620"",""Hojas de té"",""2013"",""2013"",""toneladas"",""350000"",""E"",""Valor estimado"",""""";
"QCL,""Cultivos y productos de ganadería"",""032"",""Argentina"",""5312"",""Área cosechada"",""01620"",""Hojas de té"",""2014"",""2014"",""ha"",""38507"",""I"",""Valor imputado por una agencia receptora"",""""";
"QCL,""Cultivos y productos de ganadería"",""032"",""Argentina"",""5412"",""Rendimiento"",""01620"",""Hojas de té"",""2014"",""2014"",""kg/ha"",""9375"",""E"",""Valor estimado"",""""";
"QCL,""Cultivos y productos de ganadería"",""032"",""Argentina"",""5510"",""Producción"",""01620"",""Hojas de té"",""2014"",""2014"",""toneladas"",""361000"",""E"",""Valor estimado"",""""";
"QCL,""Cultivos y productos de ganadería"",""032"",""Argentina"",""5312"",""Área cosechada"",""01620"",""Hojas de té"",""2015"",""2015"",""ha"",""39600"",""A"",""Valor oficial"",""""";
"QCL,""Cultivos y productos de ganadería"",""032"",""Argentina"",""5412"",""Rendimiento"",""01620"",""Hojas de té"",""2015"",""2015"",""kg/ha"",""9065.7"",""E"",""Valor estimado"",""""";
"QCL,""Cultivos y productos de ganadería"",""032"",""Argentina"",""5510"",""Producción"",""01620"",""Hojas de té"",""2015"",""2015"",""toneladas"",""359000"",""E"",""Valor estimado"",""""";
"QCL,""Cultivos y productos de ganadería"",""032"",""Argentina"",""5312"",""Área cosechada"",""01620"",""Hojas de té"",""2016"",""2016"",""ha"",""39221"",""A"",""Valor oficial"",""""";
"QCL,""Cultivos y productos de ganadería"",""032"",""Argentina"",""5412"",""Rendimiento"",""01620"",""Hojas de té"",""2016"",""2016"",""kg/ha"",""9433.7"",""E"",""Valor estimado"",""""";
"QCL,""Cultivos y productos de ganadería"",""032"",""Argentina"",""5510"",""Producción"",""01620"",""Hojas de té"",""2016"",""2016"",""toneladas"",""370000"",""E"",""Valor estimado"",""""";
"QCL,""Cultivos y productos de ganadería"",""032"",""Argentina"",""5312"",""Área cosechada"",""01620"",""Hojas de té"",""2017"",""2017"",""ha"",""39221"",""A"",""Valor oficial"",""""";
"QCL,""Cultivos y productos de ganadería"",""032"",""Argentina"",""5412"",""Rendimiento"",""01620"",""Hojas de té"",""2017"",""2017"",""kg/ha"",""9025.8"",""E"",""Valor estimado"",""""";
"QCL,""Cultivos y productos de ganadería"",""032"",""Argentina"",""5510"",""Producción"",""01620"",""Hojas de té"",""2017"",""2017"",""toneladas"",""354000"",""E"",""Valor estimado"",""""";
"QCL,""Cultivos y productos de ganadería"",""032"",""Argentina"",""5312"",""Área cosechada"",""01620"",""Hojas de té"",""2018"",""2018"",""ha"",""39611"",""A"",""Valor oficial"",""""";
"QCL,""Cultivos y productos de ganadería"",""032"",""Argentina"",""5412"",""Rendimiento"",""01620"",""Hojas de té"",""2018"",""2018"",""kg/ha"",""9088.4"",""E"",""Valor estimado"",""""";
"QCL,""Cultivos y productos de ganadería"",""032"",""Argentina"",""5510"",""Producción"",""01620"",""Hojas de té"",""2018"",""2018"",""toneladas"",""360000"",""E"",""Valor estimado"",""""";
"QCL,""Cultivos y productos de ganadería"",""032"",""Argentina"",""5312"",""Área cosechada"",""01620"",""Hojas de té"",""2019"",""2019"",""ha"",""34130"",""A"",""Valor oficial"",""""";
"QCL,""Cultivos y productos de ganadería"",""032"",""Argentina"",""5412"",""Rendimiento"",""01620"",""Hojas de té"",""2019"",""2019"",""kg/ha"",""10606.5"",""E"",""Valor estimado"",""""";
"QCL,""Cultivos y productos de ganadería"",""032"",""Argentina"",""5510"",""Producción"",""01620"",""Hojas de té"",""2019"",""2019"",""toneladas"",""362000"",""E"",""Valor estimado"",""""";
"QCL,""Cultivos y productos de ganadería"",""032"",""Argentina"",""5312"",""Área cosechada"",""01620"",""Hojas de té"",""2020"",""2020"",""ha"",""32980"",""A"",""Valor oficial"",""""";
"QCL,""Cultivos y productos de ganadería"",""032"",""Argentina"",""5412"",""Rendimiento"",""01620"",""Hojas de té"",""2020"",""2020"",""kg/ha"",""10164.5"",""A"",""Valor oficial"",""""";
"QCL,""Cultivos y productos de ganadería"",""032"",""Argentina"",""5510"",""Producción"",""01620"",""Hojas de té"",""2020"",""2020"",""toneladas"",""335225"",""A"",""Valor oficial"",""""";
"QCL,""Cultivos y productos de ganadería"",""032"",""Argentina"",""5312"",""Área cosechada"",""01620"",""Hojas de té"",""2021"",""2021"",""ha"",""30100"",""A"",""Valor oficial"",""""";
"QCL,""Cultivos y productos de ganadería"",""032"",""Argentina"",""5412"",""Rendimiento"",""01620"",""Hojas de té"",""2021"",""2021"",""kg/ha"",""11167.1"",""A"",""Valor oficial"",""""";
"QCL,""Cultivos y productos de ganadería"",""032"",""Argentina"",""5510"",""Producción"",""01620"",""Hojas de té"",""2021"",""2021"",""toneladas"",""336130"",""A"",""Valor oficial"",""""";
"QCL,""Cultivos y productos de ganadería"",""032"",""Argentina"",""5312"",""Área cosechada"",""01620"",""Hojas de té"",""2022"",""2022"",""ha"",""30100"",""A"",""Valor oficial"",""""";
"QCL,""Cultivos y productos de ganadería"",""032"",""Argentina"",""5412"",""Rendimiento"",""01620"",""Hojas de té"",""2022"",""2022"",""kg/ha"",""11798.8"",""A"",""Valor oficial"",""""";
"QCL,""Cultivos y productos de ganadería"",""032"",""Argentina"",""5510"",""Producción"",""01620"",""Hojas de té"",""2022"",""2022"",""toneladas"",""355144"",""A"",""Valor oficial"",""""";
"QCL,""Cultivos y productos de ganadería"",""032"",""Argentina"",""5312"",""Área cosechada"",""01620"",""Hojas de té"",""2023"",""2023"",""ha"",""30100"",""A"",""Valor oficial"",""""";
"QCL,""Cultivos y productos de ganadería"",""032"",""Argentina"",""5412"",""Rendimiento"",""01620"",""Hojas de té"",""2023"",""2023"",""kg/ha"",""11435.3"",""A"",""Valor oficial"",""""";
"QCL,""Cultivos y productos de ganadería"",""032"",""Argentina"",""5510"",""Producción"",""01620"",""Hojas de té"",""2023"",""2023"",""toneladas"",""344203"",""A"",""Valor oficial"",""""";
"QCL,""Cultivos y productos de ganadería"",""032"",""Argentina"",""5312"",""Área cosechada"",""01620"",""Hojas de té"",""2024"",""2024"",""ha"",""29869"",""A"",""Valor oficial"",""""";
"QCL,""Cultivos y productos de ganadería"",""032"",""Argentina"",""5412"",""Rendimiento"",""01620"",""Hojas de té"",""2024"",""2024"",""kg/ha"",""11943.9"",""A"",""Valor oficial"",""""";
"QCL,""Cultivos y productos de ganadería"",""032"",""Argentina"",""5510"",""Producción"",""01620"",""Hojas de té"",""2024"",""2024"",""toneladas"",""356753"",""A"",""Valor oficial"",""""";
"QCL,""Cultivos y productos de ganadería"",""032"",""Argentina"",""5312"",""Área cosechada"",""01630"",""Hojas de yerba mate"",""2010"",""2010"",""ha"",""204221"",""A"",""Valor oficial"",""""";
"QCL,""Cultivos y productos de ganadería"",""032"",""Argentina"",""5412"",""Rendimiento"",""01630"",""Hojas de yerba mate"",""2010"",""2010"",""kg/ha"",""1227.7"",""A"",""Valor oficial"",""""";
"QCL,""Cultivos y productos de ganadería"",""032"",""Argentina"",""5510"",""Producción"",""01630"",""Hojas de yerba mate"",""2010"",""2010"",""toneladas"",""250723"",""A"",""Valor oficial"",""""";
"QCL,""Cultivos y productos de ganadería"",""032"",""Argentina"",""5312"",""Área cosechada"",""01630"",""Hojas de yerba mate"",""2011"",""2011"",""ha"",""178500"",""A"",""Valor oficial"",""""";
"QCL,""Cultivos y productos de ganadería"",""032"",""Argentina"",""5412"",""Rendimiento"",""01630"",""Hojas de yerba mate"",""2011"",""2011"",""kg/ha"",""1374.8"",""A"",""Valor oficial"",""""";
"QCL,""Cultivos y productos de ganadería"",""032"",""Argentina"",""5510"",""Producción"",""01630"",""Hojas de yerba mate"",""2011"",""2011"",""toneladas"",""245399"",""A"",""Valor oficial"",""""";
"QCL,""Cultivos y productos de ganadería"",""032"",""Argentina"",""5312"",""Área cosechada"",""01630"",""Hojas de yerba mate"",""2012"",""2012"",""ha"",""178500"",""A"",""Valor oficial"",""""";
"QCL,""Cultivos y productos de ganadería"",""032"",""Argentina"",""5412"",""Rendimiento"",""01630"",""Hojas de yerba mate"",""2012"",""2012"",""kg/ha"",""1405.8"",""A"",""Valor oficial"",""""";
"QCL,""Cultivos y productos de ganadería"",""032"",""Argentina"",""5510"",""Producción"",""01630"",""Hojas de yerba mate"",""2012"",""2012"",""toneladas"",""250928"",""A"",""Valor oficial"",""""";
"QCL,""Cultivos y productos de ganadería"",""032"",""Argentina"",""5312"",""Área cosechada"",""01630"",""Hojas de yerba mate"",""2013"",""2013"",""ha"",""178995"",""A"",""Valor oficial"",""""";
"QCL,""Cultivos y productos de ganadería"",""032"",""Argentina"",""5412"",""Rendimiento"",""01630"",""Hojas de yerba mate"",""2013"",""2013"",""kg/ha"",""1348.4"",""A"",""Valor oficial"",""""";
"QCL,""Cultivos y productos de ganadería"",""032"",""Argentina"",""5510"",""Producción"",""01630"",""Hojas de yerba mate"",""2013"",""2013"",""toneladas"",""241365"",""A"",""Valor oficial"",""""";
"QCL,""Cultivos y productos de ganadería"",""032"",""Argentina"",""5312"",""Área cosechada"",""01630"",""Hojas de yerba mate"",""2014"",""2014"",""ha"",""177806"",""I"",""Valor imputado por una agencia receptora"",""""";
"QCL,""Cultivos y productos de ganadería"",""032"",""Argentina"",""5412"",""Rendimiento"",""01630"",""Hojas de yerba mate"",""2014"",""2014"",""kg/ha"",""1488.6"",""E"",""Valor estimado"",""""";
"QCL,""Cultivos y productos de ganadería"",""032"",""Argentina"",""5510"",""Producción"",""01630"",""Hojas de yerba mate"",""2014"",""2014"",""toneladas"",""264688.05"",""I"",""Valor imputado por una agencia receptora"",""""";
"QCL,""Cultivos y productos de ganadería"",""032"",""Argentina"",""5312"",""Área cosechada"",""01630"",""Hojas de yerba mate"",""2015"",""2015"",""ha"",""183601"",""I"",""Valor imputado por una agencia receptora"",""""";
"QCL,""Cultivos y productos de ganadería"",""032"",""Argentina"",""5412"",""Rendimiento"",""01630"",""Hojas de yerba mate"",""2015"",""2015"",""kg/ha"",""1555.1"",""E"",""Valor estimado"",""""";
"QCL,""Cultivos y productos de ganadería"",""032"",""Argentina"",""5510"",""Producción"",""01630"",""Hojas de yerba mate"",""2015"",""2015"",""toneladas"",""285518"",""A"",""Valor oficial"",""""";
"QCL,""Cultivos y productos de ganadería"",""032"",""Argentina"",""5312"",""Área cosechada"",""01630"",""Hojas de yerba mate"",""2016"",""2016"",""ha"",""164789"",""A"",""Valor oficial"",""""";
"QCL,""Cultivos y productos de ganadería"",""032"",""Argentina"",""5412"",""Rendimiento"",""01630"",""Hojas de yerba mate"",""2016"",""2016"",""kg/ha"",""4896.8"",""A"",""Valor oficial"",""""";
"QCL,""Cultivos y productos de ganadería"",""032"",""Argentina"",""5510"",""Producción"",""01630"",""Hojas de yerba mate"",""2016"",""2016"",""toneladas"",""806936"",""A"",""Valor oficial"",""""";
"QCL,""Cultivos y productos de ganadería"",""032"",""Argentina"",""5312"",""Área cosechada"",""01630"",""Hojas de yerba mate"",""2017"",""2017"",""ha"",""169291"",""A"",""Valor oficial"",""""";
"QCL,""Cultivos y productos de ganadería"",""032"",""Argentina"",""5412"",""Rendimiento"",""01630"",""Hojas de yerba mate"",""2017"",""2017"",""kg/ha"",""4076.4"",""A"",""Valor oficial"",""""";
"QCL,""Cultivos y productos de ganadería"",""032"",""Argentina"",""5510"",""Producción"",""01630"",""Hojas de yerba mate"",""2017"",""2017"",""toneladas"",""690100"",""A"",""Valor oficial"",""""";
"QCL,""Cultivos y productos de ganadería"",""032"",""Argentina"",""5312"",""Área cosechada"",""01630"",""Hojas de yerba mate"",""2018"",""2018"",""ha"",""170785"",""A"",""Valor oficial"",""""";
"QCL,""Cultivos y productos de ganadería"",""032"",""Argentina"",""5412"",""Rendimiento"",""01630"",""Hojas de yerba mate"",""2018"",""2018"",""kg/ha"",""4738.7"",""A"",""Valor oficial"",""""";
"QCL,""Cultivos y productos de ganadería"",""032"",""Argentina"",""5510"",""Producción"",""01630"",""Hojas de yerba mate"",""2018"",""2018"",""toneladas"",""809302"",""A"",""Valor oficial"",""""";
"QCL,""Cultivos y productos de ganadería"",""032"",""Argentina"",""5312"",""Área cosechada"",""01630"",""Hojas de yerba mate"",""2019"",""2019"",""ha"",""172650"",""A"",""Valor oficial"",""""";
"QCL,""Cultivos y productos de ganadería"",""032"",""Argentina"",""5412"",""Rendimiento"",""01630"",""Hojas de yerba mate"",""2019"",""2019"",""kg/ha"",""4848.3"",""A"",""Valor oficial"",""""";
"QCL,""Cultivos y productos de ganadería"",""032"",""Argentina"",""5510"",""Producción"",""01630"",""Hojas de yerba mate"",""2019"",""2019"",""toneladas"",""837054"",""A"",""Valor oficial"",""""";
"QCL,""Cultivos y productos de ganadería"",""032"",""Argentina"",""5312"",""Área cosechada"",""01630"",""Hojas de yerba mate"",""2020"",""2020"",""ha"",""177530"",""A"",""Valor oficial"",""""";
"QCL,""Cultivos y productos de ganadería"",""032"",""Argentina"",""5412"",""Rendimiento"",""01630"",""Hojas de yerba mate"",""2020"",""2020"",""kg/ha"",""4582.1"",""A"",""Valor oficial"",""""";
"QCL,""Cultivos y productos de ganadería"",""032"",""Argentina"",""5510"",""Producción"",""01630"",""Hojas de yerba mate"",""2020"",""2020"",""toneladas"",""813454"",""A"",""Valor oficial"",""""";
"QCL,""Cultivos y productos de ganadería"",""032"",""Argentina"",""5312"",""Área cosechada"",""01630"",""Hojas de yerba mate"",""2021"",""2021"",""ha"",""192436"",""I"",""Valor imputado por una agencia receptora"",""""";
"QCL,""Cultivos y productos de ganadería"",""032"",""Argentina"",""5412"",""Rendimiento"",""01630"",""Hojas de yerba mate"",""2021"",""2021"",""kg/ha"",""4194.6"",""E"",""Valor estimado"",""""";
"QCL,""Cultivos y productos de ganadería"",""032"",""Argentina"",""5510"",""Producción"",""01630"",""Hojas de yerba mate"",""2021"",""2021"",""toneladas"",""807184.43"",""I"",""Valor imputado por una agencia receptora"",""""";
"QCL,""Cultivos y productos de ganadería"",""032"",""Argentina"",""5312"",""Área cosechada"",""01630"",""Hojas de yerba mate"",""2022"",""2022"",""ha"",""209277"",""A"",""Valor oficial"",""""";
"QCL,""Cultivos y productos de ganadería"",""032"",""Argentina"",""5412"",""Rendimiento"",""01630"",""Hojas de yerba mate"",""2022"",""2022"",""kg/ha"",""3962.4"",""A"",""Valor oficial"",""""";
"QCL,""Cultivos y productos de ganadería"",""032"",""Argentina"",""5510"",""Producción"",""01630"",""Hojas de yerba mate"",""2022"",""2022"",""toneladas"",""829237"",""A"",""Valor oficial"",""""";
"QCL,""Cultivos y productos de ganadería"",""032"",""Argentina"",""5312"",""Área cosechada"",""01630"",""Hojas de yerba mate"",""2023"",""2023"",""ha"",""222169"",""A"",""Valor oficial"",""""";
"QCL,""Cultivos y productos de ganadería"",""032"",""Argentina"",""5412"",""Rendimiento"",""01630"",""Hojas de yerba mate"",""2023"",""2023"",""kg/ha"",""3484.6"",""A"",""Valor oficial"",""""";
"QCL,""Cultivos y productos de ganadería"",""032"",""Argentina"",""5510"",""Producción"",""01630"",""Hojas de yerba mate"",""2023"",""2023"",""toneladas"",""774168"",""A"",""Valor oficial"",""""";
"QCL,""Cultivos y productos de ganadería"",""032"",""Argentina"",""5312"",""Área cosechada"",""01630"",""Hojas de yerba mate"",""2024"",""2024"",""ha"",""230256"",""A"",""Valor oficial"",""""";
"QCL,""Cultivos y productos de ganadería"",""032"",""Argentina"",""5412"",""Rendimiento"",""01630"",""Hojas de yerba mate"",""2024"",""2024"",""kg/ha"",""4285.4"",""A"",""Valor oficial"",""""";
"QCL,""Cultivos y productos de ganadería"",""032"",""Argentina"",""5510"",""Producción"",""01630"",""Hojas de yerba mate"",""2024"",""2024"",""toneladas"",""986738"",""A"",""Valor oficial"",""""";
"QCL,""Cultivos y productos de ganadería"",""032"",""Argentina"",""5312"",""Área cosechada"",""01241.01"",""Judías verdes con hilo"",""2010"",""2010"",""ha"",""5899"",""I"",""Valor imputado por una agencia receptora"",""""";
"QCL,""Cultivos y productos de ganadería"",""032"",""Argentina"",""5412"",""Rendimiento"",""01241.01"",""Judías verdes con hilo"",""2010"",""2010"",""kg/ha"",""7924.8"",""E"",""Valor estimado"",""""";
"QCL,""Cultivos y productos de ganadería"",""032"",""Argentina"",""5510"",""Producción"",""01241.01"",""Judías verdes con hilo"",""2010"",""2010"",""toneladas"",""46752.03"",""I"",""Valor imputado por una agencia receptora"",""""";
"QCL,""Cultivos y productos de ganadería"",""032"",""Argentina"",""5312"",""Área cosechada"",""01241.01"",""Judías verdes con hilo"",""2011"",""2011"",""ha"",""5988"",""I"",""Valor imputado por una agencia receptora"",""""";
"QCL,""Cultivos y productos de ganadería"",""032"",""Argentina"",""5412"",""Rendimiento"",""01241.01"",""Judías verdes con hilo"",""2011"",""2011"",""kg/ha"",""7858"",""E"",""Valor estimado"",""""";
"QCL,""Cultivos y productos de ganadería"",""032"",""Argentina"",""5510"",""Producción"",""01241.01"",""Judías verdes con hilo"",""2011"",""2011"",""toneladas"",""47053.77"",""I"",""Valor imputado por una agencia receptora"",""""";
"QCL,""Cultivos y productos de ganadería"",""032"",""Argentina"",""5312"",""Área cosechada"",""01241.01"",""Judías verdes con hilo"",""2012"",""2012"",""ha"",""6100"",""E"",""Valor estimado"",""""";
"QCL,""Cultivos y productos de ganadería"",""032"",""Argentina"",""5412"",""Rendimiento"",""01241.01"",""Judías verdes con hilo"",""2012"",""2012"",""kg/ha"",""7786.9"",""E"",""Valor estimado"",""""";
"QCL,""Cultivos y productos de ganadería"",""032"",""Argentina"",""5510"",""Producción"",""01241.01"",""Judías verdes con hilo"",""2012"",""2012"",""toneladas"",""47500"",""E"",""Valor estimado"",""""";
"QCL,""Cultivos y productos de ganadería"",""032"",""Argentina"",""5312"",""Área cosechada"",""01241.01"",""Judías verdes con hilo"",""2013"",""2013"",""ha"",""6172"",""I"",""Valor imputado por una agencia receptora"",""""";
"QCL,""Cultivos y productos de ganadería"",""032"",""Argentina"",""5412"",""Rendimiento"",""01241.01"",""Judías verdes con hilo"",""2013"",""2013"",""kg/ha"",""7716.5"",""E"",""Valor estimado"",""""";
"QCL,""Cultivos y productos de ganadería"",""032"",""Argentina"",""5510"",""Producción"",""01241.01"",""Judías verdes con hilo"",""2013"",""2013"",""toneladas"",""47629.75"",""I"",""Valor imputado por una agencia receptora"",""""";
"QCL,""Cultivos y productos de ganadería"",""032"",""Argentina"",""5312"",""Área cosechada"",""01241.01"",""Judías verdes con hilo"",""2014"",""2014"",""ha"",""6242"",""I"",""Valor imputado por una agencia receptora"",""""";
"QCL,""Cultivos y productos de ganadería"",""032"",""Argentina"",""5412"",""Rendimiento"",""01241.01"",""Judías verdes con hilo"",""2014"",""2014"",""kg/ha"",""7658.7"",""E"",""Valor estimado"",""""";
"QCL,""Cultivos y productos de ganadería"",""032"",""Argentina"",""5510"",""Producción"",""01241.01"",""Judías verdes con hilo"",""2014"",""2014"",""toneladas"",""47808.69"",""I"",""Valor imputado por una agencia receptora"",""""";
"QCL,""Cultivos y productos de ganadería"",""032"",""Argentina"",""5312"",""Área cosechada"",""01241.01"",""Judías verdes con hilo"",""2015"",""2015"",""ha"",""6316"",""I"",""Valor imputado por una agencia receptora"",""""";
"QCL,""Cultivos y productos de ganadería"",""032"",""Argentina"",""5412"",""Rendimiento"",""01241.01"",""Judías verdes con hilo"",""2015"",""2015"",""kg/ha"",""7658.2"",""E"",""Valor estimado"",""""";
"QCL,""Cultivos y productos de ganadería"",""032"",""Argentina"",""5510"",""Producción"",""01241.01"",""Judías verdes con hilo"",""2015"",""2015"",""toneladas"",""48372.55"",""I"",""Valor imputado por una agencia receptora"",""""";
"QCL,""Cultivos y productos de ganadería"",""032"",""Argentina"",""5312"",""Área cosechada"",""01241.01"",""Judías verdes con hilo"",""2016"",""2016"",""ha"",""6397"",""I"",""Valor imputado por una agencia receptora"",""""";
"QCL,""Cultivos y productos de ganadería"",""032"",""Argentina"",""5412"",""Rendimiento"",""01241.01"",""Judías verdes con hilo"",""2016"",""2016"",""kg/ha"",""7629.7"",""E"",""Valor estimado"",""""";
"QCL,""Cultivos y productos de ganadería"",""032"",""Argentina"",""5510"",""Producción"",""01241.01"",""Judías verdes con hilo"",""2016"",""2016"",""toneladas"",""48808.72"",""I"",""Valor imputado por una agencia receptora"",""""";
"QCL,""Cultivos y productos de ganadería"",""032"",""Argentina"",""5312"",""Área cosechada"",""01241.01"",""Judías verdes con hilo"",""2017"",""2017"",""ha"",""6509"",""I"",""Valor imputado por una agencia receptora"",""""";
"QCL,""Cultivos y productos de ganadería"",""032"",""Argentina"",""5412"",""Rendimiento"",""01241.01"",""Judías verdes con hilo"",""2017"",""2017"",""kg/ha"",""7547.6"",""E"",""Valor estimado"",""""";
"QCL,""Cultivos y productos de ganadería"",""032"",""Argentina"",""5510"",""Producción"",""01241.01"",""Judías verdes con hilo"",""2017"",""2017"",""toneladas"",""49125.36"",""I"",""Valor imputado por una agencia receptora"",""""";
"QCL,""Cultivos y productos de ganadería"",""032"",""Argentina"",""5312"",""Área cosechada"",""01241.01"",""Judías verdes con hilo"",""2018"",""2018"",""ha"",""6591"",""I"",""Valor imputado por una agencia receptora"",""""";
"QCL,""Cultivos y productos de ganadería"",""032"",""Argentina"",""5412"",""Rendimiento"",""01241.01"",""Judías verdes con hilo"",""2018"",""2018"",""kg/ha"",""7499.5"",""E"",""Valor estimado"",""""";
"QCL,""Cultivos y productos de ganadería"",""032"",""Argentina"",""5510"",""Producción"",""01241.01"",""Judías verdes con hilo"",""2018"",""2018"",""toneladas"",""49432.28"",""I"",""Valor imputado por una agencia receptora"",""""";
"QCL,""Cultivos y productos de ganadería"",""032"",""Argentina"",""5312"",""Área cosechada"",""01241.01"",""Judías verdes con hilo"",""2019"",""2019"",""ha"",""6679"",""I"",""Valor imputado por una agencia receptora"",""""";
"QCL,""Cultivos y productos de ganadería"",""032"",""Argentina"",""5412"",""Rendimiento"",""01241.01"",""Judías verdes con hilo"",""2019"",""2019"",""kg/ha"",""7445.8"",""E"",""Valor estimado"",""""";
"QCL,""Cultivos y productos de ganadería"",""032"",""Argentina"",""5510"",""Producción"",""01241.01"",""Judías verdes con hilo"",""2019"",""2019"",""toneladas"",""49732.49"",""I"",""Valor imputado por una agencia receptora"",""""";
"QCL,""Cultivos y productos de ganadería"",""032"",""Argentina"",""5312"",""Área cosechada"",""01241.01"",""Judías verdes con hilo"",""2020"",""2020"",""ha"",""6759"",""I"",""Valor imputado por una agencia receptora"",""""";
"QCL,""Cultivos y productos de ganadería"",""032"",""Argentina"",""5412"",""Rendimiento"",""01241.01"",""Judías verdes con hilo"",""2020"",""2020"",""kg/ha"",""7400.1"",""E"",""Valor estimado"",""""";
"QCL,""Cultivos y productos de ganadería"",""032"",""Argentina"",""5510"",""Producción"",""01241.01"",""Judías verdes con hilo"",""2020"",""2020"",""toneladas"",""50015.22"",""I"",""Valor imputado por una agencia receptora"",""""";
"QCL,""Cultivos y productos de ganadería"",""032"",""Argentina"",""5312"",""Área cosechada"",""01241.01"",""Judías verdes con hilo"",""2021"",""2021"",""ha"",""6823"",""I"",""Valor imputado por una agencia receptora"",""""";
"QCL,""Cultivos y productos de ganadería"",""032"",""Argentina"",""5412"",""Rendimiento"",""01241.01"",""Judías verdes con hilo"",""2021"",""2021"",""kg/ha"",""7382.9"",""E"",""Valor estimado"",""""";
"QCL,""Cultivos y productos de ganadería"",""032"",""Argentina"",""5510"",""Producción"",""01241.01"",""Judías verdes con hilo"",""2021"",""2021"",""toneladas"",""50376.12"",""I"",""Valor imputado por una agencia receptora"",""""";
"QCL,""Cultivos y productos de ganadería"",""032"",""Argentina"",""5312"",""Área cosechada"",""01241.01"",""Judías verdes con hilo"",""2022"",""2022"",""ha"",""6754"",""E"",""Valor estimado"",""""";
"QCL,""Cultivos y productos de ganadería"",""032"",""Argentina"",""5412"",""Rendimiento"",""01241.01"",""Judías verdes con hilo"",""2022"",""2022"",""kg/ha"",""7498.7"",""E"",""Valor estimado"",""""";
"QCL,""Cultivos y productos de ganadería"",""032"",""Argentina"",""5510"",""Producción"",""01241.01"",""Judías verdes con hilo"",""2022"",""2022"",""toneladas"",""50644.31"",""I"",""Valor imputado por una agencia receptora"",""""";
"QCL,""Cultivos y productos de ganadería"",""032"",""Argentina"",""5312"",""Área cosechada"",""01241.01"",""Judías verdes con hilo"",""2023"",""2023"",""ha"",""6779"",""E"",""Valor estimado"",""""";
"QCL,""Cultivos y productos de ganadería"",""032"",""Argentina"",""5412"",""Rendimiento"",""01241.01"",""Judías verdes con hilo"",""2023"",""2023"",""kg/ha"",""7518.5"",""E"",""Valor estimado"",""""";
"QCL,""Cultivos y productos de ganadería"",""032"",""Argentina"",""5510"",""Producción"",""01241.01"",""Judías verdes con hilo"",""2023"",""2023"",""toneladas"",""50965.35"",""I"",""Valor imputado por una agencia receptora"",""""";
"QCL,""Cultivos y productos de ganadería"",""032"",""Argentina"",""5312"",""Área cosechada"",""01241.01"",""Judías verdes con hilo"",""2024"",""2024"",""ha"",""6785"",""E"",""Valor estimado"",""""";
"QCL,""Cultivos y productos de ganadería"",""032"",""Argentina"",""5412"",""Rendimiento"",""01241.01"",""Judías verdes con hilo"",""2024"",""2024"",""kg/ha"",""7558.5"",""E"",""Valor estimado"",""""";
"QCL,""Cultivos y productos de ganadería"",""032"",""Argentina"",""5510"",""Producción"",""01241.01"",""Judías verdes con hilo"",""2024"",""2024"",""toneladas"",""51286.38"",""I"",""Valor imputado por una agencia receptora"",""""";
"QCL,""Cultivos y productos de ganadería"",""032"",""Argentina"",""5312"",""Área cosechada"",""01704"",""Lentejas secas"",""2010"",""2010"",""ha"",""14400"",""E"",""Valor estimado"",""""";
"QCL,""Cultivos y productos de ganadería"",""032"",""Argentina"",""5412"",""Rendimiento"",""01704"",""Lentejas secas"",""2010"",""2010"",""kg/ha"",""1388.9"",""E"",""Valor estimado"",""""";
"QCL,""Cultivos y productos de ganadería"",""032"",""Argentina"",""5510"",""Producción"",""01704"",""Lentejas secas"",""2010"",""2010"",""toneladas"",""20000"",""E"",""Valor estimado"",""""";
"QCL,""Cultivos y productos de ganadería"",""032"",""Argentina"",""5312"",""Área cosechada"",""01704"",""Lentejas secas"",""2011"",""2011"",""ha"",""17200"",""E"",""Valor estimado"",""""";
"QCL,""Cultivos y productos de ganadería"",""032"",""Argentina"",""5412"",""Rendimiento"",""01704"",""Lentejas secas"",""2011"",""2011"",""kg/ha"",""1395.3"",""E"",""Valor estimado"",""""";
"QCL,""Cultivos y productos de ganadería"",""032"",""Argentina"",""5510"",""Producción"",""01704"",""Lentejas secas"",""2011"",""2011"",""toneladas"",""24000"",""E"",""Valor estimado"",""""";
"QCL,""Cultivos y productos de ganadería"",""032"",""Argentina"",""5312"",""Área cosechada"",""01704"",""Lentejas secas"",""2012"",""2012"",""ha"",""16500"",""E"",""Valor estimado"",""""";
"QCL,""Cultivos y productos de ganadería"",""032"",""Argentina"",""5412"",""Rendimiento"",""01704"",""Lentejas secas"",""2012"",""2012"",""kg/ha"",""1393.9"",""E"",""Valor estimado"",""""";
"QCL,""Cultivos y productos de ganadería"",""032"",""Argentina"",""5510"",""Producción"",""01704"",""Lentejas secas"",""2012"",""2012"",""toneladas"",""23000"",""E"",""Valor estimado"",""""";
"QCL,""Cultivos y productos de ganadería"",""032"",""Argentina"",""5312"",""Área cosechada"",""01704"",""Lentejas secas"",""2013"",""2013"",""ha"",""12200"",""E"",""Valor estimado"",""""";
"QCL,""Cultivos y productos de ganadería"",""032"",""Argentina"",""5412"",""Rendimiento"",""01704"",""Lentejas secas"",""2013"",""2013"",""kg/ha"",""1393.4"",""E"",""Valor estimado"",""""";
"QCL,""Cultivos y productos de ganadería"",""032"",""Argentina"",""5510"",""Producción"",""01704"",""Lentejas secas"",""2013"",""2013"",""toneladas"",""17000"",""E"",""Valor estimado"",""""";
"QCL,""Cultivos y productos de ganadería"",""032"",""Argentina"",""5312"",""Área cosechada"",""01704"",""Lentejas secas"",""2014"",""2014"",""ha"",""20500"",""A"",""Valor oficial"",""""";
"QCL,""Cultivos y productos de ganadería"",""032"",""Argentina"",""5412"",""Rendimiento"",""01704"",""Lentejas secas"",""2014"",""2014"",""kg/ha"",""1390.2"",""A"",""Valor oficial"",""""";
"QCL,""Cultivos y productos de ganadería"",""032"",""Argentina"",""5510"",""Producción"",""01704"",""Lentejas secas"",""2014"",""2014"",""toneladas"",""28500"",""A"",""Valor oficial"",""""";
"QCL,""Cultivos y productos de ganadería"",""032"",""Argentina"",""5312"",""Área cosechada"",""01704"",""Lentejas secas"",""2015"",""2015"",""ha"",""26000"",""A"",""Valor oficial"",""""";
"QCL,""Cultivos y productos de ganadería"",""032"",""Argentina"",""5412"",""Rendimiento"",""01704"",""Lentejas secas"",""2015"",""2015"",""kg/ha"",""1307.7"",""A"",""Valor oficial"",""""";
"QCL,""Cultivos y productos de ganadería"",""032"",""Argentina"",""5510"",""Producción"",""01704"",""Lentejas secas"",""2015"",""2015"",""toneladas"",""34000"",""A"",""Valor oficial"",""""";
"QCL,""Cultivos y productos de ganadería"",""032"",""Argentina"",""5312"",""Área cosechada"",""01704"",""Lentejas secas"",""2016"",""2016"",""ha"",""19000"",""A"",""Valor oficial"",""""";
"QCL,""Cultivos y productos de ganadería"",""032"",""Argentina"",""5412"",""Rendimiento"",""01704"",""Lentejas secas"",""2016"",""2016"",""kg/ha"",""1157.9"",""A"",""Valor oficial"",""""";
"QCL,""Cultivos y productos de ganadería"",""032"",""Argentina"",""5510"",""Producción"",""01704"",""Lentejas secas"",""2016"",""2016"",""toneladas"",""22000"",""A"",""Valor oficial"",""""";
"QCL,""Cultivos y productos de ganadería"",""032"",""Argentina"",""5312"",""Área cosechada"",""01704"",""Lentejas secas"",""2017"",""2017"",""ha"",""18827"",""I"",""Valor imputado por una agencia receptora"",""""";
"QCL,""Cultivos y productos de ganadería"",""032"",""Argentina"",""5412"",""Rendimiento"",""01704"",""Lentejas secas"",""2017"",""2017"",""kg/ha"",""1062.3"",""E"",""Valor estimado"",""""";
"QCL,""Cultivos y productos de ganadería"",""032"",""Argentina"",""5510"",""Producción"",""01704"",""Lentejas secas"",""2017"",""2017"",""toneladas"",""20000"",""E"",""Valor estimado"",""""";
"QCL,""Cultivos y productos de ganadería"",""032"",""Argentina"",""5312"",""Área cosechada"",""01704"",""Lentejas secas"",""2018"",""2018"",""ha"",""17623"",""I"",""Valor imputado por una agencia receptora"",""""";
"QCL,""Cultivos y productos de ganadería"",""032"",""Argentina"",""5412"",""Rendimiento"",""01704"",""Lentejas secas"",""2018"",""2018"",""kg/ha"",""1055.7"",""E"",""Valor estimado"",""""";
"QCL,""Cultivos y productos de ganadería"",""032"",""Argentina"",""5510"",""Producción"",""01704"",""Lentejas secas"",""2018"",""2018"",""toneladas"",""18605"",""A"",""Valor oficial"",""""";
"QCL,""Cultivos y productos de ganadería"",""032"",""Argentina"",""5312"",""Área cosechada"",""01704"",""Lentejas secas"",""2019"",""2019"",""ha"",""35632"",""A"",""Valor oficial"",""""";
"QCL,""Cultivos y productos de ganadería"",""032"",""Argentina"",""5412"",""Rendimiento"",""01704"",""Lentejas secas"",""2019"",""2019"",""kg/ha"",""540.3"",""A"",""Valor oficial"",""""";
"QCL,""Cultivos y productos de ganadería"",""032"",""Argentina"",""5510"",""Producción"",""01704"",""Lentejas secas"",""2019"",""2019"",""toneladas"",""19252"",""A"",""Valor oficial"",""""";
"QCL,""Cultivos y productos de ganadería"",""032"",""Argentina"",""5312"",""Área cosechada"",""01704"",""Lentejas secas"",""2020"",""2020"",""ha"",""32906"",""A"",""Valor oficial"",""""";
"QCL,""Cultivos y productos de ganadería"",""032"",""Argentina"",""5412"",""Rendimiento"",""01704"",""Lentejas secas"",""2020"",""2020"",""kg/ha"",""1047.7"",""A"",""Valor oficial"",""""";
"QCL,""Cultivos y productos de ganadería"",""032"",""Argentina"",""5510"",""Producción"",""01704"",""Lentejas secas"",""2020"",""2020"",""toneladas"",""34476"",""A"",""Valor oficial"",""""";
"QCL,""Cultivos y productos de ganadería"",""032"",""Argentina"",""5312"",""Área cosechada"",""01704"",""Lentejas secas"",""2021"",""2021"",""ha"",""28207"",""A"",""Valor oficial"",""""";
"QCL,""Cultivos y productos de ganadería"",""032"",""Argentina"",""5412"",""Rendimiento"",""01704"",""Lentejas secas"",""2021"",""2021"",""kg/ha"",""716.4"",""A"",""Valor oficial"",""""";
"QCL,""Cultivos y productos de ganadería"",""032"",""Argentina"",""5510"",""Producción"",""01704"",""Lentejas secas"",""2021"",""2021"",""toneladas"",""20207"",""A"",""Valor oficial"",""""";
"QCL,""Cultivos y productos de ganadería"",""032"",""Argentina"",""5312"",""Área cosechada"",""01704"",""Lentejas secas"",""2022"",""2022"",""ha"",""40456"",""A"",""Valor oficial"",""""";
"QCL,""Cultivos y productos de ganadería"",""032"",""Argentina"",""5412"",""Rendimiento"",""01704"",""Lentejas secas"",""2022"",""2022"",""kg/ha"",""1787.6"",""A"",""Valor oficial"",""""";
"QCL,""Cultivos y productos de ganadería"",""032"",""Argentina"",""5510"",""Producción"",""01704"",""Lentejas secas"",""2022"",""2022"",""toneladas"",""72318"",""A"",""Valor oficial"",""""";
"QCL,""Cultivos y productos de ganadería"",""032"",""Argentina"",""5312"",""Área cosechada"",""01704"",""Lentejas secas"",""2023"",""2023"",""ha"",""14426"",""A"",""Valor oficial"",""""";
"QCL,""Cultivos y productos de ganadería"",""032"",""Argentina"",""5412"",""Rendimiento"",""01704"",""Lentejas secas"",""2023"",""2023"",""kg/ha"",""433"",""A"",""Valor oficial"",""""";
"QCL,""Cultivos y productos de ganadería"",""032"",""Argentina"",""5510"",""Producción"",""01704"",""Lentejas secas"",""2023"",""2023"",""toneladas"",""6246"",""A"",""Valor oficial"",""""";
"QCL,""Cultivos y productos de ganadería"",""032"",""Argentina"",""5312"",""Área cosechada"",""01704"",""Lentejas secas"",""2024"",""2024"",""ha"",""15970"",""A"",""Valor oficial"",""""";
"QCL,""Cultivos y productos de ganadería"",""032"",""Argentina"",""5412"",""Rendimiento"",""01704"",""Lentejas secas"",""2024"",""2024"",""kg/ha"",""1019.6"",""A"",""Valor oficial"",""""";
"QCL,""Cultivos y productos de ganadería"",""032"",""Argentina"",""5510"",""Producción"",""01704"",""Lentejas secas"",""2024"",""2024"",""toneladas"",""16283"",""A"",""Valor oficial"",""""";
"QCL,""Cultivos y productos de ganadería"",""032"",""Argentina"",""5312"",""Área cosechada"",""01322"",""Limones y limas"",""2010"",""2010"",""ha"",""43575"",""A"",""Valor oficial"",""""";
"QCL,""Cultivos y productos de ganadería"",""032"",""Argentina"",""5412"",""Rendimiento"",""01322"",""Limones y limas"",""2010"",""2010"",""kg/ha"",""25550.8"",""A"",""Valor oficial"",""""";
"QCL,""Cultivos y productos de ganadería"",""032"",""Argentina"",""5510"",""Producción"",""01322"",""Limones y limas"",""2010"",""2010"",""toneladas"",""1113375"",""A"",""Valor oficial"",""""";
"QCL,""Cultivos y productos de ganadería"",""032"",""Argentina"",""5312"",""Área cosechada"",""01322"",""Limones y limas"",""2011"",""2011"",""ha"",""48628"",""A"",""Valor oficial"",""""";
"QCL,""Cultivos y productos de ganadería"",""032"",""Argentina"",""5412"",""Rendimiento"",""01322"",""Limones y limas"",""2011"",""2011"",""kg/ha"",""36118.1"",""A"",""Valor oficial"",""""";
"QCL,""Cultivos y productos de ganadería"",""032"",""Argentina"",""5510"",""Producción"",""01322"",""Limones y limas"",""2011"",""2011"",""toneladas"",""1756351"",""A"",""Valor oficial"",""""";
"QCL,""Cultivos y productos de ganadería"",""032"",""Argentina"",""5312"",""Área cosechada"",""01322"",""Limones y limas"",""2012"",""2012"",""ha"",""46794"",""A"",""Valor oficial"",""""";
"QCL,""Cultivos y productos de ganadería"",""032"",""Argentina"",""5412"",""Rendimiento"",""01322"",""Limones y limas"",""2012"",""2012"",""kg/ha"",""31116.6"",""A"",""Valor oficial"",""""";
"QCL,""Cultivos y productos de ganadería"",""032"",""Argentina"",""5510"",""Producción"",""01322"",""Limones y limas"",""2012"",""2012"",""toneladas"",""1456069"",""A"",""Valor oficial"",""""";
"QCL,""Cultivos y productos de ganadería"",""032"",""Argentina"",""5312"",""Área cosechada"",""01322"",""Limones y limas"",""2013"",""2013"",""ha"",""41000"",""X"",""Valor de fuente externa"",""Cifras no oficiales""";
"QCL,""Cultivos y productos de ganadería"",""032"",""Argentina"",""5412"",""Rendimiento"",""01322"",""Limones y limas"",""2013"",""2013"",""kg/ha"",""36243"",""E"",""Valor estimado"",""""";
"QCL,""Cultivos y productos de ganadería"",""032"",""Argentina"",""5510"",""Producción"",""01322"",""Limones y limas"",""2013"",""2013"",""toneladas"",""1485963"",""A"",""Valor oficial"",""""";
"QCL,""Cultivos y productos de ganadería"",""032"",""Argentina"",""5312"",""Área cosechada"",""01322"",""Limones y limas"",""2014"",""2014"",""ha"",""29756"",""I"",""Valor imputado por una agencia receptora"",""""";
"QCL,""Cultivos y productos de ganadería"",""032"",""Argentina"",""5412"",""Rendimiento"",""01322"",""Limones y limas"",""2014"",""2014"",""kg/ha"",""32057.4"",""E"",""Valor estimado"",""""";
"QCL,""Cultivos y productos de ganadería"",""032"",""Argentina"",""5510"",""Producción"",""01322"",""Limones y limas"",""2014"",""2014"",""toneladas"",""953890"",""A"",""Valor oficial"",""""";
"QCL,""Cultivos y productos de ganadería"",""032"",""Argentina"",""5312"",""Área cosechada"",""01322"",""Limones y limas"",""2015"",""2015"",""ha"",""50616"",""A"",""Valor oficial"",""""";
"QCL,""Cultivos y productos de ganadería"",""032"",""Argentina"",""5412"",""Rendimiento"",""01322"",""Limones y limas"",""2015"",""2015"",""kg/ha"",""30852"",""A"",""Valor oficial"",""""";
"QCL,""Cultivos y productos de ganadería"",""032"",""Argentina"",""5510"",""Producción"",""01322"",""Limones y limas"",""2015"",""2015"",""toneladas"",""1561606"",""A"",""Valor oficial"",""""";
"QCL,""Cultivos y productos de ganadería"",""032"",""Argentina"",""5312"",""Área cosechada"",""01322"",""Limones y limas"",""2016"",""2016"",""ha"",""51926"",""A"",""Valor oficial"",""""";
"QCL,""Cultivos y productos de ganadería"",""032"",""Argentina"",""5412"",""Rendimiento"",""01322"",""Limones y limas"",""2016"",""2016"",""kg/ha"",""32321.7"",""A"",""Valor oficial"",""""";
"QCL,""Cultivos y productos de ganadería"",""032"",""Argentina"",""5510"",""Producción"",""01322"",""Limones y limas"",""2016"",""2016"",""toneladas"",""1678337"",""A"",""Valor oficial"",""""";
"QCL,""Cultivos y productos de ganadería"",""032"",""Argentina"",""5312"",""Área cosechada"",""01322"",""Limones y limas"",""2017"",""2017"",""ha"",""53744"",""A"",""Valor oficial"",""""";
"QCL,""Cultivos y productos de ganadería"",""032"",""Argentina"",""5412"",""Rendimiento"",""01322"",""Limones y limas"",""2017"",""2017"",""kg/ha"",""31184.9"",""A"",""Valor oficial"",""""";
"QCL,""Cultivos y productos de ganadería"",""032"",""Argentina"",""5510"",""Producción"",""01322"",""Limones y limas"",""2017"",""2017"",""toneladas"",""1676000"",""A"",""Valor oficial"",""""";
"QCL,""Cultivos y productos de ganadería"",""032"",""Argentina"",""5312"",""Área cosechada"",""01322"",""Limones y limas"",""2018"",""2018"",""ha"",""57665"",""A"",""Valor oficial"",""""";
"QCL,""Cultivos y productos de ganadería"",""032"",""Argentina"",""5412"",""Rendimiento"",""01322"",""Limones y limas"",""2018"",""2018"",""kg/ha"",""34499.3"",""A"",""Valor oficial"",""""";
"QCL,""Cultivos y productos de ganadería"",""032"",""Argentina"",""5510"",""Producción"",""01322"",""Limones y limas"",""2018"",""2018"",""toneladas"",""1989400"",""A"",""Valor oficial"",""""";
"QCL,""Cultivos y productos de ganadería"",""032"",""Argentina"",""5312"",""Área cosechada"",""01322"",""Limones y limas"",""2019"",""2019"",""ha"",""50002"",""I"",""Valor imputado por una agencia receptora"",""""";
"QCL,""Cultivos y productos de ganadería"",""032"",""Argentina"",""5412"",""Rendimiento"",""01322"",""Limones y limas"",""2019"",""2019"",""kg/ha"",""33527"",""E"",""Valor estimado"",""""";
"QCL,""Cultivos y productos de ganadería"",""032"",""Argentina"",""5510"",""Producción"",""01322"",""Limones y limas"",""2019"",""2019"",""toneladas"",""1676403"",""A"",""Valor oficial"",""""";
"QCL,""Cultivos y productos de ganadería"",""032"",""Argentina"",""5312"",""Área cosechada"",""01322"",""Limones y limas"",""2020"",""2020"",""ha"",""35179"",""I"",""Valor imputado por una agencia receptora"",""""";
"QCL,""Cultivos y productos de ganadería"",""032"",""Argentina"",""5412"",""Rendimiento"",""01322"",""Limones y limas"",""2020"",""2020"",""kg/ha"",""32689.5"",""E"",""Valor estimado"",""""";
"QCL,""Cultivos y productos de ganadería"",""032"",""Argentina"",""5510"",""Producción"",""01322"",""Limones y limas"",""2020"",""2020"",""toneladas"",""1150000"",""A"",""Valor oficial"",""""";
"QCL,""Cultivos y productos de ganadería"",""032"",""Argentina"",""5312"",""Área cosechada"",""01322"",""Limones y limas"",""2021"",""2021"",""ha"",""61379"",""I"",""Valor imputado por una agencia receptora"",""""";
"QCL,""Cultivos y productos de ganadería"",""032"",""Argentina"",""5412"",""Rendimiento"",""01322"",""Limones y limas"",""2021"",""2021"",""kg/ha"",""32844.7"",""E"",""Valor estimado"",""""";
"QCL,""Cultivos y productos de ganadería"",""032"",""Argentina"",""5510"",""Producción"",""01322"",""Limones y limas"",""2021"",""2021"",""toneladas"",""2015989"",""A"",""Valor oficial"",""""";
"QCL,""Cultivos y productos de ganadería"",""032"",""Argentina"",""5312"",""Área cosechada"",""01322"",""Limones y limas"",""2022"",""2022"",""ha"",""61497"",""A"",""Valor oficial"",""""";
"QCL,""Cultivos y productos de ganadería"",""032"",""Argentina"",""5412"",""Rendimiento"",""01322"",""Limones y limas"",""2022"",""2022"",""kg/ha"",""34820.6"",""A"",""Valor oficial"",""""";
"QCL,""Cultivos y productos de ganadería"",""032"",""Argentina"",""5510"",""Producción"",""01322"",""Limones y limas"",""2022"",""2022"",""toneladas"",""2141365"",""A"",""Valor oficial"",""""";
"QCL,""Cultivos y productos de ganadería"",""032"",""Argentina"",""5312"",""Área cosechada"",""01322"",""Limones y limas"",""2023"",""2023"",""ha"",""81708"",""A"",""Valor oficial"",""""";
"QCL,""Cultivos y productos de ganadería"",""032"",""Argentina"",""5412"",""Rendimiento"",""01322"",""Limones y limas"",""2023"",""2023"",""kg/ha"",""28332.6"",""A"",""Valor oficial"",""""";
"QCL,""Cultivos y productos de ganadería"",""032"",""Argentina"",""5510"",""Producción"",""01322"",""Limones y limas"",""2023"",""2023"",""toneladas"",""2315000"",""A"",""Valor oficial"",""""";
"QCL,""Cultivos y productos de ganadería"",""032"",""Argentina"",""5312"",""Área cosechada"",""01322"",""Limones y limas"",""2024"",""2024"",""ha"",""68927"",""I"",""Valor imputado por una agencia receptora"",""""";
"QCL,""Cultivos y productos de ganadería"",""032"",""Argentina"",""5412"",""Rendimiento"",""01322"",""Limones y limas"",""2024"",""2024"",""kg/ha"",""31252.3"",""E"",""Valor estimado"",""""";
"QCL,""Cultivos y productos de ganadería"",""032"",""Argentina"",""5510"",""Producción"",""01322"",""Limones y limas"",""2024"",""2024"",""toneladas"",""2154138.5"",""I"",""Valor imputado por una agencia receptora"",""""";
"QCL,""Cultivos y productos de ganadería"",""032"",""Argentina"",""5312"",""Área cosechada"",""01441"",""Linaza"",""2010"",""2010"",""ha"",""25600"",""A"",""Valor oficial"",""""";
"QCL,""Cultivos y productos de ganadería"",""032"",""Argentina"",""5412"",""Rendimiento"",""01441"",""Linaza"",""2010"",""2010"",""kg/ha"",""1256.6"",""A"",""Valor oficial"",""""";
"QCL,""Cultivos y productos de ganadería"",""032"",""Argentina"",""5510"",""Producción"",""01441"",""Linaza"",""2010"",""2010"",""toneladas"",""32170"",""A"",""Valor oficial"",""""";
"QCL,""Cultivos y productos de ganadería"",""032"",""Argentina"",""5312"",""Área cosechada"",""01441"",""Linaza"",""2011"",""2011"",""ha"",""16630"",""A"",""Valor oficial"",""""";
"QCL,""Cultivos y productos de ganadería"",""032"",""Argentina"",""5412"",""Rendimiento"",""01441"",""Linaza"",""2011"",""2011"",""kg/ha"",""1286.2"",""A"",""Valor oficial"",""""";
"QCL,""Cultivos y productos de ganadería"",""032"",""Argentina"",""5510"",""Producción"",""01441"",""Linaza"",""2011"",""2011"",""toneladas"",""21390"",""A"",""Valor oficial"",""""";
"QCL,""Cultivos y productos de ganadería"",""032"",""Argentina"",""5312"",""Área cosechada"",""01441"",""Linaza"",""2012"",""2012"",""ha"",""14600"",""A"",""Valor oficial"",""""";
"QCL,""Cultivos y productos de ganadería"",""032"",""Argentina"",""5412"",""Rendimiento"",""01441"",""Linaza"",""2012"",""2012"",""kg/ha"",""1169.2"",""A"",""Valor oficial"",""""";
"QCL,""Cultivos y productos de ganadería"",""032"",""Argentina"",""5510"",""Producción"",""01441"",""Linaza"",""2012"",""2012"",""toneladas"",""17070"",""A"",""Valor oficial"",""""";
"QCL,""Cultivos y productos de ganadería"",""032"",""Argentina"",""5312"",""Área cosechada"",""01441"",""Linaza"",""2013"",""2013"",""ha"",""17900"",""A"",""Valor oficial"",""""";
"QCL,""Cultivos y productos de ganadería"",""032"",""Argentina"",""5412"",""Rendimiento"",""01441"",""Linaza"",""2013"",""2013"",""kg/ha"",""1141.3"",""A"",""Valor oficial"",""""";
"QCL,""Cultivos y productos de ganadería"",""032"",""Argentina"",""5510"",""Producción"",""01441"",""Linaza"",""2013"",""2013"",""toneladas"",""20430"",""A"",""Valor oficial"",""""";
"QCL,""Cultivos y productos de ganadería"",""032"",""Argentina"",""5312"",""Área cosechada"",""01441"",""Linaza"",""2014"",""2014"",""ha"",""14700"",""A"",""Valor oficial"",""""";
"QCL,""Cultivos y productos de ganadería"",""032"",""Argentina"",""5412"",""Rendimiento"",""01441"",""Linaza"",""2014"",""2014"",""kg/ha"",""1173.8"",""A"",""Valor oficial"",""""";
"QCL,""Cultivos y productos de ganadería"",""032"",""Argentina"",""5510"",""Producción"",""01441"",""Linaza"",""2014"",""2014"",""toneladas"",""17255"",""A"",""Valor oficial"",""""";
"QCL,""Cultivos y productos de ganadería"",""032"",""Argentina"",""5312"",""Área cosechada"",""01441"",""Linaza"",""2015"",""2015"",""ha"",""17000"",""A"",""Valor oficial"",""""";
"QCL,""Cultivos y productos de ganadería"",""032"",""Argentina"",""5412"",""Rendimiento"",""01441"",""Linaza"",""2015"",""2015"",""kg/ha"",""1181.5"",""A"",""Valor oficial"",""""";
"QCL,""Cultivos y productos de ganadería"",""032"",""Argentina"",""5510"",""Producción"",""01441"",""Linaza"",""2015"",""2015"",""toneladas"",""20085"",""A"",""Valor oficial"",""""";
"QCL,""Cultivos y productos de ganadería"",""032"",""Argentina"",""5312"",""Área cosechada"",""01441"",""Linaza"",""2016"",""2016"",""ha"",""13000"",""A"",""Valor oficial"",""""";
"QCL,""Cultivos y productos de ganadería"",""032"",""Argentina"",""5412"",""Rendimiento"",""01441"",""Linaza"",""2016"",""2016"",""kg/ha"",""1277.7"",""A"",""Valor oficial"",""""";
"QCL,""Cultivos y productos de ganadería"",""032"",""Argentina"",""5510"",""Producción"",""01441"",""Linaza"",""2016"",""2016"",""toneladas"",""16610"",""A"",""Valor oficial"",""""";
"QCL,""Cultivos y productos de ganadería"",""032"",""Argentina"",""5312"",""Área cosechada"",""01441"",""Linaza"",""2017"",""2017"",""ha"",""12400"",""A"",""Valor oficial"",""""";
"QCL,""Cultivos y productos de ganadería"",""032"",""Argentina"",""5412"",""Rendimiento"",""01441"",""Linaza"",""2017"",""2017"",""kg/ha"",""1094.8"",""A"",""Valor oficial"",""""";
"QCL,""Cultivos y productos de ganadería"",""032"",""Argentina"",""5510"",""Producción"",""01441"",""Linaza"",""2017"",""2017"",""toneladas"",""13575"",""A"",""Valor oficial"",""""";
"QCL,""Cultivos y productos de ganadería"",""032"",""Argentina"",""5312"",""Área cosechada"",""01441"",""Linaza"",""2018"",""2018"",""ha"",""14246"",""A"",""Valor oficial"",""""";
"QCL,""Cultivos y productos de ganadería"",""032"",""Argentina"",""5412"",""Rendimiento"",""01441"",""Linaza"",""2018"",""2018"",""kg/ha"",""1369.9"",""A"",""Valor oficial"",""""";
"QCL,""Cultivos y productos de ganadería"",""032"",""Argentina"",""5510"",""Producción"",""01441"",""Linaza"",""2018"",""2018"",""toneladas"",""19515"",""A"",""Valor oficial"",""""";
"QCL,""Cultivos y productos de ganadería"",""032"",""Argentina"",""5312"",""Área cosechada"",""01441"",""Linaza"",""2019"",""2019"",""ha"",""9046"",""A"",""Valor oficial"",""""";
"QCL,""Cultivos y productos de ganadería"",""032"",""Argentina"",""5412"",""Rendimiento"",""01441"",""Linaza"",""2019"",""2019"",""kg/ha"",""1099.9"",""A"",""Valor oficial"",""""";
"QCL,""Cultivos y productos de ganadería"",""032"",""Argentina"",""5510"",""Producción"",""01441"",""Linaza"",""2019"",""2019"",""toneladas"",""9950"",""A"",""Valor oficial"",""""";
"QCL,""Cultivos y productos de ganadería"",""032"",""Argentina"",""5312"",""Área cosechada"",""01441"",""Linaza"",""2020"",""2020"",""ha"",""14246"",""A"",""Valor oficial"",""""";
"QCL,""Cultivos y productos de ganadería"",""032"",""Argentina"",""5412"",""Rendimiento"",""01441"",""Linaza"",""2020"",""2020"",""kg/ha"",""1369.9"",""A"",""Valor oficial"",""""";
"QCL,""Cultivos y productos de ganadería"",""032"",""Argentina"",""5510"",""Producción"",""01441"",""Linaza"",""2020"",""2020"",""toneladas"",""19515"",""A"",""Valor oficial"",""""";
"QCL,""Cultivos y productos de ganadería"",""032"",""Argentina"",""5312"",""Área cosechada"",""01441"",""Linaza"",""2021"",""2021"",""ha"",""11061"",""A"",""Valor oficial"",""""";
"QCL,""Cultivos y productos de ganadería"",""032"",""Argentina"",""5412"",""Rendimiento"",""01441"",""Linaza"",""2021"",""2021"",""kg/ha"",""1117.3"",""A"",""Valor oficial"",""""";
"QCL,""Cultivos y productos de ganadería"",""032"",""Argentina"",""5510"",""Producción"",""01441"",""Linaza"",""2021"",""2021"",""toneladas"",""12358"",""A"",""Valor oficial"",""""";
"QCL,""Cultivos y productos de ganadería"",""032"",""Argentina"",""5312"",""Área cosechada"",""01441"",""Linaza"",""2022"",""2022"",""ha"",""17144"",""A"",""Valor oficial"",""""";
"QCL,""Cultivos y productos de ganadería"",""032"",""Argentina"",""5412"",""Rendimiento"",""01441"",""Linaza"",""2022"",""2022"",""kg/ha"",""1705.1"",""A"",""Valor oficial"",""""";
"QCL,""Cultivos y productos de ganadería"",""032"",""Argentina"",""5510"",""Producción"",""01441"",""Linaza"",""2022"",""2022"",""toneladas"",""29232"",""A"",""Valor oficial"",""""";
"QCL,""Cultivos y productos de ganadería"",""032"",""Argentina"",""5312"",""Área cosechada"",""01441"",""Linaza"",""2023"",""2023"",""ha"",""22455"",""A"",""Valor oficial"",""""";
"QCL,""Cultivos y productos de ganadería"",""032"",""Argentina"",""5412"",""Rendimiento"",""01441"",""Linaza"",""2023"",""2023"",""kg/ha"",""1113.2"",""A"",""Valor oficial"",""""";
"QCL,""Cultivos y productos de ganadería"",""032"",""Argentina"",""5510"",""Producción"",""01441"",""Linaza"",""2023"",""2023"",""toneladas"",""24998"",""A"",""Valor oficial"",""""";
"QCL,""Cultivos y productos de ganadería"",""032"",""Argentina"",""5312"",""Área cosechada"",""01441"",""Linaza"",""2024"",""2024"",""ha"",""22455"",""A"",""Valor oficial"",""""";
"QCL,""Cultivos y productos de ganadería"",""032"",""Argentina"",""5412"",""Rendimiento"",""01441"",""Linaza"",""2024"",""2024"",""kg/ha"",""1113.2"",""A"",""Valor oficial"",""""";
"QCL,""Cultivos y productos de ganadería"",""032"",""Argentina"",""5510"",""Producción"",""01441"",""Linaza"",""2024"",""2024"",""toneladas"",""24998"",""A"",""Valor oficial"",""""";
"QCL,""Cultivos y productos de ganadería"",""032"",""Argentina"",""5312"",""Área cosechada"",""01929.01"",""Lino, en rama o enriado"",""2010"",""2010"",""ha"",""2977"",""I"",""Valor imputado por una agencia receptora"",""""";
"QCL,""Cultivos y productos de ganadería"",""032"",""Argentina"",""5412"",""Rendimiento"",""01929.01"",""Lino, en rama o enriado"",""2010"",""2010"",""kg/ha"",""797.4"",""E"",""Valor estimado"",""""";
"QCL,""Cultivos y productos de ganadería"",""032"",""Argentina"",""5510"",""Producción"",""01929.01"",""Lino, en rama o enriado"",""2010"",""2010"",""toneladas"",""2373.45"",""I"",""Valor imputado por una agencia receptora"",""""";
"QCL,""Cultivos y productos de ganadería"",""032"",""Argentina"",""5312"",""Área cosechada"",""01929.01"",""Lino, en rama o enriado"",""2011"",""2011"",""ha"",""3035"",""I"",""Valor imputado por una agencia receptora"",""""";
"QCL,""Cultivos y productos de ganadería"",""032"",""Argentina"",""5412"",""Rendimiento"",""01929.01"",""Lino, en rama o enriado"",""2011"",""2011"",""kg/ha"",""816.8"",""E"",""Valor estimado"",""""";
"QCL,""Cultivos y productos de ganadería"",""032"",""Argentina"",""5510"",""Producción"",""01929.01"",""Lino, en rama o enriado"",""2011"",""2011"",""toneladas"",""2478.63"",""I"",""Valor imputado por una agencia receptora"",""""";
"QCL,""Cultivos y productos de ganadería"",""032"",""Argentina"",""5312"",""Área cosechada"",""01929.01"",""Lino, en rama o enriado"",""2012"",""2012"",""ha"",""3000"",""E"",""Valor estimado"",""""";
"QCL,""Cultivos y productos de ganadería"",""032"",""Argentina"",""5412"",""Rendimiento"",""01929.01"",""Lino, en rama o enriado"",""2012"",""2012"",""kg/ha"",""866.7"",""E"",""Valor estimado"",""""";
"QCL,""Cultivos y productos de ganadería"",""032"",""Argentina"",""5510"",""Producción"",""01929.01"",""Lino, en rama o enriado"",""2012"",""2012"",""toneladas"",""2600"",""E"",""Valor estimado"",""""";
"QCL,""Cultivos y productos de ganadería"",""032"",""Argentina"",""5312"",""Área cosechada"",""01929.01"",""Lino, en rama o enriado"",""2013"",""2013"",""ha"",""3000"",""E"",""Valor estimado"",""""";
"QCL,""Cultivos y productos de ganadería"",""032"",""Argentina"",""5412"",""Rendimiento"",""01929.01"",""Lino, en rama o enriado"",""2013"",""2013"",""kg/ha"",""900"",""E"",""Valor estimado"",""""";
"QCL,""Cultivos y productos de ganadería"",""032"",""Argentina"",""5510"",""Producción"",""01929.01"",""Lino, en rama o enriado"",""2013"",""2013"",""toneladas"",""2700"",""E"",""Valor estimado"",""""";
"QCL,""Cultivos y productos de ganadería"",""032"",""Argentina"",""5312"",""Área cosechada"",""01929.01"",""Lino, en rama o enriado"",""2014"",""2014"",""ha"",""2900"",""E"",""Valor estimado"",""""";
"QCL,""Cultivos y productos de ganadería"",""032"",""Argentina"",""5412"",""Rendimiento"",""01929.01"",""Lino, en rama o enriado"",""2014"",""2014"",""kg/ha"",""885.6"",""E"",""Valor estimado"",""""";
"QCL,""Cultivos y productos de ganadería"",""032"",""Argentina"",""5510"",""Producción"",""01929.01"",""Lino, en rama o enriado"",""2014"",""2014"",""toneladas"",""2568.28"",""I"",""Valor imputado por una agencia receptora"",""""";
"QCL,""Cultivos y productos de ganadería"",""032"",""Argentina"",""5312"",""Área cosechada"",""01929.01"",""Lino, en rama o enriado"",""2015"",""2015"",""ha"",""2864"",""I"",""Valor imputado por una agencia receptora"",""""";
"QCL,""Cultivos y productos de ganadería"",""032"",""Argentina"",""5412"",""Rendimiento"",""01929.01"",""Lino, en rama o enriado"",""2015"",""2015"",""kg/ha"",""865.4"",""E"",""Valor estimado"",""""";
"QCL,""Cultivos y productos de ganadería"",""032"",""Argentina"",""5510"",""Producción"",""01929.01"",""Lino, en rama o enriado"",""2015"",""2015"",""toneladas"",""2478.23"",""I"",""Valor imputado por una agencia receptora"",""""";
"QCL,""Cultivos y productos de ganadería"",""032"",""Argentina"",""5312"",""Área cosechada"",""01929.01"",""Lino, en rama o enriado"",""2016"",""2016"",""ha"",""2921"",""E"",""Valor estimado"",""""";
"QCL,""Cultivos y productos de ganadería"",""032"",""Argentina"",""5412"",""Rendimiento"",""01929.01"",""Lino, en rama o enriado"",""2016"",""2016"",""kg/ha"",""883.9"",""E"",""Valor estimado"",""""";
"QCL,""Cultivos y productos de ganadería"",""032"",""Argentina"",""5510"",""Producción"",""01929.01"",""Lino, en rama o enriado"",""2016"",""2016"",""toneladas"",""2582.17"",""E"",""Valor estimado"",""""";
"QCL,""Cultivos y productos de ganadería"",""032"",""Argentina"",""5312"",""Área cosechada"",""01929.01"",""Lino, en rama o enriado"",""2017"",""2017"",""ha"",""3002"",""I"",""Valor imputado por una agencia receptora"",""""";
"QCL,""Cultivos y productos de ganadería"",""032"",""Argentina"",""5412"",""Rendimiento"",""01929.01"",""Lino, en rama o enriado"",""2017"",""2017"",""kg/ha"",""847.1"",""E"",""Valor estimado"",""""";
"QCL,""Cultivos y productos de ganadería"",""032"",""Argentina"",""5510"",""Producción"",""01929.01"",""Lino, en rama o enriado"",""2017"",""2017"",""toneladas"",""2542.89"",""E"",""Valor estimado"",""""";
"QCL,""Cultivos y productos de ganadería"",""032"",""Argentina"",""5312"",""Área cosechada"",""01929.01"",""Lino, en rama o enriado"",""2018"",""2018"",""ha"",""2941"",""I"",""Valor imputado por una agencia receptora"",""""";
"QCL,""Cultivos y productos de ganadería"",""032"",""Argentina"",""5412"",""Rendimiento"",""01929.01"",""Lino, en rama o enriado"",""2018"",""2018"",""kg/ha"",""856.3"",""E"",""Valor estimado"",""""";
"QCL,""Cultivos y productos de ganadería"",""032"",""Argentina"",""5510"",""Producción"",""01929.01"",""Lino, en rama o enriado"",""2018"",""2018"",""toneladas"",""2518.38"",""I"",""Valor imputado por una agencia receptora"",""""";
"QCL,""Cultivos y productos de ganadería"",""032"",""Argentina"",""5312"",""Área cosechada"",""01929.01"",""Lino, en rama o enriado"",""2019"",""2019"",""ha"",""2881"",""I"",""Valor imputado por una agencia receptora"",""""";
"QCL,""Cultivos y productos de ganadería"",""032"",""Argentina"",""5412"",""Rendimiento"",""01929.01"",""Lino, en rama o enriado"",""2019"",""2019"",""kg/ha"",""882.3"",""E"",""Valor estimado"",""""";
"QCL,""Cultivos y productos de ganadería"",""032"",""Argentina"",""5510"",""Producción"",""01929.01"",""Lino, en rama o enriado"",""2019"",""2019"",""toneladas"",""2542.11"",""I"",""Valor imputado por una agencia receptora"",""""";
"QCL,""Cultivos y productos de ganadería"",""032"",""Argentina"",""5312"",""Área cosechada"",""01929.01"",""Lino, en rama o enriado"",""2020"",""2020"",""ha"",""2860"",""I"",""Valor imputado por una agencia receptora"",""""";
"QCL,""Cultivos y productos de ganadería"",""032"",""Argentina"",""5412"",""Rendimiento"",""01929.01"",""Lino, en rama o enriado"",""2020"",""2020"",""kg/ha"",""887.6"",""E"",""Valor estimado"",""""";
"QCL,""Cultivos y productos de ganadería"",""032"",""Argentina"",""5510"",""Producción"",""01929.01"",""Lino, en rama o enriado"",""2020"",""2020"",""toneladas"",""2538.79"",""I"",""Valor imputado por una agencia receptora"",""""";
"QCL,""Cultivos y productos de ganadería"",""032"",""Argentina"",""5312"",""Área cosechada"",""01929.01"",""Lino, en rama o enriado"",""2021"",""2021"",""ha"",""2849"",""I"",""Valor imputado por una agencia receptora"",""""";
"QCL,""Cultivos y productos de ganadería"",""032"",""Argentina"",""5412"",""Rendimiento"",""01929.01"",""Lino, en rama o enriado"",""2021"",""2021"",""kg/ha"",""893.9"",""E"",""Valor estimado"",""""";
"QCL,""Cultivos y productos de ganadería"",""032"",""Argentina"",""5510"",""Producción"",""01929.01"",""Lino, en rama o enriado"",""2021"",""2021"",""toneladas"",""2546.93"",""I"",""Valor imputado por una agencia receptora"",""""";
"QCL,""Cultivos y productos de ganadería"",""032"",""Argentina"",""5312"",""Área cosechada"",""01929.01"",""Lino, en rama o enriado"",""2022"",""2022"",""ha"",""2838"",""I"",""Valor imputado por una agencia receptora"",""""";
"QCL,""Cultivos y productos de ganadería"",""032"",""Argentina"",""5412"",""Rendimiento"",""01929.01"",""Lino, en rama o enriado"",""2022"",""2022"",""kg/ha"",""900.2"",""E"",""Valor estimado"",""""";
"QCL,""Cultivos y productos de ganadería"",""032"",""Argentina"",""5510"",""Producción"",""01929.01"",""Lino, en rama o enriado"",""2022"",""2022"",""toneladas"",""2555.06"",""I"",""Valor imputado por una agencia receptora"",""""";
"QCL,""Cultivos y productos de ganadería"",""032"",""Argentina"",""5312"",""Área cosechada"",""01929.01"",""Lino, en rama o enriado"",""2023"",""2023"",""ha"",""2800"",""E"",""Valor estimado"",""""";
"QCL,""Cultivos y productos de ganadería"",""032"",""Argentina"",""5412"",""Rendimiento"",""01929.01"",""Lino, en rama o enriado"",""2023"",""2023"",""kg/ha"",""928.6"",""E"",""Valor estimado"",""""";
"QCL,""Cultivos y productos de ganadería"",""032"",""Argentina"",""5510"",""Producción"",""01929.01"",""Lino, en rama o enriado"",""2023"",""2023"",""toneladas"",""2600"",""E"",""Valor estimado"",""""";
"QCL,""Cultivos y productos de ganadería"",""032"",""Argentina"",""5312"",""Área cosechada"",""01929.01"",""Lino, en rama o enriado"",""2024"",""2024"",""ha"",""2800"",""E"",""Valor estimado"",""""";
"QCL,""Cultivos y productos de ganadería"",""032"",""Argentina"",""5412"",""Rendimiento"",""01929.01"",""Lino, en rama o enriado"",""2024"",""2024"",""kg/ha"",""928.6"",""E"",""Valor estimado"",""""";
"QCL,""Cultivos y productos de ganadería"",""032"",""Argentina"",""5510"",""Producción"",""01929.01"",""Lino, en rama o enriado"",""2024"",""2024"",""toneladas"",""2600"",""E"",""Valor estimado"",""""";
"QCL,""Cultivos y productos de ganadería"",""032"",""Argentina"",""5312"",""Área cosechada"",""0112"",""Maíz"",""2010"",""2010"",""ha"",""2904035"",""A"",""Valor oficial"",""""";
"QCL,""Cultivos y productos de ganadería"",""032"",""Argentina"",""5412"",""Rendimiento"",""0112"",""Maíz"",""2010"",""2010"",""kg/ha"",""7804"",""A"",""Valor oficial"",""""";
"QCL,""Cultivos y productos de ganadería"",""032"",""Argentina"",""5510"",""Producción"",""0112"",""Maíz"",""2010"",""2010"",""toneladas"",""22663095"",""A"",""Valor oficial"",""""";
"QCL,""Cultivos y productos de ganadería"",""032"",""Argentina"",""5312"",""Área cosechada"",""0112"",""Maíz"",""2011"",""2011"",""ha"",""3747838"",""A"",""Valor oficial"",""""";
"QCL,""Cultivos y productos de ganadería"",""032"",""Argentina"",""5412"",""Rendimiento"",""0112"",""Maíz"",""2011"",""2011"",""kg/ha"",""6350.3"",""A"",""Valor oficial"",""""";
"QCL,""Cultivos y productos de ganadería"",""032"",""Argentina"",""5510"",""Producción"",""0112"",""Maíz"",""2011"",""2011"",""toneladas"",""23799830"",""A"",""Valor oficial"",""""";
"QCL,""Cultivos y productos de ganadería"",""032"",""Argentina"",""5312"",""Área cosechada"",""0112"",""Maíz"",""2012"",""2012"",""ha"",""3696300"",""A"",""Valor oficial"",""""";
"QCL,""Cultivos y productos de ganadería"",""032"",""Argentina"",""5412"",""Rendimiento"",""0112"",""Maíz"",""2012"",""2012"",""kg/ha"",""5734.6"",""A"",""Valor oficial"",""""";
"QCL,""Cultivos y productos de ganadería"",""032"",""Argentina"",""5510"",""Producción"",""0112"",""Maíz"",""2012"",""2012"",""toneladas"",""21196637"",""A"",""Valor oficial"",""""";
"QCL,""Cultivos y productos de ganadería"",""032"",""Argentina"",""5312"",""Área cosechada"",""0112"",""Maíz"",""2013"",""2013"",""ha"",""4863801"",""A"",""Valor oficial"",""""";
"QCL,""Cultivos y productos de ganadería"",""032"",""Argentina"",""5412"",""Rendimiento"",""0112"",""Maíz"",""2013"",""2013"",""kg/ha"",""6603.7"",""A"",""Valor oficial"",""""";
"QCL,""Cultivos y productos de ganadería"",""032"",""Argentina"",""5510"",""Producción"",""0112"",""Maíz"",""2013"",""2013"",""toneladas"",""32119211"",""A"",""Valor oficial"",""""";
"QCL,""Cultivos y productos de ganadería"",""032"",""Argentina"",""5312"",""Área cosechada"",""0112"",""Maíz"",""2014"",""2014"",""ha"",""4836655"",""A"",""Valor oficial"",""""";
"QCL,""Cultivos y productos de ganadería"",""032"",""Argentina"",""5412"",""Rendimiento"",""0112"",""Maíz"",""2014"",""2014"",""kg/ha"",""6840.9"",""A"",""Valor oficial"",""""";
"QCL,""Cultivos y productos de ganadería"",""032"",""Argentina"",""5510"",""Producción"",""0112"",""Maíz"",""2014"",""2014"",""toneladas"",""33087165"",""A"",""Valor oficial"",""""";
"QCL,""Cultivos y productos de ganadería"",""032"",""Argentina"",""5312"",""Área cosechada"",""0112"",""Maíz"",""2015"",""2015"",""ha"",""4626880"",""A"",""Valor oficial"",""""";
"QCL,""Cultivos y productos de ganadería"",""032"",""Argentina"",""5412"",""Rendimiento"",""0112"",""Maíz"",""2015"",""2015"",""kg/ha"",""7309"",""A"",""Valor oficial"",""""";
"QCL,""Cultivos y productos de ganadería"",""032"",""Argentina"",""5510"",""Producción"",""0112"",""Maíz"",""2015"",""2015"",""toneladas"",""33817744"",""A"",""Valor oficial"",""""";
"QCL,""Cultivos y productos de ganadería"",""032"",""Argentina"",""5312"",""Área cosechada"",""0112"",""Maíz"",""2016"",""2016"",""ha"",""5346593"",""A"",""Valor oficial"",""""";
"QCL,""Cultivos y productos de ganadería"",""032"",""Argentina"",""5412"",""Rendimiento"",""0112"",""Maíz"",""2016"",""2016"",""kg/ha"",""7442.7"",""A"",""Valor oficial"",""""";
"QCL,""Cultivos y productos de ganadería"",""032"",""Argentina"",""5510"",""Producción"",""0112"",""Maíz"",""2016"",""2016"",""toneladas"",""39792854"",""A"",""Valor oficial"",""""";
"QCL,""Cultivos y productos de ganadería"",""032"",""Argentina"",""5312"",""Área cosechada"",""0112"",""Maíz"",""2017"",""2017"",""ha"",""6530673"",""A"",""Valor oficial"",""""";
"QCL,""Cultivos y productos de ganadería"",""032"",""Argentina"",""5412"",""Rendimiento"",""0112"",""Maíz"",""2017"",""2017"",""kg/ha"",""7575.9"",""A"",""Valor oficial"",""""";
"QCL,""Cultivos y productos de ganadería"",""032"",""Argentina"",""5510"",""Producción"",""0112"",""Maíz"",""2017"",""2017"",""toneladas"",""49475895"",""A"",""Valor oficial"",""""";
"QCL,""Cultivos y productos de ganadería"",""032"",""Argentina"",""5312"",""Área cosechada"",""0112"",""Maíz"",""2018"",""2018"",""ha"",""7138620"",""A"",""Valor oficial"",""""";
"QCL,""Cultivos y productos de ganadería"",""032"",""Argentina"",""5412"",""Rendimiento"",""0112"",""Maíz"",""2018"",""2018"",""kg/ha"",""6088.3"",""A"",""Valor oficial"",""""";
"QCL,""Cultivos y productos de ganadería"",""032"",""Argentina"",""5510"",""Producción"",""0112"",""Maíz"",""2018"",""2018"",""toneladas"",""43462323"",""A"",""Valor oficial"",""""";
"QCL,""Cultivos y productos de ganadería"",""032"",""Argentina"",""5312"",""Área cosechada"",""0112"",""Maíz"",""2019"",""2019"",""ha"",""7232761"",""A"",""Valor oficial"",""""";
"QCL,""Cultivos y productos de ganadería"",""032"",""Argentina"",""5412"",""Rendimiento"",""0112"",""Maíz"",""2019"",""2019"",""kg/ha"",""7861.5"",""A"",""Valor oficial"",""""";
"QCL,""Cultivos y productos de ganadería"",""032"",""Argentina"",""5510"",""Producción"",""0112"",""Maíz"",""2019"",""2019"",""toneladas"",""56860704"",""A"",""Valor oficial"",""""";
"QCL,""Cultivos y productos de ganadería"",""032"",""Argentina"",""5312"",""Área cosechada"",""0112"",""Maíz"",""2020"",""2020"",""ha"",""7730506"",""A"",""Valor oficial"",""""";
"QCL,""Cultivos y productos de ganadería"",""032"",""Argentina"",""5412"",""Rendimiento"",""0112"",""Maíz"",""2020"",""2020"",""kg/ha"",""7553.9"",""A"",""Valor oficial"",""""";
"QCL,""Cultivos y productos de ganadería"",""032"",""Argentina"",""5510"",""Producción"",""0112"",""Maíz"",""2020"",""2020"",""toneladas"",""58395811"",""A"",""Valor oficial"",""""";
"QCL,""Cultivos y productos de ganadería"",""032"",""Argentina"",""5312"",""Área cosechada"",""0112"",""Maíz"",""2021"",""2021"",""ha"",""8146596"",""A"",""Valor oficial"",""""";
"QCL,""Cultivos y productos de ganadería"",""032"",""Argentina"",""5412"",""Rendimiento"",""0112"",""Maíz"",""2021"",""2021"",""kg/ha"",""7429.6"",""A"",""Valor oficial"",""""";
"QCL,""Cultivos y productos de ganadería"",""032"",""Argentina"",""5510"",""Producción"",""0112"",""Maíz"",""2021"",""2021"",""toneladas"",""60525805"",""A"",""Valor oficial"",""""";
"QCL,""Cultivos y productos de ganadería"",""032"",""Argentina"",""5312"",""Área cosechada"",""0112"",""Maíz"",""2022"",""2022"",""ha"",""8768441"",""A"",""Valor oficial"",""""";
"QCL,""Cultivos y productos de ganadería"",""032"",""Argentina"",""5412"",""Rendimiento"",""0112"",""Maíz"",""2022"",""2022"",""kg/ha"",""6732.9"",""A"",""Valor oficial"",""""";
"QCL,""Cultivos y productos de ganadería"",""032"",""Argentina"",""5510"",""Producción"",""0112"",""Maíz"",""2022"",""2022"",""toneladas"",""59037179"",""A"",""Valor oficial"",""""";
"QCL,""Cultivos y productos de ganadería"",""032"",""Argentina"",""5312"",""Área cosechada"",""0112"",""Maíz"",""2023"",""2023"",""ha"",""8104641"",""A"",""Valor oficial"",""""";
"QCL,""Cultivos y productos de ganadería"",""032"",""Argentina"",""5412"",""Rendimiento"",""0112"",""Maíz"",""2023"",""2023"",""kg/ha"",""5109.4"",""A"",""Valor oficial"",""""";
"QCL,""Cultivos y productos de ganadería"",""032"",""Argentina"",""5510"",""Producción"",""0112"",""Maíz"",""2023"",""2023"",""toneladas"",""41409448"",""A"",""Valor oficial"",""""";
"QCL,""Cultivos y productos de ganadería"",""032"",""Argentina"",""5312"",""Área cosechada"",""0112"",""Maíz"",""2024"",""2024"",""ha"",""8736712"",""A"",""Valor oficial"",""""";
"QCL,""Cultivos y productos de ganadería"",""032"",""Argentina"",""5412"",""Rendimiento"",""0112"",""Maíz"",""2024"",""2024"",""kg/ha"",""6580.8"",""A"",""Valor oficial"",""""";
"QCL,""Cultivos y productos de ganadería"",""032"",""Argentina"",""5510"",""Producción"",""0112"",""Maíz"",""2024"",""2024"",""toneladas"",""57494500"",""A"",""Valor oficial"",""""";
"QCL,""Cultivos y productos de ganadería"",""032"",""Argentina"",""5312"",""Área cosechada"",""01316"",""Mangos, guayabas y mangostanes"",""2010"",""2010"",""ha"",""265"",""I"",""Valor imputado por una agencia receptora"",""""";
"QCL,""Cultivos y productos de ganadería"",""032"",""Argentina"",""5412"",""Rendimiento"",""01316"",""Mangos, guayabas y mangostanes"",""2010"",""2010"",""kg/ha"",""8008.8"",""E"",""Valor estimado"",""""";
"QCL,""Cultivos y productos de ganadería"",""032"",""Argentina"",""5510"",""Producción"",""01316"",""Mangos, guayabas y mangostanes"",""2010"",""2010"",""toneladas"",""2118.35"",""I"",""Valor imputado por una agencia receptora"",""""";
"QCL,""Cultivos y productos de ganadería"",""032"",""Argentina"",""5312"",""Área cosechada"",""01316"",""Mangos, guayabas y mangostanes"",""2011"",""2011"",""ha"",""264"",""I"",""Valor imputado por una agencia receptora"",""""";
"QCL,""Cultivos y productos de ganadería"",""032"",""Argentina"",""5412"",""Rendimiento"",""01316"",""Mangos, guayabas y mangostanes"",""2011"",""2011"",""kg/ha"",""8018.4"",""E"",""Valor estimado"",""""";
"QCL,""Cultivos y productos de ganadería"",""032"",""Argentina"",""5510"",""Producción"",""01316"",""Mangos, guayabas y mangostanes"",""2011"",""2011"",""toneladas"",""2115.96"",""I"",""Valor imputado por una agencia receptora"",""""";
"QCL,""Cultivos y productos de ganadería"",""032"",""Argentina"",""5312"",""Área cosechada"",""01316"",""Mangos, guayabas y mangostanes"",""2012"",""2012"",""ha"",""270"",""E"",""Valor estimado"",""""";
"QCL,""Cultivos y productos de ganadería"",""032"",""Argentina"",""5412"",""Rendimiento"",""01316"",""Mangos, guayabas y mangostanes"",""2012"",""2012"",""kg/ha"",""7777.8"",""E"",""Valor estimado"",""""";
"QCL,""Cultivos y productos de ganadería"",""032"",""Argentina"",""5510"",""Producción"",""01316"",""Mangos, guayabas y mangostanes"",""2012"",""2012"",""toneladas"",""2100"",""E"",""Valor estimado"",""""";
"QCL,""Cultivos y productos de ganadería"",""032"",""Argentina"",""5312"",""Área cosechada"",""01316"",""Mangos, guayabas y mangostanes"",""2013"",""2013"",""ha"",""265"",""I"",""Valor imputado por una agencia receptora"",""""";
"QCL,""Cultivos y productos de ganadería"",""032"",""Argentina"",""5412"",""Rendimiento"",""01316"",""Mangos, guayabas y mangostanes"",""2013"",""2013"",""kg/ha"",""8039.3"",""E"",""Valor estimado"",""""";
"QCL,""Cultivos y productos de ganadería"",""032"",""Argentina"",""5510"",""Producción"",""01316"",""Mangos, guayabas y mangostanes"",""2013"",""2013"",""toneladas"",""2128.74"",""I"",""Valor imputado por una agencia receptora"",""""";
"QCL,""Cultivos y productos de ganadería"",""032"",""Argentina"",""5312"",""Área cosechada"",""01316"",""Mangos, guayabas y mangostanes"",""2014"",""2014"",""ha"",""267"",""I"",""Valor imputado por una agencia receptora"",""""";
"QCL,""Cultivos y productos de ganadería"",""032"",""Argentina"",""5412"",""Rendimiento"",""01316"",""Mangos, guayabas y mangostanes"",""2014"",""2014"",""kg/ha"",""8039.9"",""E"",""Valor estimado"",""""";
"QCL,""Cultivos y productos de ganadería"",""032"",""Argentina"",""5510"",""Producción"",""01316"",""Mangos, guayabas y mangostanes"",""2014"",""2014"",""toneladas"",""2150.3"",""I"",""Valor imputado por una agencia receptora"",""""";
"QCL,""Cultivos y productos de ganadería"",""032"",""Argentina"",""5312"",""Área cosechada"",""01316"",""Mangos, guayabas y mangostanes"",""2015"",""2015"",""ha"",""270"",""I"",""Valor imputado por una agencia receptora"",""""";
"QCL,""Cultivos y productos de ganadería"",""032"",""Argentina"",""5412"",""Rendimiento"",""01316"",""Mangos, guayabas y mangostanes"",""2015"",""2015"",""kg/ha"",""8019.8"",""E"",""Valor estimado"",""""";
"QCL,""Cultivos y productos de ganadería"",""032"",""Argentina"",""5510"",""Producción"",""01316"",""Mangos, guayabas y mangostanes"",""2015"",""2015"",""toneladas"",""2163.66"",""I"",""Valor imputado por una agencia receptora"",""""";
"QCL,""Cultivos y productos de ganadería"",""032"",""Argentina"",""5312"",""Área cosechada"",""01316"",""Mangos, guayabas y mangostanes"",""2016"",""2016"",""ha"",""271"",""I"",""Valor imputado por una agencia receptora"",""""";
"QCL,""Cultivos y productos de ganadería"",""032"",""Argentina"",""5412"",""Rendimiento"",""01316"",""Mangos, guayabas y mangostanes"",""2016"",""2016"",""kg/ha"",""8040.6"",""E"",""Valor estimado"",""""";
"QCL,""Cultivos y productos de ganadería"",""032"",""Argentina"",""5510"",""Producción"",""01316"",""Mangos, guayabas y mangostanes"",""2016"",""2016"",""toneladas"",""2179.24"",""I"",""Valor imputado por una agencia receptora"",""""";
"QCL,""Cultivos y productos de ganadería"",""032"",""Argentina"",""5312"",""Área cosechada"",""01316"",""Mangos, guayabas y mangostanes"",""2017"",""2017"",""ha"",""272"",""I"",""Valor imputado por una agencia receptora"",""""";
"QCL,""Cultivos y productos de ganadería"",""032"",""Argentina"",""5412"",""Rendimiento"",""01316"",""Mangos, guayabas y mangostanes"",""2017"",""2017"",""kg/ha"",""8051.2"",""E"",""Valor estimado"",""""";
"QCL,""Cultivos y productos de ganadería"",""032"",""Argentina"",""5510"",""Producción"",""01316"",""Mangos, guayabas y mangostanes"",""2017"",""2017"",""toneladas"",""2193.87"",""I"",""Valor imputado por una agencia receptora"",""""";
"QCL,""Cultivos y productos de ganadería"",""032"",""Argentina"",""5312"",""Área cosechada"",""01316"",""Mangos, guayabas y mangostanes"",""2018"",""2018"",""ha"",""274"",""I"",""Valor imputado por una agencia receptora"",""""";
"QCL,""Cultivos y productos de ganadería"",""032"",""Argentina"",""5412"",""Rendimiento"",""01316"",""Mangos, guayabas y mangostanes"",""2018"",""2018"",""kg/ha"",""8051.8"",""E"",""Valor estimado"",""""";
"QCL,""Cultivos y productos de ganadería"",""032"",""Argentina"",""5510"",""Producción"",""01316"",""Mangos, guayabas y mangostanes"",""2018"",""2018"",""toneladas"",""2205.71"",""I"",""Valor imputado por una agencia receptora"",""""";
"QCL,""Cultivos y productos de ganadería"",""032"",""Argentina"",""5312"",""Área cosechada"",""01316"",""Mangos, guayabas y mangostanes"",""2019"",""2019"",""ha"",""275"",""I"",""Valor imputado por una agencia receptora"",""""";
"QCL,""Cultivos y productos de ganadería"",""032"",""Argentina"",""5412"",""Rendimiento"",""01316"",""Mangos, guayabas y mangostanes"",""2019"",""2019"",""kg/ha"",""8062.5"",""E"",""Valor estimado"",""""";
"QCL,""Cultivos y productos de ganadería"",""032"",""Argentina"",""5510"",""Producción"",""01316"",""Mangos, guayabas y mangostanes"",""2019"",""2019"",""toneladas"",""2218.18"",""I"",""Valor imputado por una agencia receptora"",""""";
"QCL,""Cultivos y productos de ganadería"",""032"",""Argentina"",""5312"",""Área cosechada"",""01316"",""Mangos, guayabas y mangostanes"",""2020"",""2020"",""ha"",""276"",""I"",""Valor imputado por una agencia receptora"",""""";
"QCL,""Cultivos y productos de ganadería"",""032"",""Argentina"",""5412"",""Rendimiento"",""01316"",""Mangos, guayabas y mangostanes"",""2020"",""2020"",""kg/ha"",""8073.8"",""E"",""Valor estimado"",""""";
"QCL,""Cultivos y productos de ganadería"",""032"",""Argentina"",""5510"",""Producción"",""01316"",""Mangos, guayabas y mangostanes"",""2020"",""2020"",""toneladas"",""2232.37"",""I"",""Valor imputado por una agencia receptora"",""""";
"QCL,""Cultivos y productos de ganadería"",""032"",""Argentina"",""5312"",""Área cosechada"",""01316"",""Mangos, guayabas y mangostanes"",""2021"",""2021"",""ha"",""279"",""I"",""Valor imputado por una agencia receptora"",""""";
"QCL,""Cultivos y productos de ganadería"",""032"",""Argentina"",""5412"",""Rendimiento"",""01316"",""Mangos, guayabas y mangostanes"",""2021"",""2021"",""kg/ha"",""8068.9"",""E"",""Valor estimado"",""""";
"QCL,""Cultivos y productos de ganadería"",""032"",""Argentina"",""5510"",""Producción"",""01316"",""Mangos, guayabas y mangostanes"",""2021"",""2021"",""toneladas"",""2254.26"",""I"",""Valor imputado por una agencia receptora"",""""";
"QCL,""Cultivos y productos de ganadería"",""032"",""Argentina"",""5312"",""Área cosechada"",""01316"",""Mangos, guayabas y mangostanes"",""2022"",""2022"",""ha"",""280"",""I"",""Valor imputado por una agencia receptora"",""""";
"QCL,""Cultivos y productos de ganadería"",""032"",""Argentina"",""5412"",""Rendimiento"",""01316"",""Mangos, guayabas y mangostanes"",""2022"",""2022"",""kg/ha"",""8053.6"",""E"",""Valor estimado"",""""";
"QCL,""Cultivos y productos de ganadería"",""032"",""Argentina"",""5510"",""Producción"",""01316"",""Mangos, guayabas y mangostanes"",""2022"",""2022"",""toneladas"",""2252.15"",""I"",""Valor imputado por una agencia receptora"",""""";
"QCL,""Cultivos y productos de ganadería"",""032"",""Argentina"",""5312"",""Área cosechada"",""01316"",""Mangos, guayabas y mangostanes"",""2023"",""2023"",""ha"",""280"",""I"",""Valor imputado por una agencia receptora"",""""";
"QCL,""Cultivos y productos de ganadería"",""032"",""Argentina"",""5412"",""Rendimiento"",""01316"",""Mangos, guayabas y mangostanes"",""2023"",""2023"",""kg/ha"",""8058.1"",""E"",""Valor estimado"",""""";
"QCL,""Cultivos y productos de ganadería"",""032"",""Argentina"",""5510"",""Producción"",""01316"",""Mangos, guayabas y mangostanes"",""2023"",""2023"",""toneladas"",""2260.15"",""I"",""Valor imputado por una agencia receptora"",""""";
"QCL,""Cultivos y productos de ganadería"",""032"",""Argentina"",""5312"",""Área cosechada"",""01316"",""Mangos, guayabas y mangostanes"",""2024"",""2024"",""ha"",""281"",""I"",""Valor imputado por una agencia receptora"",""""";
"QCL,""Cultivos y productos de ganadería"",""032"",""Argentina"",""5412"",""Rendimiento"",""01316"",""Mangos, guayabas y mangostanes"",""2024"",""2024"",""kg/ha"",""8062.6"",""E"",""Valor estimado"",""""";
"QCL,""Cultivos y productos de ganadería"",""032"",""Argentina"",""5510"",""Producción"",""01316"",""Mangos, guayabas y mangostanes"",""2024"",""2024"",""toneladas"",""2268.15"",""I"",""Valor imputado por una agencia receptora"",""""";
"QCL,""Cultivos y productos de ganadería"",""032"",""Argentina"",""5312"",""Área cosechada"",""0142"",""Maní con cáscara"",""2010"",""2010"",""ha"",""218828"",""A"",""Valor oficial"",""""";
"QCL,""Cultivos y productos de ganadería"",""032"",""Argentina"",""5412"",""Rendimiento"",""0142"",""Maní con cáscara"",""2010"",""2010"",""kg/ha"",""2792.3"",""A"",""Valor oficial"",""""";
"QCL,""Cultivos y productos de ganadería"",""032"",""Argentina"",""5510"",""Producción"",""0142"",""Maní con cáscara"",""2010"",""2010"",""toneladas"",""611040"",""A"",""Valor oficial"",""""";
"QCL,""Cultivos y productos de ganadería"",""032"",""Argentina"",""5312"",""Área cosechada"",""0142"",""Maní con cáscara"",""2011"",""2011"",""ha"",""264568"",""A"",""Valor oficial"",""""";
"QCL,""Cultivos y productos de ganadería"",""032"",""Argentina"",""5412"",""Rendimiento"",""0142"",""Maní con cáscara"",""2011"",""2011"",""kg/ha"",""2651.6"",""A"",""Valor oficial"",""""";
"QCL,""Cultivos y productos de ganadería"",""032"",""Argentina"",""5510"",""Producción"",""0142"",""Maní con cáscara"",""2011"",""2011"",""toneladas"",""701535"",""A"",""Valor oficial"",""""";
"QCL,""Cultivos y productos de ganadería"",""032"",""Argentina"",""5312"",""Área cosechada"",""0142"",""Maní con cáscara"",""2012"",""2012"",""ha"",""307166"",""A"",""Valor oficial"",""""";
"QCL,""Cultivos y productos de ganadería"",""032"",""Argentina"",""5412"",""Rendimiento"",""0142"",""Maní con cáscara"",""2012"",""2012"",""kg/ha"",""2232.4"",""A"",""Valor oficial"",""""";
"QCL,""Cultivos y productos de ganadería"",""032"",""Argentina"",""5510"",""Producción"",""0142"",""Maní con cáscara"",""2012"",""2012"",""toneladas"",""685722"",""A"",""Valor oficial"",""""";
"QCL,""Cultivos y productos de ganadería"",""032"",""Argentina"",""5312"",""Área cosechada"",""0142"",""Maní con cáscara"",""2013"",""2013"",""ha"",""404022"",""A"",""Valor oficial"",""""";
"QCL,""Cultivos y productos de ganadería"",""032"",""Argentina"",""5412"",""Rendimiento"",""0142"",""Maní con cáscara"",""2013"",""2013"",""kg/ha"",""2539.1"",""A"",""Valor oficial"",""""";
"QCL,""Cultivos y productos de ganadería"",""032"",""Argentina"",""5510"",""Producción"",""0142"",""Maní con cáscara"",""2013"",""2013"",""toneladas"",""1025857"",""A"",""Valor oficial"",""""";
"QCL,""Cultivos y productos de ganadería"",""032"",""Argentina"",""5312"",""Área cosechada"",""0142"",""Maní con cáscara"",""2014"",""2014"",""ha"",""409312"",""A"",""Valor oficial"",""""";
"QCL,""Cultivos y productos de ganadería"",""032"",""Argentina"",""5412"",""Rendimiento"",""0142"",""Maní con cáscara"",""2014"",""2014"",""kg/ha"",""2848.5"",""A"",""Valor oficial"",""""";
"QCL,""Cultivos y productos de ganadería"",""032"",""Argentina"",""5510"",""Producción"",""0142"",""Maní con cáscara"",""2014"",""2014"",""toneladas"",""1165924"",""A"",""Valor oficial"",""""";
"QCL,""Cultivos y productos de ganadería"",""032"",""Argentina"",""5312"",""Área cosechada"",""0142"",""Maní con cáscara"",""2015"",""2015"",""ha"",""424628"",""A"",""Valor oficial"",""""";
"QCL,""Cultivos y productos de ganadería"",""032"",""Argentina"",""5412"",""Rendimiento"",""0142"",""Maní con cáscara"",""2015"",""2015"",""kg/ha"",""2380.4"",""A"",""Valor oficial"",""""";
"QCL,""Cultivos y productos de ganadería"",""032"",""Argentina"",""5510"",""Producción"",""0142"",""Maní con cáscara"",""2015"",""2015"",""toneladas"",""1010777"",""A"",""Valor oficial"",""""";
"QCL,""Cultivos y productos de ganadería"",""032"",""Argentina"",""5312"",""Área cosechada"",""0142"",""Maní con cáscara"",""2016"",""2016"",""ha"",""341838"",""A"",""Valor oficial"",""""";
"QCL,""Cultivos y productos de ganadería"",""032"",""Argentina"",""5412"",""Rendimiento"",""0142"",""Maní con cáscara"",""2016"",""2016"",""kg/ha"",""2928.6"",""A"",""Valor oficial"",""""";
"QCL,""Cultivos y productos de ganadería"",""032"",""Argentina"",""5510"",""Producción"",""0142"",""Maní con cáscara"",""2016"",""2016"",""toneladas"",""1001113"",""A"",""Valor oficial"",""""";
"QCL,""Cultivos y productos de ganadería"",""032"",""Argentina"",""5312"",""Área cosechada"",""0142"",""Maní con cáscara"",""2017"",""2017"",""ha"",""334050"",""A"",""Valor oficial"",""""";
"QCL,""Cultivos y productos de ganadería"",""032"",""Argentina"",""5412"",""Rendimiento"",""0142"",""Maní con cáscara"",""2017"",""2017"",""kg/ha"",""3086.6"",""A"",""Valor oficial"",""""";
"QCL,""Cultivos y productos de ganadería"",""032"",""Argentina"",""5510"",""Producción"",""0142"",""Maní con cáscara"",""2017"",""2017"",""toneladas"",""1031082"",""A"",""Valor oficial"",""""";
"QCL,""Cultivos y productos de ganadería"",""032"",""Argentina"",""5312"",""Área cosechada"",""0142"",""Maní con cáscara"",""2018"",""2018"",""ha"",""443864"",""A"",""Valor oficial"",""""";
"QCL,""Cultivos y productos de ganadería"",""032"",""Argentina"",""5412"",""Rendimiento"",""0142"",""Maní con cáscara"",""2018"",""2018"",""kg/ha"",""2075.5"",""A"",""Valor oficial"",""""";
"QCL,""Cultivos y productos de ganadería"",""032"",""Argentina"",""5510"",""Producción"",""0142"",""Maní con cáscara"",""2018"",""2018"",""toneladas"",""921231"",""A"",""Valor oficial"",""""";
"QCL,""Cultivos y productos de ganadería"",""032"",""Argentina"",""5312"",""Área cosechada"",""0142"",""Maní con cáscara"",""2019"",""2019"",""ha"",""387014"",""A"",""Valor oficial"",""""";
"QCL,""Cultivos y productos de ganadería"",""032"",""Argentina"",""5412"",""Rendimiento"",""0142"",""Maní con cáscara"",""2019"",""2019"",""kg/ha"",""3455.2"",""A"",""Valor oficial"",""""";
"QCL,""Cultivos y productos de ganadería"",""032"",""Argentina"",""5510"",""Producción"",""0142"",""Maní con cáscara"",""2019"",""2019"",""toneladas"",""1337229"",""A"",""Valor oficial"",""""";
"QCL,""Cultivos y productos de ganadería"",""032"",""Argentina"",""5312"",""Área cosechada"",""0142"",""Maní con cáscara"",""2020"",""2020"",""ha"",""367377"",""A"",""Valor oficial"",""""";
"QCL,""Cultivos y productos de ganadería"",""032"",""Argentina"",""5412"",""Rendimiento"",""0142"",""Maní con cáscara"",""2020"",""2020"",""kg/ha"",""3498.9"",""A"",""Valor oficial"",""""";
"QCL,""Cultivos y productos de ganadería"",""032"",""Argentina"",""5510"",""Producción"",""0142"",""Maní con cáscara"",""2020"",""2020"",""toneladas"",""1285431"",""A"",""Valor oficial"",""""";
"QCL,""Cultivos y productos de ganadería"",""032"",""Argentina"",""5312"",""Área cosechada"",""0142"",""Maní con cáscara"",""2021"",""2021"",""ha"",""401756"",""A"",""Valor oficial"",""""";
"QCL,""Cultivos y productos de ganadería"",""032"",""Argentina"",""5412"",""Rendimiento"",""0142"",""Maní con cáscara"",""2021"",""2021"",""kg/ha"",""3154.3"",""A"",""Valor oficial"",""""";
"QCL,""Cultivos y productos de ganadería"",""032"",""Argentina"",""5510"",""Producción"",""0142"",""Maní con cáscara"",""2021"",""2021"",""toneladas"",""1267242"",""A"",""Valor oficial"",""""";
"QCL,""Cultivos y productos de ganadería"",""032"",""Argentina"",""5312"",""Área cosechada"",""0142"",""Maní con cáscara"",""2022"",""2022"",""ha"",""406477"",""A"",""Valor oficial"",""""";
"QCL,""Cultivos y productos de ganadería"",""032"",""Argentina"",""5412"",""Rendimiento"",""0142"",""Maní con cáscara"",""2022"",""2022"",""kg/ha"",""3311.8"",""A"",""Valor oficial"",""""";
"QCL,""Cultivos y productos de ganadería"",""032"",""Argentina"",""5510"",""Producción"",""0142"",""Maní con cáscara"",""2022"",""2022"",""toneladas"",""1346166"",""A"",""Valor oficial"",""""";
"QCL,""Cultivos y productos de ganadería"",""032"",""Argentina"",""5312"",""Área cosechada"",""0142"",""Maní con cáscara"",""2023"",""2023"",""ha"",""371627"",""A"",""Valor oficial"",""""";
"QCL,""Cultivos y productos de ganadería"",""032"",""Argentina"",""5412"",""Rendimiento"",""0142"",""Maní con cáscara"",""2023"",""2023"",""kg/ha"",""2590.4"",""A"",""Valor oficial"",""""";
"QCL,""Cultivos y productos de ganadería"",""032"",""Argentina"",""5510"",""Producción"",""0142"",""Maní con cáscara"",""2023"",""2023"",""toneladas"",""962674"",""A"",""Valor oficial"",""""";
"QCL,""Cultivos y productos de ganadería"",""032"",""Argentina"",""5312"",""Área cosechada"",""0142"",""Maní con cáscara"",""2024"",""2024"",""ha"",""431991"",""A"",""Valor oficial"",""""";
"QCL,""Cultivos y productos de ganadería"",""032"",""Argentina"",""5412"",""Rendimiento"",""0142"",""Maní con cáscara"",""2024"",""2024"",""kg/ha"",""3432.5"",""A"",""Valor oficial"",""""";
"QCL,""Cultivos y productos de ganadería"",""032"",""Argentina"",""5510"",""Producción"",""0142"",""Maní con cáscara"",""2024"",""2024"",""toneladas"",""1482827"",""A"",""Valor oficial"",""""";
"QCL,""Cultivos y productos de ganadería"",""032"",""Argentina"",""5312"",""Área cosechada"",""01341"",""Manzanas"",""2010"",""2010"",""ha"",""25213"",""I"",""Valor imputado por una agencia receptora"",""""";
"QCL,""Cultivos y productos de ganadería"",""032"",""Argentina"",""5412"",""Rendimiento"",""01341"",""Manzanas"",""2010"",""2010"",""kg/ha"",""28556.9"",""E"",""Valor estimado"",""""";
"QCL,""Cultivos y productos de ganadería"",""032"",""Argentina"",""5510"",""Producción"",""01341"",""Manzanas"",""2010"",""2010"",""toneladas"",""720000"",""A"",""Valor oficial"",""""";
"QCL,""Cultivos y productos de ganadería"",""032"",""Argentina"",""5312"",""Área cosechada"",""01341"",""Manzanas"",""2011"",""2011"",""ha"",""39829"",""I"",""Valor imputado por una agencia receptora"",""""";
"QCL,""Cultivos y productos de ganadería"",""032"",""Argentina"",""5412"",""Rendimiento"",""01341"",""Manzanas"",""2011"",""2011"",""kg/ha"",""28873.4"",""E"",""Valor estimado"",""""";
"QCL,""Cultivos y productos de ganadería"",""032"",""Argentina"",""5510"",""Producción"",""01341"",""Manzanas"",""2011"",""2011"",""toneladas"",""1150000"",""A"",""Valor oficial"",""""";
"QCL,""Cultivos y productos de ganadería"",""032"",""Argentina"",""5312"",""Área cosechada"",""01341"",""Manzanas"",""2012"",""2012"",""ha"",""35971"",""I"",""Valor imputado por una agencia receptora"",""""";
"QCL,""Cultivos y productos de ganadería"",""032"",""Argentina"",""5412"",""Rendimiento"",""01341"",""Manzanas"",""2012"",""2012"",""kg/ha"",""29189.9"",""E"",""Valor estimado"",""""";
"QCL,""Cultivos y productos de ganadería"",""032"",""Argentina"",""5510"",""Producción"",""01341"",""Manzanas"",""2012"",""2012"",""toneladas"",""1050000"",""A"",""Valor oficial"",""""";
"QCL,""Cultivos y productos de ganadería"",""032"",""Argentina"",""5312"",""Área cosechada"",""01341"",""Manzanas"",""2013"",""2013"",""ha"",""32874"",""I"",""Valor imputado por una agencia receptora"",""""";
"QCL,""Cultivos y productos de ganadería"",""032"",""Argentina"",""5412"",""Rendimiento"",""01341"",""Manzanas"",""2013"",""2013"",""kg/ha"",""29506.4"",""E"",""Valor estimado"",""""";
"QCL,""Cultivos y productos de ganadería"",""032"",""Argentina"",""5510"",""Producción"",""01341"",""Manzanas"",""2013"",""2013"",""toneladas"",""970000"",""A"",""Valor oficial"",""""";
"QCL,""Cultivos y productos de ganadería"",""032"",""Argentina"",""5312"",""Área cosechada"",""01341"",""Manzanas"",""2014"",""2014"",""ha"",""26702"",""I"",""Valor imputado por una agencia receptora"",""""";
"QCL,""Cultivos y productos de ganadería"",""032"",""Argentina"",""5412"",""Rendimiento"",""01341"",""Manzanas"",""2014"",""2014"",""kg/ha"",""26629.6"",""E"",""Valor estimado"",""""";
"QCL,""Cultivos y productos de ganadería"",""032"",""Argentina"",""5510"",""Producción"",""01341"",""Manzanas"",""2014"",""2014"",""toneladas"",""711052"",""A"",""Valor oficial"",""""";
"QCL,""Cultivos y productos de ganadería"",""032"",""Argentina"",""5312"",""Área cosechada"",""01341"",""Manzanas"",""2015"",""2015"",""ha"",""26727"",""I"",""Valor imputado por una agencia receptora"",""""";
"QCL,""Cultivos y productos de ganadería"",""032"",""Argentina"",""5412"",""Rendimiento"",""01341"",""Manzanas"",""2015"",""2015"",""kg/ha"",""25939"",""E"",""Valor estimado"",""""";
"QCL,""Cultivos y productos de ganadería"",""032"",""Argentina"",""5510"",""Producción"",""01341"",""Manzanas"",""2015"",""2015"",""toneladas"",""693275"",""A"",""Valor oficial"",""""";
"QCL,""Cultivos y productos de ganadería"",""032"",""Argentina"",""5312"",""Área cosechada"",""01341"",""Manzanas"",""2016"",""2016"",""ha"",""20495"",""A"",""Valor oficial"",""""";
"QCL,""Cultivos y productos de ganadería"",""032"",""Argentina"",""5412"",""Rendimiento"",""01341"",""Manzanas"",""2016"",""2016"",""kg/ha"",""22391.2"",""A"",""Valor oficial"",""""";
"QCL,""Cultivos y productos de ganadería"",""032"",""Argentina"",""5510"",""Producción"",""01341"",""Manzanas"",""2016"",""2016"",""toneladas"",""458908"",""A"",""Valor oficial"",""""";
"QCL,""Cultivos y productos de ganadería"",""032"",""Argentina"",""5312"",""Área cosechada"",""01341"",""Manzanas"",""2017"",""2017"",""ha"",""19496"",""A"",""Valor oficial"",""""";
"QCL,""Cultivos y productos de ganadería"",""032"",""Argentina"",""5412"",""Rendimiento"",""01341"",""Manzanas"",""2017"",""2017"",""kg/ha"",""23538.6"",""A"",""Valor oficial"",""""";
"QCL,""Cultivos y productos de ganadería"",""032"",""Argentina"",""5510"",""Producción"",""01341"",""Manzanas"",""2017"",""2017"",""toneladas"",""458908"",""A"",""Valor oficial"",""""";
"QCL,""Cultivos y productos de ganadería"",""032"",""Argentina"",""5312"",""Área cosechada"",""01341"",""Manzanas"",""2018"",""2018"",""ha"",""23958"",""A"",""Valor oficial"",""""";
"QCL,""Cultivos y productos de ganadería"",""032"",""Argentina"",""5412"",""Rendimiento"",""01341"",""Manzanas"",""2018"",""2018"",""kg/ha"",""21307.2"",""A"",""Valor oficial"",""""";
"QCL,""Cultivos y productos de ganadería"",""032"",""Argentina"",""5510"",""Producción"",""01341"",""Manzanas"",""2018"",""2018"",""toneladas"",""510478"",""A"",""Valor oficial"",""""";
"QCL,""Cultivos y productos de ganadería"",""032"",""Argentina"",""5312"",""Área cosechada"",""01341"",""Manzanas"",""2019"",""2019"",""ha"",""18034"",""A"",""Valor oficial"",""""";
"QCL,""Cultivos y productos de ganadería"",""032"",""Argentina"",""5412"",""Rendimiento"",""01341"",""Manzanas"",""2019"",""2019"",""kg/ha"",""30378.5"",""A"",""Valor oficial"",""""";
"QCL,""Cultivos y productos de ganadería"",""032"",""Argentina"",""5510"",""Producción"",""01341"",""Manzanas"",""2019"",""2019"",""toneladas"",""547846"",""A"",""Valor oficial"",""""";
"QCL,""Cultivos y productos de ganadería"",""032"",""Argentina"",""5312"",""Área cosechada"",""01341"",""Manzanas"",""2020"",""2020"",""ha"",""18080"",""A"",""Valor oficial"",""""";
"QCL,""Cultivos y productos de ganadería"",""032"",""Argentina"",""5412"",""Rendimiento"",""01341"",""Manzanas"",""2020"",""2020"",""kg/ha"",""32466.8"",""A"",""Valor oficial"",""""";
"QCL,""Cultivos y productos de ganadería"",""032"",""Argentina"",""5510"",""Producción"",""01341"",""Manzanas"",""2020"",""2020"",""toneladas"",""587000"",""A"",""Valor oficial"",""""";
"QCL,""Cultivos y productos de ganadería"",""032"",""Argentina"",""5312"",""Área cosechada"",""01341"",""Manzanas"",""2021"",""2021"",""ha"",""17587"",""I"",""Valor imputado por una agencia receptora"",""""";
"QCL,""Cultivos y productos de ganadería"",""032"",""Argentina"",""5412"",""Rendimiento"",""01341"",""Manzanas"",""2021"",""2021"",""kg/ha"",""29225.4"",""E"",""Valor estimado"",""""";
"QCL,""Cultivos y productos de ganadería"",""032"",""Argentina"",""5510"",""Producción"",""01341"",""Manzanas"",""2021"",""2021"",""toneladas"",""514000"",""A"",""Valor oficial"",""""";
"QCL,""Cultivos y productos de ganadería"",""032"",""Argentina"",""5312"",""Área cosechada"",""01341"",""Manzanas"",""2022"",""2022"",""ha"",""15411"",""I"",""Valor imputado por una agencia receptora"",""""";
"QCL,""Cultivos y productos de ganadería"",""032"",""Argentina"",""5412"",""Rendimiento"",""01341"",""Manzanas"",""2022"",""2022"",""kg/ha"",""27470.4"",""E"",""Valor estimado"",""""";
"QCL,""Cultivos y productos de ganadería"",""032"",""Argentina"",""5510"",""Producción"",""01341"",""Manzanas"",""2022"",""2022"",""toneladas"",""423343"",""A"",""Valor oficial"",""""";
"QCL,""Cultivos y productos de ganadería"",""032"",""Argentina"",""5312"",""Área cosechada"",""01341"",""Manzanas"",""2023"",""2023"",""ha"",""19449"",""I"",""Valor imputado por una agencia receptora"",""""";
"QCL,""Cultivos y productos de ganadería"",""032"",""Argentina"",""5412"",""Rendimiento"",""01341"",""Manzanas"",""2023"",""2023"",""kg/ha"",""27186"",""E"",""Valor estimado"",""""";
"QCL,""Cultivos y productos de ganadería"",""032"",""Argentina"",""5510"",""Producción"",""01341"",""Manzanas"",""2023"",""2023"",""toneladas"",""528749"",""A"",""Valor oficial"",""""";
"QCL,""Cultivos y productos de ganadería"",""032"",""Argentina"",""5312"",""Área cosechada"",""01341"",""Manzanas"",""2024"",""2024"",""ha"",""18184"",""I"",""Valor imputado por una agencia receptora"",""""";
"QCL,""Cultivos y productos de ganadería"",""032"",""Argentina"",""5412"",""Rendimiento"",""01341"",""Manzanas"",""2024"",""2024"",""kg/ha"",""27170.9"",""E"",""Valor estimado"",""""";
"QCL,""Cultivos y productos de ganadería"",""032"",""Argentina"",""5510"",""Producción"",""01341"",""Manzanas"",""2024"",""2024"",""toneladas"",""494062.76"",""I"",""Valor imputado por una agencia receptora"",""""";
"QCL,""Cultivos y productos de ganadería"",""032"",""Argentina"",""5312"",""Área cosechada"",""01345"",""Melocotones (duraznos) y nectarinas"",""2010"",""2010"",""ha"",""20463"",""I"",""Valor imputado por una agencia receptora"",""""";
"QCL,""Cultivos y productos de ganadería"",""032"",""Argentina"",""5412"",""Rendimiento"",""01345"",""Melocotones (duraznos) y nectarinas"",""2010"",""2010"",""kg/ha"",""12999.2"",""E"",""Valor estimado"",""""";
"QCL,""Cultivos y productos de ganadería"",""032"",""Argentina"",""5510"",""Producción"",""01345"",""Melocotones (duraznos) y nectarinas"",""2010"",""2010"",""toneladas"",""266000"",""A"",""Valor oficial"",""""";
"QCL,""Cultivos y productos de ganadería"",""032"",""Argentina"",""5312"",""Área cosechada"",""01345"",""Melocotones (duraznos) y nectarinas"",""2011"",""2011"",""ha"",""18865"",""I"",""Valor imputado por una agencia receptora"",""""";
"QCL,""Cultivos y productos de ganadería"",""032"",""Argentina"",""5412"",""Rendimiento"",""01345"",""Melocotones (duraznos) y nectarinas"",""2011"",""2011"",""kg/ha"",""13834.8"",""E"",""Valor estimado"",""""";
"QCL,""Cultivos y productos de ganadería"",""032"",""Argentina"",""5510"",""Producción"",""01345"",""Melocotones (duraznos) y nectarinas"",""2011"",""2011"",""toneladas"",""261000"",""A"",""Valor oficial"",""""";
"QCL,""Cultivos y productos de ganadería"",""032"",""Argentina"",""5312"",""Área cosechada"",""01345"",""Melocotones (duraznos) y nectarinas"",""2012"",""2012"",""ha"",""19106"",""I"",""Valor imputado por una agencia receptora"",""""";
"QCL,""Cultivos y productos de ganadería"",""032"",""Argentina"",""5412"",""Rendimiento"",""01345"",""Melocotones (duraznos) y nectarinas"",""2012"",""2012"",""kg/ha"",""15388.1"",""E"",""Valor estimado"",""""";
"QCL,""Cultivos y productos de ganadería"",""032"",""Argentina"",""5510"",""Producción"",""01345"",""Melocotones (duraznos) y nectarinas"",""2012"",""2012"",""toneladas"",""294000"",""A"",""Valor oficial"",""""";
"QCL,""Cultivos y productos de ganadería"",""032"",""Argentina"",""5312"",""Área cosechada"",""01345"",""Melocotones (duraznos) y nectarinas"",""2013"",""2013"",""ha"",""12000"",""E"",""Valor estimado"",""""";
"QCL,""Cultivos y productos de ganadería"",""032"",""Argentina"",""5412"",""Rendimiento"",""01345"",""Melocotones (duraznos) y nectarinas"",""2013"",""2013"",""kg/ha"",""6916.7"",""E"",""Valor estimado"",""""";
"QCL,""Cultivos y productos de ganadería"",""032"",""Argentina"",""5510"",""Producción"",""01345"",""Melocotones (duraznos) y nectarinas"",""2013"",""2013"",""toneladas"",""83000"",""A"",""Valor oficial"",""""";
"QCL,""Cultivos y productos de ganadería"",""032"",""Argentina"",""5312"",""Área cosechada"",""01345"",""Melocotones (duraznos) y nectarinas"",""2014"",""2014"",""ha"",""18605"",""I"",""Valor imputado por una agencia receptora"",""""";
"QCL,""Cultivos y productos de ganadería"",""032"",""Argentina"",""5412"",""Rendimiento"",""01345"",""Melocotones (duraznos) y nectarinas"",""2014"",""2014"",""kg/ha"",""13437.4"",""E"",""Valor estimado"",""""";
"QCL,""Cultivos y productos de ganadería"",""032"",""Argentina"",""5510"",""Producción"",""01345"",""Melocotones (duraznos) y nectarinas"",""2014"",""2014"",""toneladas"",""250000"",""A"",""Valor oficial"",""""";
"QCL,""Cultivos y productos de ganadería"",""032"",""Argentina"",""5312"",""Área cosechada"",""01345"",""Melocotones (duraznos) y nectarinas"",""2015"",""2015"",""ha"",""12508"",""A"",""Valor oficial"",""""";
"QCL,""Cultivos y productos de ganadería"",""032"",""Argentina"",""5412"",""Rendimiento"",""01345"",""Melocotones (duraznos) y nectarinas"",""2015"",""2015"",""kg/ha"",""21266.4"",""A"",""Valor oficial"",""""";
"QCL,""Cultivos y productos de ganadería"",""032"",""Argentina"",""5510"",""Producción"",""01345"",""Melocotones (duraznos) y nectarinas"",""2015"",""2015"",""toneladas"",""266000"",""A"",""Valor oficial"",""""";
"QCL,""Cultivos y productos de ganadería"",""032"",""Argentina"",""5312"",""Área cosechada"",""01345"",""Melocotones (duraznos) y nectarinas"",""2016"",""2016"",""ha"",""12648"",""A"",""Valor oficial"",""""";
"QCL,""Cultivos y productos de ganadería"",""032"",""Argentina"",""5412"",""Rendimiento"",""01345"",""Melocotones (duraznos) y nectarinas"",""2016"",""2016"",""kg/ha"",""19824.2"",""A"",""Valor oficial"",""""";
"QCL,""Cultivos y productos de ganadería"",""032"",""Argentina"",""5510"",""Producción"",""01345"",""Melocotones (duraznos) y nectarinas"",""2016"",""2016"",""toneladas"",""250737"",""A"",""Valor oficial"",""""";
"QCL,""Cultivos y productos de ganadería"",""032"",""Argentina"",""5312"",""Área cosechada"",""01345"",""Melocotones (duraznos) y nectarinas"",""2017"",""2017"",""ha"",""13250"",""I"",""Valor imputado por una agencia receptora"",""""";
"QCL,""Cultivos y productos de ganadería"",""032"",""Argentina"",""5412"",""Rendimiento"",""01345"",""Melocotones (duraznos) y nectarinas"",""2017"",""2017"",""kg/ha"",""16831.6"",""E"",""Valor estimado"",""""";
"QCL,""Cultivos y productos de ganadería"",""032"",""Argentina"",""5510"",""Producción"",""01345"",""Melocotones (duraznos) y nectarinas"",""2017"",""2017"",""toneladas"",""223022.03"",""I"",""Valor imputado por una agencia receptora"",""""";
"QCL,""Cultivos y productos de ganadería"",""032"",""Argentina"",""5312"",""Área cosechada"",""01345"",""Melocotones (duraznos) y nectarinas"",""2018"",""2018"",""ha"",""11700"",""A"",""Valor oficial"",""""";
"QCL,""Cultivos y productos de ganadería"",""032"",""Argentina"",""5412"",""Rendimiento"",""01345"",""Melocotones (duraznos) y nectarinas"",""2018"",""2018"",""kg/ha"",""19316.2"",""A"",""Valor oficial"",""""";
"QCL,""Cultivos y productos de ganadería"",""032"",""Argentina"",""5510"",""Producción"",""01345"",""Melocotones (duraznos) y nectarinas"",""2018"",""2018"",""toneladas"",""226000"",""A"",""Valor oficial"",""""";
"QCL,""Cultivos y productos de ganadería"",""032"",""Argentina"",""5312"",""Área cosechada"",""01345"",""Melocotones (duraznos) y nectarinas"",""2019"",""2019"",""ha"",""11295"",""A"",""Valor oficial"",""""";
"QCL,""Cultivos y productos de ganadería"",""032"",""Argentina"",""5412"",""Rendimiento"",""01345"",""Melocotones (duraznos) y nectarinas"",""2019"",""2019"",""kg/ha"",""17529.9"",""A"",""Valor oficial"",""""";
"QCL,""Cultivos y productos de ganadería"",""032"",""Argentina"",""5510"",""Producción"",""01345"",""Melocotones (duraznos) y nectarinas"",""2019"",""2019"",""toneladas"",""198000"",""A"",""Valor oficial"",""""";
"QCL,""Cultivos y productos de ganadería"",""032"",""Argentina"",""5312"",""Área cosechada"",""01345"",""Melocotones (duraznos) y nectarinas"",""2020"",""2020"",""ha"",""11077"",""A"",""Valor oficial"",""""";
"QCL,""Cultivos y productos de ganadería"",""032"",""Argentina"",""5412"",""Rendimiento"",""01345"",""Melocotones (duraznos) y nectarinas"",""2020"",""2020"",""kg/ha"",""9118"",""A"",""Valor oficial"",""""";
"QCL,""Cultivos y productos de ganadería"",""032"",""Argentina"",""5510"",""Producción"",""01345"",""Melocotones (duraznos) y nectarinas"",""2020"",""2020"",""toneladas"",""101000"",""A"",""Valor oficial"",""""";
"QCL,""Cultivos y productos de ganadería"",""032"",""Argentina"",""5312"",""Área cosechada"",""01345"",""Melocotones (duraznos) y nectarinas"",""2021"",""2021"",""ha"",""8770"",""A"",""Valor oficial"",""""";
"QCL,""Cultivos y productos de ganadería"",""032"",""Argentina"",""5412"",""Rendimiento"",""01345"",""Melocotones (duraznos) y nectarinas"",""2021"",""2021"",""kg/ha"",""19099.2"",""A"",""Valor oficial"",""""";
"QCL,""Cultivos y productos de ganadería"",""032"",""Argentina"",""5510"",""Producción"",""01345"",""Melocotones (duraznos) y nectarinas"",""2021"",""2021"",""toneladas"",""167500"",""A"",""Valor oficial"",""""";
"QCL,""Cultivos y productos de ganadería"",""032"",""Argentina"",""5312"",""Área cosechada"",""01345"",""Melocotones (duraznos) y nectarinas"",""2022"",""2022"",""ha"",""8724"",""A"",""Valor oficial"",""""";
"QCL,""Cultivos y productos de ganadería"",""032"",""Argentina"",""5412"",""Rendimiento"",""01345"",""Melocotones (duraznos) y nectarinas"",""2022"",""2022"",""kg/ha"",""17366.7"",""A"",""Valor oficial"",""""";
"QCL,""Cultivos y productos de ganadería"",""032"",""Argentina"",""5510"",""Producción"",""01345"",""Melocotones (duraznos) y nectarinas"",""2022"",""2022"",""toneladas"",""151507"",""A"",""Valor oficial"",""""";
"QCL,""Cultivos y productos de ganadería"",""032"",""Argentina"",""5312"",""Área cosechada"",""01345"",""Melocotones (duraznos) y nectarinas"",""2023"",""2023"",""ha"",""8635"",""A"",""Valor oficial"",""""";
"QCL,""Cultivos y productos de ganadería"",""032"",""Argentina"",""5412"",""Rendimiento"",""01345"",""Melocotones (duraznos) y nectarinas"",""2023"",""2023"",""kg/ha"",""17774.2"",""A"",""Valor oficial"",""""";
"QCL,""Cultivos y productos de ganadería"",""032"",""Argentina"",""5510"",""Producción"",""01345"",""Melocotones (duraznos) y nectarinas"",""2023"",""2023"",""toneladas"",""153480"",""A"",""Valor oficial"",""""";
"QCL,""Cultivos y productos de ganadería"",""032"",""Argentina"",""5312"",""Área cosechada"",""01345"",""Melocotones (duraznos) y nectarinas"",""2024"",""2024"",""ha"",""9733"",""I"",""Valor imputado por una agencia receptora"",""""";
"QCL,""Cultivos y productos de ganadería"",""032"",""Argentina"",""5412"",""Rendimiento"",""01345"",""Melocotones (duraznos) y nectarinas"",""2024"",""2024"",""kg/ha"",""17804.3"",""E"",""Valor estimado"",""""";
"QCL,""Cultivos y productos de ganadería"",""032"",""Argentina"",""5510"",""Producción"",""01345"",""Melocotones (duraznos) y nectarinas"",""2024"",""2024"",""toneladas"",""173292.11"",""I"",""Valor imputado por una agencia receptora"",""""";
"QCL,""Cultivos y productos de ganadería"",""032"",""Argentina"",""5312"",""Área cosechada"",""01229"",""Melón Cantalupo y otros melones"",""2010"",""2010"",""ha"",""5007"",""I"",""Valor imputado por una agencia receptora"",""""";
"QCL,""Cultivos y productos de ganadería"",""032"",""Argentina"",""5412"",""Rendimiento"",""01229"",""Melón Cantalupo y otros melones"",""2010"",""2010"",""kg/ha"",""16240.8"",""E"",""Valor estimado"",""""";
"QCL,""Cultivos y productos de ganadería"",""032"",""Argentina"",""5510"",""Producción"",""01229"",""Melón Cantalupo y otros melones"",""2010"",""2010"",""toneladas"",""81324.68"",""I"",""Valor imputado por una agencia receptora"",""""";
"QCL,""Cultivos y productos de ganadería"",""032"",""Argentina"",""5312"",""Área cosechada"",""01229"",""Melón Cantalupo y otros melones"",""2011"",""2011"",""ha"",""5027"",""I"",""Valor imputado por una agencia receptora"",""""";
"QCL,""Cultivos y productos de ganadería"",""032"",""Argentina"",""5412"",""Rendimiento"",""01229"",""Melón Cantalupo y otros melones"",""2011"",""2011"",""kg/ha"",""16211.3"",""E"",""Valor estimado"",""""";
"QCL,""Cultivos y productos de ganadería"",""032"",""Argentina"",""5510"",""Producción"",""01229"",""Melón Cantalupo y otros melones"",""2011"",""2011"",""toneladas"",""81491.86"",""I"",""Valor imputado por una agencia receptora"",""""";
"QCL,""Cultivos y productos de ganadería"",""032"",""Argentina"",""5312"",""Área cosechada"",""01229"",""Melón Cantalupo y otros melones"",""2012"",""2012"",""ha"",""5046"",""I"",""Valor imputado por una agencia receptora"",""""";
"QCL,""Cultivos y productos de ganadería"",""032"",""Argentina"",""5412"",""Rendimiento"",""01229"",""Melón Cantalupo y otros melones"",""2012"",""2012"",""kg/ha"",""16181.9"",""E"",""Valor estimado"",""""";
"QCL,""Cultivos y productos de ganadería"",""032"",""Argentina"",""5510"",""Producción"",""01229"",""Melón Cantalupo y otros melones"",""2012"",""2012"",""toneladas"",""81659.03"",""I"",""Valor imputado por una agencia receptora"",""""";
"QCL,""Cultivos y productos de ganadería"",""032"",""Argentina"",""5312"",""Área cosechada"",""01229"",""Melón Cantalupo y otros melones"",""2013"",""2013"",""ha"",""5066"",""I"",""Valor imputado por una agencia receptora"",""""";
"QCL,""Cultivos y productos de ganadería"",""032"",""Argentina"",""5412"",""Rendimiento"",""01229"",""Melón Cantalupo y otros melones"",""2013"",""2013"",""kg/ha"",""16152.4"",""E"",""Valor estimado"",""""";
"QCL,""Cultivos y productos de ganadería"",""032"",""Argentina"",""5510"",""Producción"",""01229"",""Melón Cantalupo y otros melones"",""2013"",""2013"",""toneladas"",""81826.2"",""I"",""Valor imputado por una agencia receptora"",""""";
"QCL,""Cultivos y productos de ganadería"",""032"",""Argentina"",""5312"",""Área cosechada"",""01229"",""Melón Cantalupo y otros melones"",""2014"",""2014"",""ha"",""5090"",""I"",""Valor imputado por una agencia receptora"",""""";
"QCL,""Cultivos y productos de ganadería"",""032"",""Argentina"",""5412"",""Rendimiento"",""01229"",""Melón Cantalupo y otros melones"",""2014"",""2014"",""kg/ha"",""16086.4"",""E"",""Valor estimado"",""""";
"QCL,""Cultivos y productos de ganadería"",""032"",""Argentina"",""5510"",""Producción"",""01229"",""Melón Cantalupo y otros melones"",""2014"",""2014"",""toneladas"",""81882.33"",""I"",""Valor imputado por una agencia receptora"",""""";
"QCL,""Cultivos y productos de ganadería"",""032"",""Argentina"",""5312"",""Área cosechada"",""01229"",""Melón Cantalupo y otros melones"",""2015"",""2015"",""ha"",""5271"",""I"",""Valor imputado por una agencia receptora"",""""";
"QCL,""Cultivos y productos de ganadería"",""032"",""Argentina"",""5412"",""Rendimiento"",""01229"",""Melón Cantalupo y otros melones"",""2015"",""2015"",""kg/ha"",""15419.8"",""E"",""Valor estimado"",""""";
"QCL,""Cultivos y productos de ganadería"",""032"",""Argentina"",""5510"",""Producción"",""01229"",""Melón Cantalupo y otros melones"",""2015"",""2015"",""toneladas"",""81274.74"",""I"",""Valor imputado por una agencia receptora"",""""";
"QCL,""Cultivos y productos de ganadería"",""032"",""Argentina"",""5312"",""Área cosechada"",""01229"",""Melón Cantalupo y otros melones"",""2016"",""2016"",""ha"",""5142"",""E"",""Valor estimado"",""""";
"QCL,""Cultivos y productos de ganadería"",""032"",""Argentina"",""5412"",""Rendimiento"",""01229"",""Melón Cantalupo y otros melones"",""2016"",""2016"",""kg/ha"",""15727.7"",""E"",""Valor estimado"",""""";
"QCL,""Cultivos y productos de ganadería"",""032"",""Argentina"",""5510"",""Producción"",""01229"",""Melón Cantalupo y otros melones"",""2016"",""2016"",""toneladas"",""80876.19"",""I"",""Valor imputado por una agencia receptora"",""""";
"QCL,""Cultivos y productos de ganadería"",""032"",""Argentina"",""5312"",""Área cosechada"",""01229"",""Melón Cantalupo y otros melones"",""2017"",""2017"",""ha"",""5090"",""I"",""Valor imputado por una agencia receptora"",""""";
"QCL,""Cultivos y productos de ganadería"",""032"",""Argentina"",""5412"",""Rendimiento"",""01229"",""Melón Cantalupo y otros melones"",""2017"",""2017"",""kg/ha"",""15840"",""E"",""Valor estimado"",""""";
"QCL,""Cultivos y productos de ganadería"",""032"",""Argentina"",""5510"",""Producción"",""01229"",""Melón Cantalupo y otros melones"",""2017"",""2017"",""toneladas"",""80627.05"",""I"",""Valor imputado por una agencia receptora"",""""";
"QCL,""Cultivos y productos de ganadería"",""032"",""Argentina"",""5312"",""Área cosechada"",""01229"",""Melón Cantalupo y otros melones"",""2018"",""2018"",""ha"",""5018"",""I"",""Valor imputado por una agencia receptora"",""""";
"QCL,""Cultivos y productos de ganadería"",""032"",""Argentina"",""5412"",""Rendimiento"",""01229"",""Melón Cantalupo y otros melones"",""2018"",""2018"",""kg/ha"",""16050"",""E"",""Valor estimado"",""""";
"QCL,""Cultivos y productos de ganadería"",""032"",""Argentina"",""5510"",""Producción"",""01229"",""Melón Cantalupo y otros melones"",""2018"",""2018"",""toneladas"",""80533.59"",""I"",""Valor imputado por una agencia receptora"",""""";
"QCL,""Cultivos y productos de ganadería"",""032"",""Argentina"",""5312"",""Área cosechada"",""01229"",""Melón Cantalupo y otros melones"",""2019"",""2019"",""ha"",""5002"",""I"",""Valor imputado por una agencia receptora"",""""";
"QCL,""Cultivos y productos de ganadería"",""032"",""Argentina"",""5412"",""Rendimiento"",""01229"",""Melón Cantalupo y otros melones"",""2019"",""2019"",""kg/ha"",""16112.1"",""E"",""Valor estimado"",""""";
"QCL,""Cultivos y productos de ganadería"",""032"",""Argentina"",""5510"",""Producción"",""01229"",""Melón Cantalupo y otros melones"",""2019"",""2019"",""toneladas"",""80585.53"",""I"",""Valor imputado por una agencia receptora"",""""";
"QCL,""Cultivos y productos de ganadería"",""032"",""Argentina"",""5312"",""Área cosechada"",""01229"",""Melón Cantalupo y otros melones"",""2020"",""2020"",""ha"",""5002"",""I"",""Valor imputado por una agencia receptora"",""""";
"QCL,""Cultivos y productos de ganadería"",""032"",""Argentina"",""5412"",""Rendimiento"",""01229"",""Melón Cantalupo y otros melones"",""2020"",""2020"",""kg/ha"",""16138.8"",""E"",""Valor estimado"",""""";
"QCL,""Cultivos y productos de ganadería"",""032"",""Argentina"",""5510"",""Producción"",""01229"",""Melón Cantalupo y otros melones"",""2020"",""2020"",""toneladas"",""80728.96"",""I"",""Valor imputado por una agencia receptora"",""""";
"QCL,""Cultivos y productos de ganadería"",""032"",""Argentina"",""5312"",""Área cosechada"",""01229"",""Melón Cantalupo y otros melones"",""2021"",""2021"",""ha"",""5093"",""I"",""Valor imputado por una agencia receptora"",""""";
"QCL,""Cultivos y productos de ganadería"",""032"",""Argentina"",""5412"",""Rendimiento"",""01229"",""Melón Cantalupo y otros melones"",""2021"",""2021"",""kg/ha"",""15843.9"",""E"",""Valor estimado"",""""";
"QCL,""Cultivos y productos de ganadería"",""032"",""Argentina"",""5510"",""Producción"",""01229"",""Melón Cantalupo y otros melones"",""2021"",""2021"",""toneladas"",""80687.25"",""I"",""Valor imputado por una agencia receptora"",""""";
"QCL,""Cultivos y productos de ganadería"",""032"",""Argentina"",""5312"",""Área cosechada"",""01229"",""Melón Cantalupo y otros melones"",""2022"",""2022"",""ha"",""5154"",""I"",""Valor imputado por una agencia receptora"",""""";
"QCL,""Cultivos y productos de ganadería"",""032"",""Argentina"",""5412"",""Rendimiento"",""01229"",""Melón Cantalupo y otros melones"",""2022"",""2022"",""kg/ha"",""15597"",""E"",""Valor estimado"",""""";
"QCL,""Cultivos y productos de ganadería"",""032"",""Argentina"",""5510"",""Producción"",""01229"",""Melón Cantalupo y otros melones"",""2022"",""2022"",""toneladas"",""80385.15"",""I"",""Valor imputado por una agencia receptora"",""""";
"QCL,""Cultivos y productos de ganadería"",""032"",""Argentina"",""5312"",""Área cosechada"",""01229"",""Melón Cantalupo y otros melones"",""2023"",""2023"",""ha"",""5180"",""I"",""Valor imputado por una agencia receptora"",""""";
"QCL,""Cultivos y productos de ganadería"",""032"",""Argentina"",""5412"",""Rendimiento"",""01229"",""Melón Cantalupo y otros melones"",""2023"",""2023"",""kg/ha"",""15527.1"",""E"",""Valor estimado"",""""";
"QCL,""Cultivos y productos de ganadería"",""032"",""Argentina"",""5510"",""Producción"",""01229"",""Melón Cantalupo y otros melones"",""2023"",""2023"",""toneladas"",""80433.12"",""I"",""Valor imputado por una agencia receptora"",""""";
"QCL,""Cultivos y productos de ganadería"",""032"",""Argentina"",""5312"",""Área cosechada"",""01229"",""Melón Cantalupo y otros melones"",""2024"",""2024"",""ha"",""5204"",""I"",""Valor imputado por una agencia receptora"",""""";
"QCL,""Cultivos y productos de ganadería"",""032"",""Argentina"",""5412"",""Rendimiento"",""01229"",""Melón Cantalupo y otros melones"",""2024"",""2024"",""kg/ha"",""15464.6"",""E"",""Valor estimado"",""""";
"QCL,""Cultivos y productos de ganadería"",""032"",""Argentina"",""5510"",""Producción"",""01229"",""Melón Cantalupo y otros melones"",""2024"",""2024"",""toneladas"",""80481.1"",""I"",""Valor imputado por una agencia receptora"",""""";
"QCL,""Cultivos y productos de ganadería"",""032"",""Argentina"",""5312"",""Área cosechada"",""01342.02"",""Membrillos"",""2010"",""2010"",""ha"",""3204"",""I"",""Valor imputado por una agencia receptora"",""""";
"QCL,""Cultivos y productos de ganadería"",""032"",""Argentina"",""5412"",""Rendimiento"",""01342.02"",""Membrillos"",""2010"",""2010"",""kg/ha"",""8439.7"",""E"",""Valor estimado"",""""";
"QCL,""Cultivos y productos de ganadería"",""032"",""Argentina"",""5510"",""Producción"",""01342.02"",""Membrillos"",""2010"",""2010"",""toneladas"",""27041.23"",""I"",""Valor imputado por una agencia receptora"",""""";
"QCL,""Cultivos y productos de ganadería"",""032"",""Argentina"",""5312"",""Área cosechada"",""01342.02"",""Membrillos"",""2011"",""2011"",""ha"",""3209"",""I"",""Valor imputado por una agencia receptora"",""""";
"QCL,""Cultivos y productos de ganadería"",""032"",""Argentina"",""5412"",""Rendimiento"",""01342.02"",""Membrillos"",""2011"",""2011"",""kg/ha"",""8459.1"",""E"",""Valor estimado"",""""";
"QCL,""Cultivos y productos de ganadería"",""032"",""Argentina"",""5510"",""Producción"",""01342.02"",""Membrillos"",""2011"",""2011"",""toneladas"",""27142.9"",""I"",""Valor imputado por una agencia receptora"",""""";
"QCL,""Cultivos y productos de ganadería"",""032"",""Argentina"",""5312"",""Área cosechada"",""01342.02"",""Membrillos"",""2012"",""2012"",""ha"",""3200"",""E"",""Valor estimado"",""""";
"QCL,""Cultivos y productos de ganadería"",""032"",""Argentina"",""5412"",""Rendimiento"",""01342.02"",""Membrillos"",""2012"",""2012"",""kg/ha"",""8593.8"",""E"",""Valor estimado"",""""";
"QCL,""Cultivos y productos de ganadería"",""032"",""Argentina"",""5510"",""Producción"",""01342.02"",""Membrillos"",""2012"",""2012"",""toneladas"",""27500"",""E"",""Valor estimado"",""""";
"QCL,""Cultivos y productos de ganadería"",""032"",""Argentina"",""5312"",""Área cosechada"",""01342.02"",""Membrillos"",""2013"",""2013"",""ha"",""3205"",""I"",""Valor imputado por una agencia receptora"",""""";
"QCL,""Cultivos y productos de ganadería"",""032"",""Argentina"",""5412"",""Rendimiento"",""01342.02"",""Membrillos"",""2013"",""2013"",""kg/ha"",""8485.2"",""E"",""Valor estimado"",""""";
"QCL,""Cultivos y productos de ganadería"",""032"",""Argentina"",""5510"",""Producción"",""01342.02"",""Membrillos"",""2013"",""2013"",""toneladas"",""27197.67"",""I"",""Valor imputado por una agencia receptora"",""""";
"QCL,""Cultivos y productos de ganadería"",""032"",""Argentina"",""5312"",""Área cosechada"",""01342.02"",""Membrillos"",""2014"",""2014"",""ha"",""3191"",""I"",""Valor imputado por una agencia receptora"",""""";
"QCL,""Cultivos y productos de ganadería"",""032"",""Argentina"",""5412"",""Rendimiento"",""01342.02"",""Membrillos"",""2014"",""2014"",""kg/ha"",""8491.8"",""E"",""Valor estimado"",""""";
"QCL,""Cultivos y productos de ganadería"",""032"",""Argentina"",""5510"",""Producción"",""01342.02"",""Membrillos"",""2014"",""2014"",""toneladas"",""27100.93"",""I"",""Valor imputado por una agencia receptora"",""""";
"QCL,""Cultivos y productos de ganadería"",""032"",""Argentina"",""5312"",""Área cosechada"",""01342.02"",""Membrillos"",""2015"",""2015"",""ha"",""3283"",""I"",""Valor imputado por una agencia receptora"",""""";
"QCL,""Cultivos y productos de ganadería"",""032"",""Argentina"",""5412"",""Rendimiento"",""01342.02"",""Membrillos"",""2015"",""2015"",""kg/ha"",""8531.4"",""E"",""Valor estimado"",""""";
"QCL,""Cultivos y productos de ganadería"",""032"",""Argentina"",""5510"",""Producción"",""01342.02"",""Membrillos"",""2015"",""2015"",""toneladas"",""28007.03"",""I"",""Valor imputado por una agencia receptora"",""""";
"QCL,""Cultivos y productos de ganadería"",""032"",""Argentina"",""5312"",""Área cosechada"",""01342.02"",""Membrillos"",""2016"",""2016"",""ha"",""3345"",""I"",""Valor imputado por una agencia receptora"",""""";
"QCL,""Cultivos y productos de ganadería"",""032"",""Argentina"",""5412"",""Rendimiento"",""01342.02"",""Membrillos"",""2016"",""2016"",""kg/ha"",""8529"",""E"",""Valor estimado"",""""";
"QCL,""Cultivos y productos de ganadería"",""032"",""Argentina"",""5510"",""Producción"",""01342.02"",""Membrillos"",""2016"",""2016"",""toneladas"",""28532.32"",""I"",""Valor imputado por una agencia receptora"",""""";
"QCL,""Cultivos y productos de ganadería"",""032"",""Argentina"",""5312"",""Área cosechada"",""01342.02"",""Membrillos"",""2017"",""2017"",""ha"",""3392"",""I"",""Valor imputado por una agencia receptora"",""""";
"QCL,""Cultivos y productos de ganadería"",""032"",""Argentina"",""5412"",""Rendimiento"",""01342.02"",""Membrillos"",""2017"",""2017"",""kg/ha"",""8539.8"",""E"",""Valor estimado"",""""";
"QCL,""Cultivos y productos de ganadería"",""032"",""Argentina"",""5510"",""Producción"",""01342.02"",""Membrillos"",""2017"",""2017"",""toneladas"",""28967.9"",""I"",""Valor imputado por una agencia receptora"",""""";
"QCL,""Cultivos y productos de ganadería"",""032"",""Argentina"",""5312"",""Área cosechada"",""01342.02"",""Membrillos"",""2018"",""2018"",""ha"",""3435"",""I"",""Valor imputado por una agencia receptora"",""""";
"QCL,""Cultivos y productos de ganadería"",""032"",""Argentina"",""5412"",""Rendimiento"",""01342.02"",""Membrillos"",""2018"",""2018"",""kg/ha"",""8543.8"",""E"",""Valor estimado"",""""";
"QCL,""Cultivos y productos de ganadería"",""032"",""Argentina"",""5510"",""Producción"",""01342.02"",""Membrillos"",""2018"",""2018"",""toneladas"",""29348.88"",""I"",""Valor imputado por una agencia receptora"",""""";
"QCL,""Cultivos y productos de ganadería"",""032"",""Argentina"",""5312"",""Área cosechada"",""01342.02"",""Membrillos"",""2019"",""2019"",""ha"",""3465"",""I"",""Valor imputado por una agencia receptora"",""""";
"QCL,""Cultivos y productos de ganadería"",""032"",""Argentina"",""5412"",""Rendimiento"",""01342.02"",""Membrillos"",""2019"",""2019"",""kg/ha"",""8541.1"",""E"",""Valor estimado"",""""";
"QCL,""Cultivos y productos de ganadería"",""032"",""Argentina"",""5510"",""Producción"",""01342.02"",""Membrillos"",""2019"",""2019"",""toneladas"",""29593.64"",""I"",""Valor imputado por una agencia receptora"",""""";
"QCL,""Cultivos y productos de ganadería"",""032"",""Argentina"",""5312"",""Área cosechada"",""01342.02"",""Membrillos"",""2020"",""2020"",""ha"",""3492"",""I"",""Valor imputado por una agencia receptora"",""""";
"QCL,""Cultivos y productos de ganadería"",""032"",""Argentina"",""5412"",""Rendimiento"",""01342.02"",""Membrillos"",""2020"",""2020"",""kg/ha"",""8540.6"",""E"",""Valor estimado"",""""";
"QCL,""Cultivos y productos de ganadería"",""032"",""Argentina"",""5510"",""Producción"",""01342.02"",""Membrillos"",""2020"",""2020"",""toneladas"",""29826.13"",""I"",""Valor imputado por una agencia receptora"",""""";
"QCL,""Cultivos y productos de ganadería"",""032"",""Argentina"",""5312"",""Área cosechada"",""01342.02"",""Membrillos"",""2021"",""2021"",""ha"",""3490"",""I"",""Valor imputado por una agencia receptora"",""""";
"QCL,""Cultivos y productos de ganadería"",""032"",""Argentina"",""5412"",""Rendimiento"",""01342.02"",""Membrillos"",""2021"",""2021"",""kg/ha"",""8551.1"",""E"",""Valor estimado"",""""";
"QCL,""Cultivos y productos de ganadería"",""032"",""Argentina"",""5510"",""Producción"",""01342.02"",""Membrillos"",""2021"",""2021"",""toneladas"",""29843.62"",""I"",""Valor imputado por una agencia receptora"",""""";
"QCL,""Cultivos y productos de ganadería"",""032"",""Argentina"",""5312"",""Área cosechada"",""01342.02"",""Membrillos"",""2022"",""2022"",""ha"",""3507"",""I"",""Valor imputado por una agencia receptora"",""""";
"QCL,""Cultivos y productos de ganadería"",""032"",""Argentina"",""5412"",""Rendimiento"",""01342.02"",""Membrillos"",""2022"",""2022"",""kg/ha"",""8550"",""E"",""Valor estimado"",""""";
"QCL,""Cultivos y productos de ganadería"",""032"",""Argentina"",""5510"",""Producción"",""01342.02"",""Membrillos"",""2022"",""2022"",""toneladas"",""29988.89"",""I"",""Valor imputado por una agencia receptora"",""""";
"QCL,""Cultivos y productos de ganadería"",""032"",""Argentina"",""5312"",""Área cosechada"",""01342.02"",""Membrillos"",""2023"",""2023"",""ha"",""3526"",""I"",""Valor imputado por una agencia receptora"",""""";
"QCL,""Cultivos y productos de ganadería"",""032"",""Argentina"",""5412"",""Rendimiento"",""01342.02"",""Membrillos"",""2023"",""2023"",""kg/ha"",""8553.8"",""E"",""Valor estimado"",""""";
"QCL,""Cultivos y productos de ganadería"",""032"",""Argentina"",""5510"",""Producción"",""01342.02"",""Membrillos"",""2023"",""2023"",""toneladas"",""30159.65"",""I"",""Valor imputado por una agencia receptora"",""""";
"QCL,""Cultivos y productos de ganadería"",""032"",""Argentina"",""5312"",""Área cosechada"",""01342.02"",""Membrillos"",""2024"",""2024"",""ha"",""3544"",""I"",""Valor imputado por una agencia receptora"",""""";
"QCL,""Cultivos y productos de ganadería"",""032"",""Argentina"",""5412"",""Rendimiento"",""01342.02"",""Membrillos"",""2024"",""2024"",""kg/ha"",""8557.7"",""E"",""Valor estimado"",""""";
"QCL,""Cultivos y productos de ganadería"",""032"",""Argentina"",""5510"",""Producción"",""01342.02"",""Membrillos"",""2024"",""2024"",""toneladas"",""30330.41"",""I"",""Valor imputado por una agencia receptora"",""""";
"QCL,""Cultivos y productos de ganadería"",""032"",""Argentina"",""5312"",""Área cosechada"",""01930.01"",""Menta, hierbabuena"",""2010"",""2010"",""ha"",""360"",""E"",""Valor estimado"",""""";
"QCL,""Cultivos y productos de ganadería"",""032"",""Argentina"",""5412"",""Rendimiento"",""01930.01"",""Menta, hierbabuena"",""2010"",""2010"",""kg/ha"",""19722.2"",""E"",""Valor estimado"",""""";
"QCL,""Cultivos y productos de ganadería"",""032"",""Argentina"",""5510"",""Producción"",""01930.01"",""Menta, hierbabuena"",""2010"",""2010"",""toneladas"",""7100"",""E"",""Valor estimado"",""""";
"QCL,""Cultivos y productos de ganadería"",""032"",""Argentina"",""5312"",""Área cosechada"",""01930.01"",""Menta, hierbabuena"",""2011"",""2011"",""ha"",""360"",""E"",""Valor estimado"",""""";
"QCL,""Cultivos y productos de ganadería"",""032"",""Argentina"",""5412"",""Rendimiento"",""01930.01"",""Menta, hierbabuena"",""2011"",""2011"",""kg/ha"",""19722.2"",""E"",""Valor estimado"",""""";
"QCL,""Cultivos y productos de ganadería"",""032"",""Argentina"",""5510"",""Producción"",""01930.01"",""Menta, hierbabuena"",""2011"",""2011"",""toneladas"",""7100"",""E"",""Valor estimado"",""""";
"QCL,""Cultivos y productos de ganadería"",""032"",""Argentina"",""5312"",""Área cosechada"",""01930.01"",""Menta, hierbabuena"",""2012"",""2012"",""ha"",""360"",""E"",""Valor estimado"",""""";
"QCL,""Cultivos y productos de ganadería"",""032"",""Argentina"",""5412"",""Rendimiento"",""01930.01"",""Menta, hierbabuena"",""2012"",""2012"",""kg/ha"",""19722.2"",""E"",""Valor estimado"",""""";
"QCL,""Cultivos y productos de ganadería"",""032"",""Argentina"",""5510"",""Producción"",""01930.01"",""Menta, hierbabuena"",""2012"",""2012"",""toneladas"",""7100"",""E"",""Valor estimado"",""""";
"QCL,""Cultivos y productos de ganadería"",""032"",""Argentina"",""5312"",""Área cosechada"",""01930.01"",""Menta, hierbabuena"",""2013"",""2013"",""ha"",""360"",""E"",""Valor estimado"",""""";
"QCL,""Cultivos y productos de ganadería"",""032"",""Argentina"",""5412"",""Rendimiento"",""01930.01"",""Menta, hierbabuena"",""2013"",""2013"",""kg/ha"",""19604.7"",""E"",""Valor estimado"",""""";
"QCL,""Cultivos y productos de ganadería"",""032"",""Argentina"",""5510"",""Producción"",""01930.01"",""Menta, hierbabuena"",""2013"",""2013"",""toneladas"",""7057.69"",""I"",""Valor imputado por una agencia receptora"",""""";
"QCL,""Cultivos y productos de ganadería"",""032"",""Argentina"",""5312"",""Área cosechada"",""01930.01"",""Menta, hierbabuena"",""2014"",""2014"",""ha"",""360"",""E"",""Valor estimado"",""""";
"QCL,""Cultivos y productos de ganadería"",""032"",""Argentina"",""5412"",""Rendimiento"",""01930.01"",""Menta, hierbabuena"",""2014"",""2014"",""kg/ha"",""19492.1"",""E"",""Valor estimado"",""""";
"QCL,""Cultivos y productos de ganadería"",""032"",""Argentina"",""5510"",""Producción"",""01930.01"",""Menta, hierbabuena"",""2014"",""2014"",""toneladas"",""7017.15"",""I"",""Valor imputado por una agencia receptora"",""""";
"QCL,""Cultivos y productos de ganadería"",""032"",""Argentina"",""5312"",""Área cosechada"",""01930.01"",""Menta, hierbabuena"",""2015"",""2015"",""ha"",""360"",""E"",""Valor estimado"",""""";
"QCL,""Cultivos y productos de ganadería"",""032"",""Argentina"",""5412"",""Rendimiento"",""01930.01"",""Menta, hierbabuena"",""2015"",""2015"",""kg/ha"",""19510.3"",""E"",""Valor estimado"",""""";
"QCL,""Cultivos y productos de ganadería"",""032"",""Argentina"",""5510"",""Producción"",""01930.01"",""Menta, hierbabuena"",""2015"",""2015"",""toneladas"",""7023.72"",""I"",""Valor imputado por una agencia receptora"",""""";
"QCL,""Cultivos y productos de ganadería"",""032"",""Argentina"",""5312"",""Área cosechada"",""01930.01"",""Menta, hierbabuena"",""2016"",""2016"",""ha"",""360"",""E"",""Valor estimado"",""""";
"QCL,""Cultivos y productos de ganadería"",""032"",""Argentina"",""5412"",""Rendimiento"",""01930.01"",""Menta, hierbabuena"",""2016"",""2016"",""kg/ha"",""19460.8"",""E"",""Valor estimado"",""""";
"QCL,""Cultivos y productos de ganadería"",""032"",""Argentina"",""5510"",""Producción"",""01930.01"",""Menta, hierbabuena"",""2016"",""2016"",""toneladas"",""7005.88"",""I"",""Valor imputado por una agencia receptora"",""""";
"QCL,""Cultivos y productos de ganadería"",""032"",""Argentina"",""5312"",""Área cosechada"",""01930.01"",""Menta, hierbabuena"",""2017"",""2017"",""ha"",""360"",""E"",""Valor estimado"",""""";
"QCL,""Cultivos y productos de ganadería"",""032"",""Argentina"",""5412"",""Rendimiento"",""01930.01"",""Menta, hierbabuena"",""2017"",""2017"",""kg/ha"",""19388.6"",""E"",""Valor estimado"",""""";
"QCL,""Cultivos y productos de ganadería"",""032"",""Argentina"",""5510"",""Producción"",""01930.01"",""Menta, hierbabuena"",""2017"",""2017"",""toneladas"",""6979.91"",""I"",""Valor imputado por una agencia receptora"",""""";
"QCL,""Cultivos y productos de ganadería"",""032"",""Argentina"",""5312"",""Área cosechada"",""01930.01"",""Menta, hierbabuena"",""2018"",""2018"",""ha"",""360"",""E"",""Valor estimado"",""""";
"QCL,""Cultivos y productos de ganadería"",""032"",""Argentina"",""5412"",""Rendimiento"",""01930.01"",""Menta, hierbabuena"",""2018"",""2018"",""kg/ha"",""19364.2"",""E"",""Valor estimado"",""""";
"QCL,""Cultivos y productos de ganadería"",""032"",""Argentina"",""5510"",""Producción"",""01930.01"",""Menta, hierbabuena"",""2018"",""2018"",""toneladas"",""6971.12"",""I"",""Valor imputado por una agencia receptora"",""""";
"QCL,""Cultivos y productos de ganadería"",""032"",""Argentina"",""5312"",""Área cosechada"",""01930.01"",""Menta, hierbabuena"",""2019"",""2019"",""ha"",""360"",""E"",""Valor estimado"",""""";
"QCL,""Cultivos y productos de ganadería"",""032"",""Argentina"",""5412"",""Rendimiento"",""01930.01"",""Menta, hierbabuena"",""2019"",""2019"",""kg/ha"",""19346.6"",""E"",""Valor estimado"",""""";
"QCL,""Cultivos y productos de ganadería"",""032"",""Argentina"",""5510"",""Producción"",""01930.01"",""Menta, hierbabuena"",""2019"",""2019"",""toneladas"",""6964.76"",""I"",""Valor imputado por una agencia receptora"",""""";
"QCL,""Cultivos y productos de ganadería"",""032"",""Argentina"",""5312"",""Área cosechada"",""01930.01"",""Menta, hierbabuena"",""2020"",""2020"",""ha"",""360"",""E"",""Valor estimado"",""""";
"QCL,""Cultivos y productos de ganadería"",""032"",""Argentina"",""5412"",""Rendimiento"",""01930.01"",""Menta, hierbabuena"",""2020"",""2020"",""kg/ha"",""19324.7"",""E"",""Valor estimado"",""""";
"QCL,""Cultivos y productos de ganadería"",""032"",""Argentina"",""5510"",""Producción"",""01930.01"",""Menta, hierbabuena"",""2020"",""2020"",""toneladas"",""6956.88"",""I"",""Valor imputado por una agencia receptora"",""""";
"QCL,""Cultivos y productos de ganadería"",""032"",""Argentina"",""5312"",""Área cosechada"",""01930.01"",""Menta, hierbabuena"",""2021"",""2021"",""ha"",""360"",""E"",""Valor estimado"",""""";
"QCL,""Cultivos y productos de ganadería"",""032"",""Argentina"",""5412"",""Rendimiento"",""01930.01"",""Menta, hierbabuena"",""2021"",""2021"",""kg/ha"",""19291.8"",""E"",""Valor estimado"",""""";
"QCL,""Cultivos y productos de ganadería"",""032"",""Argentina"",""5510"",""Producción"",""01930.01"",""Menta, hierbabuena"",""2021"",""2021"",""toneladas"",""6945.04"",""I"",""Valor imputado por una agencia receptora"",""""";
"QCL,""Cultivos y productos de ganadería"",""032"",""Argentina"",""5312"",""Área cosechada"",""01930.01"",""Menta, hierbabuena"",""2022"",""2022"",""ha"",""360"",""I"",""Valor imputado por una agencia receptora"",""""";
"QCL,""Cultivos y productos de ganadería"",""032"",""Argentina"",""5412"",""Rendimiento"",""01930.01"",""Menta, hierbabuena"",""2022"",""2022"",""kg/ha"",""19242.4"",""E"",""Valor estimado"",""""";
"QCL,""Cultivos y productos de ganadería"",""032"",""Argentina"",""5510"",""Producción"",""01930.01"",""Menta, hierbabuena"",""2022"",""2022"",""toneladas"",""6932.95"",""I"",""Valor imputado por una agencia receptora"",""""";
"QCL,""Cultivos y productos de ganadería"",""032"",""Argentina"",""5312"",""Área cosechada"",""01930.01"",""Menta, hierbabuena"",""2023"",""2023"",""ha"",""361"",""I"",""Valor imputado por una agencia receptora"",""""";
"QCL,""Cultivos y productos de ganadería"",""032"",""Argentina"",""5412"",""Rendimiento"",""01930.01"",""Menta, hierbabuena"",""2023"",""2023"",""kg/ha"",""19208.4"",""E"",""Valor estimado"",""""";
"QCL,""Cultivos y productos de ganadería"",""032"",""Argentina"",""5510"",""Producción"",""01930.01"",""Menta, hierbabuena"",""2023"",""2023"",""toneladas"",""6942.32"",""I"",""Valor imputado por una agencia receptora"",""""";
"QCL,""Cultivos y productos de ganadería"",""032"",""Argentina"",""5312"",""Área cosechada"",""01930.01"",""Menta, hierbabuena"",""2024"",""2024"",""ha"",""363"",""I"",""Valor imputado por una agencia receptora"",""""";
"QCL,""Cultivos y productos de ganadería"",""032"",""Argentina"",""5412"",""Rendimiento"",""01930.01"",""Menta, hierbabuena"",""2024"",""2024"",""kg/ha"",""19174.4"",""E"",""Valor estimado"",""""";
"QCL,""Cultivos y productos de ganadería"",""032"",""Argentina"",""5510"",""Producción"",""01930.01"",""Menta, hierbabuena"",""2024"",""2024"",""toneladas"",""6963.04"",""I"",""Valor imputado por una agencia receptora"",""""";
"QCL,""Cultivos y productos de ganadería"",""032"",""Argentina"",""5312"",""Área cosechada"",""0118"",""Mijo"",""2010"",""2010"",""ha"",""6675"",""A"",""Valor oficial"",""""";
"QCL,""Cultivos y productos de ganadería"",""032"",""Argentina"",""5412"",""Rendimiento"",""0118"",""Mijo"",""2010"",""2010"",""kg/ha"",""1365.5"",""A"",""Valor oficial"",""""";
"QCL,""Cultivos y productos de ganadería"",""032"",""Argentina"",""5510"",""Producción"",""0118"",""Mijo"",""2010"",""2010"",""toneladas"",""9115"",""A"",""Valor oficial"",""""";
"QCL,""Cultivos y productos de ganadería"",""032"",""Argentina"",""5312"",""Área cosechada"",""0118"",""Mijo"",""2011"",""2011"",""ha"",""4700"",""A"",""Valor oficial"",""""";
"QCL,""Cultivos y productos de ganadería"",""032"",""Argentina"",""5412"",""Rendimiento"",""0118"",""Mijo"",""2011"",""2011"",""kg/ha"",""1700"",""A"",""Valor oficial"",""""";
"QCL,""Cultivos y productos de ganadería"",""032"",""Argentina"",""5510"",""Producción"",""0118"",""Mijo"",""2011"",""2011"",""toneladas"",""7990"",""A"",""Valor oficial"",""""";
"QCL,""Cultivos y productos de ganadería"",""032"",""Argentina"",""5312"",""Área cosechada"",""0118"",""Mijo"",""2012"",""2012"",""ha"",""9890"",""A"",""Valor oficial"",""""";
"QCL,""Cultivos y productos de ganadería"",""032"",""Argentina"",""5412"",""Rendimiento"",""0118"",""Mijo"",""2012"",""2012"",""kg/ha"",""1760.8"",""A"",""Valor oficial"",""""";
"QCL,""Cultivos y productos de ganadería"",""032"",""Argentina"",""5510"",""Producción"",""0118"",""Mijo"",""2012"",""2012"",""toneladas"",""17414"",""A"",""Valor oficial"",""""";
"QCL,""Cultivos y productos de ganadería"",""032"",""Argentina"",""5312"",""Área cosechada"",""0118"",""Mijo"",""2013"",""2013"",""ha"",""6120"",""A"",""Valor oficial"",""""";
"QCL,""Cultivos y productos de ganadería"",""032"",""Argentina"",""5412"",""Rendimiento"",""0118"",""Mijo"",""2013"",""2013"",""kg/ha"",""1828.8"",""A"",""Valor oficial"",""""";
"QCL,""Cultivos y productos de ganadería"",""032"",""Argentina"",""5510"",""Producción"",""0118"",""Mijo"",""2013"",""2013"",""toneladas"",""11192"",""A"",""Valor oficial"",""""";
"QCL,""Cultivos y productos de ganadería"",""032"",""Argentina"",""5312"",""Área cosechada"",""0118"",""Mijo"",""2014"",""2014"",""ha"",""2250"",""A"",""Valor oficial"",""""";
"QCL,""Cultivos y productos de ganadería"",""032"",""Argentina"",""5412"",""Rendimiento"",""0118"",""Mijo"",""2014"",""2014"",""kg/ha"",""1186.7"",""A"",""Valor oficial"",""""";
"QCL,""Cultivos y productos de ganadería"",""032"",""Argentina"",""5510"",""Producción"",""0118"",""Mijo"",""2014"",""2014"",""toneladas"",""2670"",""A"",""Valor oficial"",""""";
"QCL,""Cultivos y productos de ganadería"",""032"",""Argentina"",""5312"",""Área cosechada"",""0118"",""Mijo"",""2015"",""2015"",""ha"",""2040"",""A"",""Valor oficial"",""""";
"QCL,""Cultivos y productos de ganadería"",""032"",""Argentina"",""5412"",""Rendimiento"",""0118"",""Mijo"",""2015"",""2015"",""kg/ha"",""2274.5"",""A"",""Valor oficial"",""""";
"QCL,""Cultivos y productos de ganadería"",""032"",""Argentina"",""5510"",""Producción"",""0118"",""Mijo"",""2015"",""2015"",""toneladas"",""4640"",""A"",""Valor oficial"",""""";
"QCL,""Cultivos y productos de ganadería"",""032"",""Argentina"",""5312"",""Área cosechada"",""0118"",""Mijo"",""2016"",""2016"",""ha"",""4420"",""A"",""Valor oficial"",""""";
"QCL,""Cultivos y productos de ganadería"",""032"",""Argentina"",""5412"",""Rendimiento"",""0118"",""Mijo"",""2016"",""2016"",""kg/ha"",""1553.6"",""A"",""Valor oficial"",""""";
"QCL,""Cultivos y productos de ganadería"",""032"",""Argentina"",""5510"",""Producción"",""0118"",""Mijo"",""2016"",""2016"",""toneladas"",""6867"",""A"",""Valor oficial"",""""";
"QCL,""Cultivos y productos de ganadería"",""032"",""Argentina"",""5312"",""Área cosechada"",""0118"",""Mijo"",""2017"",""2017"",""ha"",""2770"",""A"",""Valor oficial"",""""";
"QCL,""Cultivos y productos de ganadería"",""032"",""Argentina"",""5412"",""Rendimiento"",""0118"",""Mijo"",""2017"",""2017"",""kg/ha"",""1923.5"",""A"",""Valor oficial"",""""";
"QCL,""Cultivos y productos de ganadería"",""032"",""Argentina"",""5510"",""Producción"",""0118"",""Mijo"",""2017"",""2017"",""toneladas"",""5328"",""A"",""Valor oficial"",""""";
"QCL,""Cultivos y productos de ganadería"",""032"",""Argentina"",""5312"",""Área cosechada"",""0118"",""Mijo"",""2018"",""2018"",""ha"",""1800"",""A"",""Valor oficial"",""""";
"QCL,""Cultivos y productos de ganadería"",""032"",""Argentina"",""5412"",""Rendimiento"",""0118"",""Mijo"",""2018"",""2018"",""kg/ha"",""1252.2"",""A"",""Valor oficial"",""""";
"QCL,""Cultivos y productos de ganadería"",""032"",""Argentina"",""5510"",""Producción"",""0118"",""Mijo"",""2018"",""2018"",""toneladas"",""2254"",""A"",""Valor oficial"",""""";
"QCL,""Cultivos y productos de ganadería"",""032"",""Argentina"",""5312"",""Área cosechada"",""0118"",""Mijo"",""2019"",""2019"",""ha"",""2188"",""A"",""Valor oficial"",""""";
"QCL,""Cultivos y productos de ganadería"",""032"",""Argentina"",""5412"",""Rendimiento"",""0118"",""Mijo"",""2019"",""2019"",""kg/ha"",""1892.1"",""A"",""Valor oficial"",""""";
"QCL,""Cultivos y productos de ganadería"",""032"",""Argentina"",""5510"",""Producción"",""0118"",""Mijo"",""2019"",""2019"",""toneladas"",""4140"",""A"",""Valor oficial"",""""";
"QCL,""Cultivos y productos de ganadería"",""032"",""Argentina"",""5312"",""Área cosechada"",""0118"",""Mijo"",""2020"",""2020"",""ha"",""3513"",""A"",""Valor oficial"",""""";
"QCL,""Cultivos y productos de ganadería"",""032"",""Argentina"",""5412"",""Rendimiento"",""0118"",""Mijo"",""2020"",""2020"",""kg/ha"",""1548.8"",""A"",""Valor oficial"",""""";
"QCL,""Cultivos y productos de ganadería"",""032"",""Argentina"",""5510"",""Producción"",""0118"",""Mijo"",""2020"",""2020"",""toneladas"",""5441"",""A"",""Valor oficial"",""""";
"QCL,""Cultivos y productos de ganadería"",""032"",""Argentina"",""5312"",""Área cosechada"",""0118"",""Mijo"",""2021"",""2021"",""ha"",""6240"",""A"",""Valor oficial"",""""";
"QCL,""Cultivos y productos de ganadería"",""032"",""Argentina"",""5412"",""Rendimiento"",""0118"",""Mijo"",""2021"",""2021"",""kg/ha"",""1523.7"",""A"",""Valor oficial"",""""";
"QCL,""Cultivos y productos de ganadería"",""032"",""Argentina"",""5510"",""Producción"",""0118"",""Mijo"",""2021"",""2021"",""toneladas"",""9508"",""A"",""Valor oficial"",""""";
"QCL,""Cultivos y productos de ganadería"",""032"",""Argentina"",""5312"",""Área cosechada"",""0118"",""Mijo"",""2022"",""2022"",""ha"",""5824"",""A"",""Valor oficial"",""""";
"QCL,""Cultivos y productos de ganadería"",""032"",""Argentina"",""5412"",""Rendimiento"",""0118"",""Mijo"",""2022"",""2022"",""kg/ha"",""1627.7"",""A"",""Valor oficial"",""""";
"QCL,""Cultivos y productos de ganadería"",""032"",""Argentina"",""5510"",""Producción"",""0118"",""Mijo"",""2022"",""2022"",""toneladas"",""9480"",""A"",""Valor oficial"",""""";
"QCL,""Cultivos y productos de ganadería"",""032"",""Argentina"",""5312"",""Área cosechada"",""0118"",""Mijo"",""2023"",""2023"",""ha"",""7254"",""A"",""Valor oficial"",""""";
"QCL,""Cultivos y productos de ganadería"",""032"",""Argentina"",""5412"",""Rendimiento"",""0118"",""Mijo"",""2023"",""2023"",""kg/ha"",""1343.5"",""A"",""Valor oficial"",""""";
"QCL,""Cultivos y productos de ganadería"",""032"",""Argentina"",""5510"",""Producción"",""0118"",""Mijo"",""2023"",""2023"",""toneladas"",""9746"",""A"",""Valor oficial"",""""";
"QCL,""Cultivos y productos de ganadería"",""032"",""Argentina"",""5312"",""Área cosechada"",""0118"",""Mijo"",""2024"",""2024"",""ha"",""5682"",""A"",""Valor oficial"",""""";
"QCL,""Cultivos y productos de ganadería"",""032"",""Argentina"",""5412"",""Rendimiento"",""0118"",""Mijo"",""2024"",""2024"",""kg/ha"",""1166.8"",""A"",""Valor oficial"",""""";
"QCL,""Cultivos y productos de ganadería"",""032"",""Argentina"",""5510"",""Producción"",""0118"",""Mijo"",""2024"",""2024"",""toneladas"",""6630"",""A"",""Valor oficial"",""""";
"QCL,""Cultivos y productos de ganadería"",""032"",""Argentina"",""5312"",""Área cosechada"",""01323"",""Naranjas"",""2010"",""2010"",""ha"",""48229"",""A"",""Valor oficial"",""""";
"QCL,""Cultivos y productos de ganadería"",""032"",""Argentina"",""5412"",""Rendimiento"",""01323"",""Naranjas"",""2010"",""2010"",""kg/ha"",""17281.8"",""A"",""Valor oficial"",""""";
"QCL,""Cultivos y productos de ganadería"",""032"",""Argentina"",""5510"",""Producción"",""01323"",""Naranjas"",""2010"",""2010"",""toneladas"",""833486"",""A"",""Valor oficial"",""""";
"QCL,""Cultivos y productos de ganadería"",""032"",""Argentina"",""5312"",""Área cosechada"",""01323"",""Naranjas"",""2011"",""2011"",""ha"",""48891"",""A"",""Valor oficial"",""""";
"QCL,""Cultivos y productos de ganadería"",""032"",""Argentina"",""5412"",""Rendimiento"",""01323"",""Naranjas"",""2011"",""2011"",""kg/ha"",""23114.2"",""A"",""Valor oficial"",""""";
"QCL,""Cultivos y productos de ganadería"",""032"",""Argentina"",""5510"",""Producción"",""01323"",""Naranjas"",""2011"",""2011"",""toneladas"",""1130074"",""A"",""Valor oficial"",""""";
"QCL,""Cultivos y productos de ganadería"",""032"",""Argentina"",""5312"",""Área cosechada"",""01323"",""Naranjas"",""2012"",""2012"",""ha"",""43702"",""A"",""Valor oficial"",""""";
"QCL,""Cultivos y productos de ganadería"",""032"",""Argentina"",""5412"",""Rendimiento"",""01323"",""Naranjas"",""2012"",""2012"",""kg/ha"",""21361.2"",""A"",""Valor oficial"",""""";
"QCL,""Cultivos y productos de ganadería"",""032"",""Argentina"",""5510"",""Producción"",""01323"",""Naranjas"",""2012"",""2012"",""toneladas"",""933526"",""A"",""Valor oficial"",""""";
"QCL,""Cultivos y productos de ganadería"",""032"",""Argentina"",""5312"",""Área cosechada"",""01323"",""Naranjas"",""2013"",""2013"",""ha"",""40000"",""X"",""Valor de fuente externa"",""Cifras no oficiales""";
"QCL,""Cultivos y productos de ganadería"",""032"",""Argentina"",""5412"",""Rendimiento"",""01323"",""Naranjas"",""2013"",""2013"",""kg/ha"",""21493.8"",""E"",""Valor estimado"",""""";
"QCL,""Cultivos y productos de ganadería"",""032"",""Argentina"",""5510"",""Producción"",""01323"",""Naranjas"",""2013"",""2013"",""toneladas"",""859752"",""A"",""Valor oficial"",""""";
"QCL,""Cultivos y productos de ganadería"",""032"",""Argentina"",""5312"",""Área cosechada"",""01323"",""Naranjas"",""2014"",""2014"",""ha"",""47964"",""I"",""Valor imputado por una agencia receptora"",""""";
"QCL,""Cultivos y productos de ganadería"",""032"",""Argentina"",""5412"",""Rendimiento"",""01323"",""Naranjas"",""2014"",""2014"",""kg/ha"",""21313.2"",""E"",""Valor estimado"",""""";
"QCL,""Cultivos y productos de ganadería"",""032"",""Argentina"",""5510"",""Producción"",""01323"",""Naranjas"",""2014"",""2014"",""toneladas"",""1022276"",""A"",""Valor oficial"",""""";
"QCL,""Cultivos y productos de ganadería"",""032"",""Argentina"",""5312"",""Área cosechada"",""01323"",""Naranjas"",""2015"",""2015"",""ha"",""43272"",""A"",""Valor oficial"",""""";
"QCL,""Cultivos y productos de ganadería"",""032"",""Argentina"",""5412"",""Rendimiento"",""01323"",""Naranjas"",""2015"",""2015"",""kg/ha"",""23139.9"",""A"",""Valor oficial"",""""";
"QCL,""Cultivos y productos de ganadería"",""032"",""Argentina"",""5510"",""Producción"",""01323"",""Naranjas"",""2015"",""2015"",""toneladas"",""1001309"",""A"",""Valor oficial"",""""";
"QCL,""Cultivos y productos de ganadería"",""032"",""Argentina"",""5312"",""Área cosechada"",""01323"",""Naranjas"",""2016"",""2016"",""ha"",""45984"",""A"",""Valor oficial"",""""";
"QCL,""Cultivos y productos de ganadería"",""032"",""Argentina"",""5412"",""Rendimiento"",""01323"",""Naranjas"",""2016"",""2016"",""kg/ha"",""22452.3"",""A"",""Valor oficial"",""""";
"QCL,""Cultivos y productos de ganadería"",""032"",""Argentina"",""5510"",""Producción"",""01323"",""Naranjas"",""2016"",""2016"",""toneladas"",""1032446"",""A"",""Valor oficial"",""""";
"QCL,""Cultivos y productos de ganadería"",""032"",""Argentina"",""5312"",""Área cosechada"",""01323"",""Naranjas"",""2017"",""2017"",""ha"",""46814"",""A"",""Valor oficial"",""""";
"QCL,""Cultivos y productos de ganadería"",""032"",""Argentina"",""5412"",""Rendimiento"",""01323"",""Naranjas"",""2017"",""2017"",""kg/ha"",""21895.2"",""A"",""Valor oficial"",""""";
"QCL,""Cultivos y productos de ganadería"",""032"",""Argentina"",""5510"",""Producción"",""01323"",""Naranjas"",""2017"",""2017"",""toneladas"",""1025000"",""A"",""Valor oficial"",""""";
"QCL,""Cultivos y productos de ganadería"",""032"",""Argentina"",""5312"",""Área cosechada"",""01323"",""Naranjas"",""2018"",""2018"",""ha"",""46023"",""A"",""Valor oficial"",""""";
"QCL,""Cultivos y productos de ganadería"",""032"",""Argentina"",""5412"",""Rendimiento"",""01323"",""Naranjas"",""2018"",""2018"",""kg/ha"",""21875.6"",""A"",""Valor oficial"",""""";
"QCL,""Cultivos y productos de ganadería"",""032"",""Argentina"",""5510"",""Producción"",""01323"",""Naranjas"",""2018"",""2018"",""toneladas"",""1006779"",""A"",""Valor oficial"",""""";
"QCL,""Cultivos y productos de ganadería"",""032"",""Argentina"",""5312"",""Área cosechada"",""01323"",""Naranjas"",""2019"",""2019"",""ha"",""49076"",""I"",""Valor imputado por una agencia receptora"",""""";
"QCL,""Cultivos y productos de ganadería"",""032"",""Argentina"",""5412"",""Rendimiento"",""01323"",""Naranjas"",""2019"",""2019"",""kg/ha"",""21821.9"",""E"",""Valor estimado"",""""";
"QCL,""Cultivos y productos de ganadería"",""032"",""Argentina"",""5510"",""Producción"",""01323"",""Naranjas"",""2019"",""2019"",""toneladas"",""1070927"",""A"",""Valor oficial"",""""";
"QCL,""Cultivos y productos de ganadería"",""032"",""Argentina"",""5312"",""Área cosechada"",""01323"",""Naranjas"",""2020"",""2020"",""ha"",""45886"",""I"",""Valor imputado por una agencia receptora"",""""";
"QCL,""Cultivos y productos de ganadería"",""032"",""Argentina"",""5412"",""Rendimiento"",""01323"",""Naranjas"",""2020"",""2020"",""kg/ha"",""21793"",""E"",""Valor estimado"",""""";
"QCL,""Cultivos y productos de ganadería"",""032"",""Argentina"",""5510"",""Producción"",""01323"",""Naranjas"",""2020"",""2020"",""toneladas"",""1000000"",""A"",""Valor oficial"",""""";
"QCL,""Cultivos y productos de ganadería"",""032"",""Argentina"",""5312"",""Área cosechada"",""01323"",""Naranjas"",""2021"",""2021"",""ha"",""47427"",""I"",""Valor imputado por una agencia receptora"",""""";
"QCL,""Cultivos y productos de ganadería"",""032"",""Argentina"",""5412"",""Rendimiento"",""01323"",""Naranjas"",""2021"",""2021"",""kg/ha"",""21889.7"",""E"",""Valor estimado"",""""";
"QCL,""Cultivos y productos de ganadería"",""032"",""Argentina"",""5510"",""Producción"",""01323"",""Naranjas"",""2021"",""2021"",""toneladas"",""1038163"",""A"",""Valor oficial"",""""";
"QCL,""Cultivos y productos de ganadería"",""032"",""Argentina"",""5312"",""Área cosechada"",""01323"",""Naranjas"",""2022"",""2022"",""ha"",""46598"",""A"",""Valor oficial"",""""";
"QCL,""Cultivos y productos de ganadería"",""032"",""Argentina"",""5412"",""Rendimiento"",""01323"",""Naranjas"",""2022"",""2022"",""kg/ha"",""21643.9"",""A"",""Valor oficial"",""""";
"QCL,""Cultivos y productos de ganadería"",""032"",""Argentina"",""5510"",""Producción"",""01323"",""Naranjas"",""2022"",""2022"",""toneladas"",""1008563"",""A"",""Valor oficial"",""""";
"QCL,""Cultivos y productos de ganadería"",""032"",""Argentina"",""5312"",""Área cosechada"",""01323"",""Naranjas"",""2023"",""2023"",""ha"",""47382"",""A"",""Valor oficial"",""""";
"QCL,""Cultivos y productos de ganadería"",""032"",""Argentina"",""5412"",""Rendimiento"",""01323"",""Naranjas"",""2023"",""2023"",""kg/ha"",""22392.5"",""A"",""Valor oficial"",""""";
"QCL,""Cultivos y productos de ganadería"",""032"",""Argentina"",""5510"",""Producción"",""01323"",""Naranjas"",""2023"",""2023"",""toneladas"",""1061000"",""A"",""Valor oficial"",""""";
"QCL,""Cultivos y productos de ganadería"",""032"",""Argentina"",""5312"",""Área cosechada"",""01323"",""Naranjas"",""2024"",""2024"",""ha"",""46654"",""I"",""Valor imputado por una agencia receptora"",""""";
"QCL,""Cultivos y productos de ganadería"",""032"",""Argentina"",""5412"",""Rendimiento"",""01323"",""Naranjas"",""2024"",""2024"",""kg/ha"",""22747.2"",""E"",""Valor estimado"",""""";
"QCL,""Cultivos y productos de ganadería"",""032"",""Argentina"",""5510"",""Producción"",""01323"",""Naranjas"",""2024"",""2024"",""toneladas"",""1061236.53"",""I"",""Valor imputado por una agencia receptora"",""""";
"QCL,""Cultivos y productos de ganadería"",""032"",""Argentina"",""5312"",""Área cosechada"",""01376"",""Nueces de nogal con cáscara"",""2010"",""2010"",""ha"",""4800"",""E"",""Valor estimado"",""""";
"QCL,""Cultivos y productos de ganadería"",""032"",""Argentina"",""5412"",""Rendimiento"",""01376"",""Nueces de nogal con cáscara"",""2010"",""2010"",""kg/ha"",""2083.3"",""E"",""Valor estimado"",""""";
"QCL,""Cultivos y productos de ganadería"",""032"",""Argentina"",""5510"",""Producción"",""01376"",""Nueces de nogal con cáscara"",""2010"",""2010"",""toneladas"",""10000"",""E"",""Valor estimado"",""""";
"QCL,""Cultivos y productos de ganadería"",""032"",""Argentina"",""5312"",""Área cosechada"",""01376"",""Nueces de nogal con cáscara"",""2011"",""2011"",""ha"",""4492"",""I"",""Valor imputado por una agencia receptora"",""""";
"QCL,""Cultivos y productos de ganadería"",""032"",""Argentina"",""5412"",""Rendimiento"",""01376"",""Nueces de nogal con cáscara"",""2011"",""2011"",""kg/ha"",""2446.9"",""E"",""Valor estimado"",""""";
"QCL,""Cultivos y productos de ganadería"",""032"",""Argentina"",""5510"",""Producción"",""01376"",""Nueces de nogal con cáscara"",""2011"",""2011"",""toneladas"",""10990.77"",""I"",""Valor imputado por una agencia receptora"",""""";
"QCL,""Cultivos y productos de ganadería"",""032"",""Argentina"",""5312"",""Área cosechada"",""01376"",""Nueces de nogal con cáscara"",""2012"",""2012"",""ha"",""4800"",""E"",""Valor estimado"",""""";
"QCL,""Cultivos y productos de ganadería"",""032"",""Argentina"",""5412"",""Rendimiento"",""01376"",""Nueces de nogal con cáscara"",""2012"",""2012"",""kg/ha"",""2666.7"",""E"",""Valor estimado"",""""";
"QCL,""Cultivos y productos de ganadería"",""032"",""Argentina"",""5510"",""Producción"",""01376"",""Nueces de nogal con cáscara"",""2012"",""2012"",""toneladas"",""12800"",""E"",""Valor estimado"",""""";
"QCL,""Cultivos y productos de ganadería"",""032"",""Argentina"",""5312"",""Área cosechada"",""01376"",""Nueces de nogal con cáscara"",""2013"",""2013"",""ha"",""4782"",""I"",""Valor imputado por una agencia receptora"",""""";
"QCL,""Cultivos y productos de ganadería"",""032"",""Argentina"",""5412"",""Rendimiento"",""01376"",""Nueces de nogal con cáscara"",""2013"",""2013"",""kg/ha"",""2472.4"",""E"",""Valor estimado"",""""";
"QCL,""Cultivos y productos de ganadería"",""032"",""Argentina"",""5510"",""Producción"",""01376"",""Nueces de nogal con cáscara"",""2013"",""2013"",""toneladas"",""11822.97"",""I"",""Valor imputado por una agencia receptora"",""""";
"QCL,""Cultivos y productos de ganadería"",""032"",""Argentina"",""5312"",""Área cosechada"",""01376"",""Nueces de nogal con cáscara"",""2014"",""2014"",""ha"",""6595"",""I"",""Valor imputado por una agencia receptora"",""""";
"QCL,""Cultivos y productos de ganadería"",""032"",""Argentina"",""5412"",""Rendimiento"",""01376"",""Nueces de nogal con cáscara"",""2014"",""2014"",""kg/ha"",""2060.8"",""E"",""Valor estimado"",""""";
"QCL,""Cultivos y productos de ganadería"",""032"",""Argentina"",""5510"",""Producción"",""01376"",""Nueces de nogal con cáscara"",""2014"",""2014"",""toneladas"",""13591.73"",""I"",""Valor imputado por una agencia receptora"",""""";
"QCL,""Cultivos y productos de ganadería"",""032"",""Argentina"",""5312"",""Área cosechada"",""01376"",""Nueces de nogal con cáscara"",""2015"",""2015"",""ha"",""9383"",""I"",""Valor imputado por una agencia receptora"",""""";
"QCL,""Cultivos y productos de ganadería"",""032"",""Argentina"",""5412"",""Rendimiento"",""01376"",""Nueces de nogal con cáscara"",""2015"",""2015"",""kg/ha"",""1672.2"",""E"",""Valor estimado"",""""";
"QCL,""Cultivos y productos de ganadería"",""032"",""Argentina"",""5510"",""Producción"",""01376"",""Nueces de nogal con cáscara"",""2015"",""2015"",""toneladas"",""15690.56"",""I"",""Valor imputado por una agencia receptora"",""""";
"QCL,""Cultivos y productos de ganadería"",""032"",""Argentina"",""5312"",""Área cosechada"",""01376"",""Nueces de nogal con cáscara"",""2016"",""2016"",""ha"",""14090"",""A"",""Valor oficial"",""""";
"QCL,""Cultivos y productos de ganadería"",""032"",""Argentina"",""5412"",""Rendimiento"",""01376"",""Nueces de nogal con cáscara"",""2016"",""2016"",""kg/ha"",""1306.7"",""A"",""Valor oficial"",""""";
"QCL,""Cultivos y productos de ganadería"",""032"",""Argentina"",""5510"",""Producción"",""01376"",""Nueces de nogal con cáscara"",""2016"",""2016"",""toneladas"",""18412"",""A"",""Valor oficial"",""""";
"QCL,""Cultivos y productos de ganadería"",""032"",""Argentina"",""5312"",""Área cosechada"",""01376"",""Nueces de nogal con cáscara"",""2017"",""2017"",""ha"",""14411"",""A"",""Valor oficial"",""""";
"QCL,""Cultivos y productos de ganadería"",""032"",""Argentina"",""5412"",""Rendimiento"",""01376"",""Nueces de nogal con cáscara"",""2017"",""2017"",""kg/ha"",""1277.6"",""A"",""Valor oficial"",""""";
"QCL,""Cultivos y productos de ganadería"",""032"",""Argentina"",""5510"",""Producción"",""01376"",""Nueces de nogal con cáscara"",""2017"",""2017"",""toneladas"",""18412"",""A"",""Valor oficial"",""""";
"QCL,""Cultivos y productos de ganadería"",""032"",""Argentina"",""5312"",""Área cosechada"",""01376"",""Nueces de nogal con cáscara"",""2018"",""2018"",""ha"",""14912"",""A"",""Valor oficial"",""""";
"QCL,""Cultivos y productos de ganadería"",""032"",""Argentina"",""5412"",""Rendimiento"",""01376"",""Nueces de nogal con cáscara"",""2018"",""2018"",""kg/ha"",""1234.7"",""A"",""Valor oficial"",""""";
"QCL,""Cultivos y productos de ganadería"",""032"",""Argentina"",""5510"",""Producción"",""01376"",""Nueces de nogal con cáscara"",""2018"",""2018"",""toneladas"",""18412"",""A"",""Valor oficial"",""""";
"QCL,""Cultivos y productos de ganadería"",""032"",""Argentina"",""5312"",""Área cosechada"",""01376"",""Nueces de nogal con cáscara"",""2019"",""2019"",""ha"",""14471"",""E"",""Valor estimado"",""""";
"QCL,""Cultivos y productos de ganadería"",""032"",""Argentina"",""5412"",""Rendimiento"",""01376"",""Nueces de nogal con cáscara"",""2019"",""2019"",""kg/ha"",""1287.1"",""E"",""Valor estimado"",""""";
"QCL,""Cultivos y productos de ganadería"",""032"",""Argentina"",""5510"",""Producción"",""01376"",""Nueces de nogal con cáscara"",""2019"",""2019"",""toneladas"",""18624.9"",""I"",""Valor imputado por una agencia receptora"",""""";
"QCL,""Cultivos y productos de ganadería"",""032"",""Argentina"",""5312"",""Área cosechada"",""01376"",""Nueces de nogal con cáscara"",""2020"",""2020"",""ha"",""14598"",""E"",""Valor estimado"",""""";
"QCL,""Cultivos y productos de ganadería"",""032"",""Argentina"",""5412"",""Rendimiento"",""01376"",""Nueces de nogal con cáscara"",""2020"",""2020"",""kg/ha"",""1266.1"",""E"",""Valor estimado"",""""";
"QCL,""Cultivos y productos de ganadería"",""032"",""Argentina"",""5510"",""Producción"",""01376"",""Nueces de nogal con cáscara"",""2020"",""2020"",""toneladas"",""18482.97"",""E"",""Valor estimado"",""""";
"QCL,""Cultivos y productos de ganadería"",""032"",""Argentina"",""5312"",""Área cosechada"",""01376"",""Nueces de nogal con cáscara"",""2021"",""2021"",""ha"",""14660"",""E"",""Valor estimado"",""""";
"QCL,""Cultivos y productos de ganadería"",""032"",""Argentina"",""5412"",""Rendimiento"",""01376"",""Nueces de nogal con cáscara"",""2021"",""2021"",""kg/ha"",""1262.4"",""E"",""Valor estimado"",""""";
"QCL,""Cultivos y productos de ganadería"",""032"",""Argentina"",""5510"",""Producción"",""01376"",""Nueces de nogal con cáscara"",""2021"",""2021"",""toneladas"",""18506.62"",""E"",""Valor estimado"",""""";
"QCL,""Cultivos y productos de ganadería"",""032"",""Argentina"",""5312"",""Área cosechada"",""01376"",""Nueces de nogal con cáscara"",""2022"",""2022"",""ha"",""14576"",""E"",""Valor estimado"",""""";
"QCL,""Cultivos y productos de ganadería"",""032"",""Argentina"",""5412"",""Rendimiento"",""01376"",""Nueces de nogal con cáscara"",""2022"",""2022"",""kg/ha"",""1271.8"",""E"",""Valor estimado"",""""";
"QCL,""Cultivos y productos de ganadería"",""032"",""Argentina"",""5510"",""Producción"",""01376"",""Nueces de nogal con cáscara"",""2022"",""2022"",""toneladas"",""18538.16"",""E"",""Valor estimado"",""""";
"QCL,""Cultivos y productos de ganadería"",""032"",""Argentina"",""5312"",""Área cosechada"",""01376"",""Nueces de nogal con cáscara"",""2023"",""2023"",""ha"",""14612"",""E"",""Valor estimado"",""""";
"QCL,""Cultivos y productos de ganadería"",""032"",""Argentina"",""5412"",""Rendimiento"",""01376"",""Nueces de nogal con cáscara"",""2023"",""2023"",""kg/ha"",""1266.8"",""E"",""Valor estimado"",""""";
"QCL,""Cultivos y productos de ganadería"",""032"",""Argentina"",""5510"",""Producción"",""01376"",""Nueces de nogal con cáscara"",""2023"",""2023"",""toneladas"",""18509.25"",""E"",""Valor estimado"",""""";
"QCL,""Cultivos y productos de ganadería"",""032"",""Argentina"",""5312"",""Área cosechada"",""01376"",""Nueces de nogal con cáscara"",""2024"",""2024"",""ha"",""14616"",""E"",""Valor estimado"",""""";
"QCL,""Cultivos y productos de ganadería"",""032"",""Argentina"",""5412"",""Rendimiento"",""01376"",""Nueces de nogal con cáscara"",""2024"",""2024"",""kg/ha"",""1267"",""E"",""Valor estimado"",""""";
"QCL,""Cultivos y productos de ganadería"",""032"",""Argentina"",""5510"",""Producción"",""01376"",""Nueces de nogal con cáscara"",""2024"",""2024"",""toneladas"",""18518.01"",""E"",""Valor estimado"",""""";
"QCL,""Cultivos y productos de ganadería"",""032"",""Argentina"",""5312"",""Área cosechada"",""01499.02"",""Nueces de tung"",""2010"",""2010"",""ha"",""1285"",""A"",""Valor oficial"",""""";
"QCL,""Cultivos y productos de ganadería"",""032"",""Argentina"",""5412"",""Rendimiento"",""01499.02"",""Nueces de tung"",""2010"",""2010"",""kg/ha"",""2676.3"",""A"",""Valor oficial"",""""";
"QCL,""Cultivos y productos de ganadería"",""032"",""Argentina"",""5510"",""Producción"",""01499.02"",""Nueces de tung"",""2010"",""2010"",""toneladas"",""3439"",""A"",""Valor oficial"",""""";
"QCL,""Cultivos y productos de ganadería"",""032"",""Argentina"",""5312"",""Área cosechada"",""01499.02"",""Nueces de tung"",""2011"",""2011"",""ha"",""1569"",""I"",""Valor imputado por una agencia receptora"",""""";
"QCL,""Cultivos y productos de ganadería"",""032"",""Argentina"",""5412"",""Rendimiento"",""01499.02"",""Nueces de tung"",""2011"",""2011"",""kg/ha"",""2449"",""E"",""Valor estimado"",""""";
"QCL,""Cultivos y productos de ganadería"",""032"",""Argentina"",""5510"",""Producción"",""01499.02"",""Nueces de tung"",""2011"",""2011"",""toneladas"",""3841.44"",""I"",""Valor imputado por una agencia receptora"",""""";
"QCL,""Cultivos y productos de ganadería"",""032"",""Argentina"",""5312"",""Área cosechada"",""01499.02"",""Nueces de tung"",""2012"",""2012"",""ha"",""2393"",""I"",""Valor imputado por una agencia receptora"",""""";
"QCL,""Cultivos y productos de ganadería"",""032"",""Argentina"",""5412"",""Rendimiento"",""01499.02"",""Nueces de tung"",""2012"",""2012"",""kg/ha"",""2384.9"",""E"",""Valor estimado"",""""";
"QCL,""Cultivos y productos de ganadería"",""032"",""Argentina"",""5510"",""Producción"",""01499.02"",""Nueces de tung"",""2012"",""2012"",""toneladas"",""5708.25"",""I"",""Valor imputado por una agencia receptora"",""""";
"QCL,""Cultivos y productos de ganadería"",""032"",""Argentina"",""5312"",""Área cosechada"",""01499.02"",""Nueces de tung"",""2013"",""2013"",""ha"",""2408"",""I"",""Valor imputado por una agencia receptora"",""""";
"QCL,""Cultivos y productos de ganadería"",""032"",""Argentina"",""5412"",""Rendimiento"",""01499.02"",""Nueces de tung"",""2013"",""2013"",""kg/ha"",""2420.6"",""E"",""Valor estimado"",""""";
"QCL,""Cultivos y productos de ganadería"",""032"",""Argentina"",""5510"",""Producción"",""01499.02"",""Nueces de tung"",""2013"",""2013"",""toneladas"",""5828.85"",""I"",""Valor imputado por una agencia receptora"",""""";
"QCL,""Cultivos y productos de ganadería"",""032"",""Argentina"",""5312"",""Área cosechada"",""01499.02"",""Nueces de tung"",""2014"",""2014"",""ha"",""2539"",""I"",""Valor imputado por una agencia receptora"",""""";
"QCL,""Cultivos y productos de ganadería"",""032"",""Argentina"",""5412"",""Rendimiento"",""01499.02"",""Nueces de tung"",""2014"",""2014"",""kg/ha"",""2473.8"",""E"",""Valor estimado"",""""";
"QCL,""Cultivos y productos de ganadería"",""032"",""Argentina"",""5510"",""Producción"",""01499.02"",""Nueces de tung"",""2014"",""2014"",""toneladas"",""6280"",""E"",""Valor estimado"",""""";
"QCL,""Cultivos y productos de ganadería"",""032"",""Argentina"",""5312"",""Área cosechada"",""01499.02"",""Nueces de tung"",""2015"",""2015"",""ha"",""2445"",""I"",""Valor imputado por una agencia receptora"",""""";
"QCL,""Cultivos y productos de ganadería"",""032"",""Argentina"",""5412"",""Rendimiento"",""01499.02"",""Nueces de tung"",""2015"",""2015"",""kg/ha"",""2503.9"",""E"",""Valor estimado"",""""";
"QCL,""Cultivos y productos de ganadería"",""032"",""Argentina"",""5510"",""Producción"",""01499.02"",""Nueces de tung"",""2015"",""2015"",""toneladas"",""6123"",""E"",""Valor estimado"",""""";
"QCL,""Cultivos y productos de ganadería"",""032"",""Argentina"",""5312"",""Área cosechada"",""01499.02"",""Nueces de tung"",""2016"",""2016"",""ha"",""2503"",""I"",""Valor imputado por una agencia receptora"",""""";
"QCL,""Cultivos y productos de ganadería"",""032"",""Argentina"",""5412"",""Rendimiento"",""01499.02"",""Nueces de tung"",""2016"",""2016"",""kg/ha"",""2522.5"",""E"",""Valor estimado"",""""";
"QCL,""Cultivos y productos de ganadería"",""032"",""Argentina"",""5510"",""Producción"",""01499.02"",""Nueces de tung"",""2016"",""2016"",""toneladas"",""6315"",""E"",""Valor estimado"",""""";
"QCL,""Cultivos y productos de ganadería"",""032"",""Argentina"",""5312"",""Área cosechada"",""01499.02"",""Nueces de tung"",""2017"",""2017"",""ha"",""2518"",""I"",""Valor imputado por una agencia receptora"",""""";
"QCL,""Cultivos y productos de ganadería"",""032"",""Argentina"",""5412"",""Rendimiento"",""01499.02"",""Nueces de tung"",""2017"",""2017"",""kg/ha"",""2541.5"",""E"",""Valor estimado"",""""";
"QCL,""Cultivos y productos de ganadería"",""032"",""Argentina"",""5510"",""Producción"",""01499.02"",""Nueces de tung"",""2017"",""2017"",""toneladas"",""6400"",""E"",""Valor estimado"",""""";
"QCL,""Cultivos y productos de ganadería"",""032"",""Argentina"",""5312"",""Área cosechada"",""01499.02"",""Nueces de tung"",""2018"",""2018"",""ha"",""2573"",""I"",""Valor imputado por una agencia receptora"",""""";
"QCL,""Cultivos y productos de ganadería"",""032"",""Argentina"",""5412"",""Rendimiento"",""01499.02"",""Nueces de tung"",""2018"",""2018"",""kg/ha"",""2565.3"",""E"",""Valor estimado"",""""";
"QCL,""Cultivos y productos de ganadería"",""032"",""Argentina"",""5510"",""Producción"",""01499.02"",""Nueces de tung"",""2018"",""2018"",""toneladas"",""6600"",""E"",""Valor estimado"",""""";
"QCL,""Cultivos y productos de ganadería"",""032"",""Argentina"",""5312"",""Área cosechada"",""01499.02"",""Nueces de tung"",""2019"",""2019"",""ha"",""2531"",""E"",""Valor estimado"",""""";
"QCL,""Cultivos y productos de ganadería"",""032"",""Argentina"",""5412"",""Rendimiento"",""01499.02"",""Nueces de tung"",""2019"",""2019"",""kg/ha"",""2543.3"",""E"",""Valor estimado"",""""";
"QCL,""Cultivos y productos de ganadería"",""032"",""Argentina"",""5510"",""Producción"",""01499.02"",""Nueces de tung"",""2019"",""2019"",""toneladas"",""6438.33"",""E"",""Valor estimado"",""""";
"QCL,""Cultivos y productos de ganadería"",""032"",""Argentina"",""5312"",""Área cosechada"",""01499.02"",""Nueces de tung"",""2020"",""2020"",""ha"",""2541"",""E"",""Valor estimado"",""""";
"QCL,""Cultivos y productos de ganadería"",""032"",""Argentina"",""5412"",""Rendimiento"",""01499.02"",""Nueces de tung"",""2020"",""2020"",""kg/ha"",""2550.2"",""E"",""Valor estimado"",""""";
"QCL,""Cultivos y productos de ganadería"",""032"",""Argentina"",""5510"",""Producción"",""01499.02"",""Nueces de tung"",""2020"",""2020"",""toneladas"",""6479.44"",""E"",""Valor estimado"",""""";
"QCL,""Cultivos y productos de ganadería"",""032"",""Argentina"",""5312"",""Área cosechada"",""01499.02"",""Nueces de tung"",""2021"",""2021"",""ha"",""2548"",""E"",""Valor estimado"",""""";
"QCL,""Cultivos y productos de ganadería"",""032"",""Argentina"",""5412"",""Rendimiento"",""01499.02"",""Nueces de tung"",""2021"",""2021"",""kg/ha"",""2553"",""E"",""Valor estimado"",""""";
"QCL,""Cultivos y productos de ganadería"",""032"",""Argentina"",""5510"",""Producción"",""01499.02"",""Nueces de tung"",""2021"",""2021"",""toneladas"",""6505.93"",""E"",""Valor estimado"",""""";
"QCL,""Cultivos y productos de ganadería"",""032"",""Argentina"",""5312"",""Área cosechada"",""01499.02"",""Nueces de tung"",""2022"",""2022"",""ha"",""2540"",""E"",""Valor estimado"",""""";
"QCL,""Cultivos y productos de ganadería"",""032"",""Argentina"",""5412"",""Rendimiento"",""01499.02"",""Nueces de tung"",""2022"",""2022"",""kg/ha"",""2442.2"",""E"",""Valor estimado"",""""";
"QCL,""Cultivos y productos de ganadería"",""032"",""Argentina"",""5510"",""Producción"",""01499.02"",""Nueces de tung"",""2022"",""2022"",""toneladas"",""6203.67"",""I"",""Valor imputado por una agencia receptora"",""""";
"QCL,""Cultivos y productos de ganadería"",""032"",""Argentina"",""5312"",""Área cosechada"",""01499.02"",""Nueces de tung"",""2023"",""2023"",""ha"",""2543"",""E"",""Valor estimado"",""""";
"QCL,""Cultivos y productos de ganadería"",""032"",""Argentina"",""5412"",""Rendimiento"",""01499.02"",""Nueces de tung"",""2023"",""2023"",""kg/ha"",""2419.7"",""E"",""Valor estimado"",""""";
"QCL,""Cultivos y productos de ganadería"",""032"",""Argentina"",""5510"",""Producción"",""01499.02"",""Nueces de tung"",""2023"",""2023"",""toneladas"",""6153.43"",""I"",""Valor imputado por una agencia receptora"",""""";
"QCL,""Cultivos y productos de ganadería"",""032"",""Argentina"",""5312"",""Área cosechada"",""01499.02"",""Nueces de tung"",""2024"",""2024"",""ha"",""2544"",""E"",""Valor estimado"",""""";
"QCL,""Cultivos y productos de ganadería"",""032"",""Argentina"",""5412"",""Rendimiento"",""01499.02"",""Nueces de tung"",""2024"",""2024"",""kg/ha"",""2415.5"",""E"",""Valor estimado"",""""";
"QCL,""Cultivos y productos de ganadería"",""032"",""Argentina"",""5510"",""Producción"",""01499.02"",""Nueces de tung"",""2024"",""2024"",""toneladas"",""6144.76"",""I"",""Valor imputado por una agencia receptora"",""""";
"QCL,""Cultivos y productos de ganadería"",""032"",""Argentina"",""5312"",""Área cosechada"",""01929.90"",""Otras fibras textiles, en bruto, n.e.p."",""2010"",""2010"",""ha"",""1502"",""I"",""Valor imputado por una agencia receptora"",""""";
"QCL,""Cultivos y productos de ganadería"",""032"",""Argentina"",""5412"",""Rendimiento"",""01929.90"",""Otras fibras textiles, en bruto, n.e.p."",""2010"",""2010"",""kg/ha"",""1006.5"",""E"",""Valor estimado"",""""";
"QCL,""Cultivos y productos de ganadería"",""032"",""Argentina"",""5510"",""Producción"",""01929.90"",""Otras fibras textiles, en bruto, n.e.p."",""2010"",""2010"",""toneladas"",""1511.64"",""I"",""Valor imputado por una agencia receptora"",""""";
"QCL,""Cultivos y productos de ganadería"",""032"",""Argentina"",""5312"",""Área cosechada"",""01929.90"",""Otras fibras textiles, en bruto, n.e.p."",""2011"",""2011"",""ha"",""1542"",""I"",""Valor imputado por una agencia receptora"",""""";
"QCL,""Cultivos y productos de ganadería"",""032"",""Argentina"",""5412"",""Rendimiento"",""01929.90"",""Otras fibras textiles, en bruto, n.e.p."",""2011"",""2011"",""kg/ha"",""1008"",""E"",""Valor estimado"",""""";
"QCL,""Cultivos y productos de ganadería"",""032"",""Argentina"",""5510"",""Producción"",""01929.90"",""Otras fibras textiles, en bruto, n.e.p."",""2011"",""2011"",""toneladas"",""1553.77"",""I"",""Valor imputado por una agencia receptora"",""""";
"QCL,""Cultivos y productos de ganadería"",""032"",""Argentina"",""5312"",""Área cosechada"",""01929.90"",""Otras fibras textiles, en bruto, n.e.p."",""2012"",""2012"",""ha"",""1590"",""E"",""Valor estimado"",""""";
"QCL,""Cultivos y productos de ganadería"",""032"",""Argentina"",""5412"",""Rendimiento"",""01929.90"",""Otras fibras textiles, en bruto, n.e.p."",""2012"",""2012"",""kg/ha"",""1006.3"",""E"",""Valor estimado"",""""";
"QCL,""Cultivos y productos de ganadería"",""032"",""Argentina"",""5510"",""Producción"",""01929.90"",""Otras fibras textiles, en bruto, n.e.p."",""2012"",""2012"",""toneladas"",""1600"",""E"",""Valor estimado"",""""";
"QCL,""Cultivos y productos de ganadería"",""032"",""Argentina"",""5312"",""Área cosechada"",""01929.90"",""Otras fibras textiles, en bruto, n.e.p."",""2013"",""2013"",""ha"",""1600"",""E"",""Valor estimado"",""""";
"QCL,""Cultivos y productos de ganadería"",""032"",""Argentina"",""5412"",""Rendimiento"",""01929.90"",""Otras fibras textiles, en bruto, n.e.p."",""2013"",""2013"",""kg/ha"",""1031.3"",""E"",""Valor estimado"",""""";
"QCL,""Cultivos y productos de ganadería"",""032"",""Argentina"",""5510"",""Producción"",""01929.90"",""Otras fibras textiles, en bruto, n.e.p."",""2013"",""2013"",""toneladas"",""1650"",""E"",""Valor estimado"",""""";
"QCL,""Cultivos y productos de ganadería"",""032"",""Argentina"",""5312"",""Área cosechada"",""01929.90"",""Otras fibras textiles, en bruto, n.e.p."",""2014"",""2014"",""ha"",""1664"",""I"",""Valor imputado por una agencia receptora"",""""";
"QCL,""Cultivos y productos de ganadería"",""032"",""Argentina"",""5412"",""Rendimiento"",""01929.90"",""Otras fibras textiles, en bruto, n.e.p."",""2014"",""2014"",""kg/ha"",""1021.7"",""E"",""Valor estimado"",""""";
"QCL,""Cultivos y productos de ganadería"",""032"",""Argentina"",""5510"",""Producción"",""01929.90"",""Otras fibras textiles, en bruto, n.e.p."",""2014"",""2014"",""toneladas"",""1700.22"",""I"",""Valor imputado por una agencia receptora"",""""";
"QCL,""Cultivos y productos de ganadería"",""032"",""Argentina"",""5312"",""Área cosechada"",""01929.90"",""Otras fibras textiles, en bruto, n.e.p."",""2015"",""2015"",""ha"",""1485"",""I"",""Valor imputado por una agencia receptora"",""""";
"QCL,""Cultivos y productos de ganadería"",""032"",""Argentina"",""5412"",""Rendimiento"",""01929.90"",""Otras fibras textiles, en bruto, n.e.p."",""2015"",""2015"",""kg/ha"",""938"",""E"",""Valor estimado"",""""";
"QCL,""Cultivos y productos de ganadería"",""032"",""Argentina"",""5510"",""Producción"",""01929.90"",""Otras fibras textiles, en bruto, n.e.p."",""2015"",""2015"",""toneladas"",""1392.98"",""I"",""Valor imputado por una agencia receptora"",""""";
"QCL,""Cultivos y productos de ganadería"",""032"",""Argentina"",""5312"",""Área cosechada"",""01929.90"",""Otras fibras textiles, en bruto, n.e.p."",""2016"",""2016"",""ha"",""1583"",""E"",""Valor estimado"",""""";
"QCL,""Cultivos y productos de ganadería"",""032"",""Argentina"",""5412"",""Rendimiento"",""01929.90"",""Otras fibras textiles, en bruto, n.e.p."",""2016"",""2016"",""kg/ha"",""998.7"",""E"",""Valor estimado"",""""";
"QCL,""Cultivos y productos de ganadería"",""032"",""Argentina"",""5510"",""Producción"",""01929.90"",""Otras fibras textiles, en bruto, n.e.p."",""2016"",""2016"",""toneladas"",""1581.07"",""E"",""Valor estimado"",""""";
"QCL,""Cultivos y productos de ganadería"",""032"",""Argentina"",""5312"",""Área cosechada"",""01929.90"",""Otras fibras textiles, en bruto, n.e.p."",""2017"",""2017"",""ha"",""1559"",""I"",""Valor imputado por una agencia receptora"",""""";
"QCL,""Cultivos y productos de ganadería"",""032"",""Argentina"",""5412"",""Rendimiento"",""01929.90"",""Otras fibras textiles, en bruto, n.e.p."",""2017"",""2017"",""kg/ha"",""1004.3"",""E"",""Valor estimado"",""""";
"QCL,""Cultivos y productos de ganadería"",""032"",""Argentina"",""5510"",""Producción"",""01929.90"",""Otras fibras textiles, en bruto, n.e.p."",""2017"",""2017"",""toneladas"",""1566.16"",""I"",""Valor imputado por una agencia receptora"",""""";
"QCL,""Cultivos y productos de ganadería"",""032"",""Argentina"",""5312"",""Área cosechada"",""01929.90"",""Otras fibras textiles, en bruto, n.e.p."",""2018"",""2018"",""ha"",""1587"",""I"",""Valor imputado por una agencia receptora"",""""";
"QCL,""Cultivos y productos de ganadería"",""032"",""Argentina"",""5412"",""Rendimiento"",""01929.90"",""Otras fibras textiles, en bruto, n.e.p."",""2018"",""2018"",""kg/ha"",""999.4"",""E"",""Valor estimado"",""""";
"QCL,""Cultivos y productos de ganadería"",""032"",""Argentina"",""5510"",""Producción"",""01929.90"",""Otras fibras textiles, en bruto, n.e.p."",""2018"",""2018"",""toneladas"",""1585.65"",""I"",""Valor imputado por una agencia receptora"",""""";
"QCL,""Cultivos y productos de ganadería"",""032"",""Argentina"",""5312"",""Área cosechada"",""01929.90"",""Otras fibras textiles, en bruto, n.e.p."",""2019"",""2019"",""ha"",""1588"",""I"",""Valor imputado por una agencia receptora"",""""";
"QCL,""Cultivos y productos de ganadería"",""032"",""Argentina"",""5412"",""Rendimiento"",""01929.90"",""Otras fibras textiles, en bruto, n.e.p."",""2019"",""2019"",""kg/ha"",""1000.6"",""E"",""Valor estimado"",""""";
"QCL,""Cultivos y productos de ganadería"",""032"",""Argentina"",""5510"",""Producción"",""01929.90"",""Otras fibras textiles, en bruto, n.e.p."",""2019"",""2019"",""toneladas"",""1589.04"",""I"",""Valor imputado por una agencia receptora"",""""";
"QCL,""Cultivos y productos de ganadería"",""032"",""Argentina"",""5312"",""Área cosechada"",""01929.90"",""Otras fibras textiles, en bruto, n.e.p."",""2020"",""2020"",""ha"",""1585"",""I"",""Valor imputado por una agencia receptora"",""""";
"QCL,""Cultivos y productos de ganadería"",""032"",""Argentina"",""5412"",""Rendimiento"",""01929.90"",""Otras fibras textiles, en bruto, n.e.p."",""2020"",""2020"",""kg/ha"",""1000.9"",""E"",""Valor estimado"",""""";
"QCL,""Cultivos y productos de ganadería"",""032"",""Argentina"",""5510"",""Producción"",""01929.90"",""Otras fibras textiles, en bruto, n.e.p."",""2020"",""2020"",""toneladas"",""1586.89"",""I"",""Valor imputado por una agencia receptora"",""""";
"QCL,""Cultivos y productos de ganadería"",""032"",""Argentina"",""5312"",""Área cosechada"",""01929.90"",""Otras fibras textiles, en bruto, n.e.p."",""2021"",""2021"",""ha"",""1585"",""I"",""Valor imputado por una agencia receptora"",""""";
"QCL,""Cultivos y productos de ganadería"",""032"",""Argentina"",""5412"",""Rendimiento"",""01929.90"",""Otras fibras textiles, en bruto, n.e.p."",""2021"",""2021"",""kg/ha"",""1000.6"",""E"",""Valor estimado"",""""";
"QCL,""Cultivos y productos de ganadería"",""032"",""Argentina"",""5510"",""Producción"",""01929.90"",""Otras fibras textiles, en bruto, n.e.p."",""2021"",""2021"",""toneladas"",""1586.39"",""I"",""Valor imputado por una agencia receptora"",""""";
"QCL,""Cultivos y productos de ganadería"",""032"",""Argentina"",""5312"",""Área cosechada"",""01929.90"",""Otras fibras textiles, en bruto, n.e.p."",""2022"",""2022"",""ha"",""1593"",""I"",""Valor imputado por una agencia receptora"",""""";
"QCL,""Cultivos y productos de ganadería"",""032"",""Argentina"",""5412"",""Rendimiento"",""01929.90"",""Otras fibras textiles, en bruto, n.e.p."",""2022"",""2022"",""kg/ha"",""1000.2"",""E"",""Valor estimado"",""""";
"QCL,""Cultivos y productos de ganadería"",""032"",""Argentina"",""5510"",""Producción"",""01929.90"",""Otras fibras textiles, en bruto, n.e.p."",""2022"",""2022"",""toneladas"",""1593.39"",""I"",""Valor imputado por una agencia receptora"",""""";
"QCL,""Cultivos y productos de ganadería"",""032"",""Argentina"",""5312"",""Área cosechada"",""01929.90"",""Otras fibras textiles, en bruto, n.e.p."",""2023"",""2023"",""ha"",""1599"",""I"",""Valor imputado por una agencia receptora"",""""";
"QCL,""Cultivos y productos de ganadería"",""032"",""Argentina"",""5412"",""Rendimiento"",""01929.90"",""Otras fibras textiles, en bruto, n.e.p."",""2023"",""2023"",""kg/ha"",""1000"",""E"",""Valor estimado"",""""";
"QCL,""Cultivos y productos de ganadería"",""032"",""Argentina"",""5510"",""Producción"",""01929.90"",""Otras fibras textiles, en bruto, n.e.p."",""2023"",""2023"",""toneladas"",""1598.51"",""I"",""Valor imputado por una agencia receptora"",""""";
"QCL,""Cultivos y productos de ganadería"",""032"",""Argentina"",""5312"",""Área cosechada"",""01929.90"",""Otras fibras textiles, en bruto, n.e.p."",""2024"",""2024"",""ha"",""1604"",""I"",""Valor imputado por una agencia receptora"",""""";
"QCL,""Cultivos y productos de ganadería"",""032"",""Argentina"",""5412"",""Rendimiento"",""01929.90"",""Otras fibras textiles, en bruto, n.e.p."",""2024"",""2024"",""kg/ha"",""999.8"",""E"",""Valor estimado"",""""";
"QCL,""Cultivos y productos de ganadería"",""032"",""Argentina"",""5510"",""Producción"",""01929.90"",""Otras fibras textiles, en bruto, n.e.p."",""2024"",""2024"",""toneladas"",""1603.62"",""I"",""Valor imputado por una agencia receptora"",""""";
"QCL,""Cultivos y productos de ganadería"",""032"",""Argentina"",""5312"",""Área cosechada"",""01290.90"",""Otras hortalizas frescas n.c.p."",""2010"",""2010"",""ha"",""56833"",""I"",""Valor imputado por una agencia receptora"",""""";
"QCL,""Cultivos y productos de ganadería"",""032"",""Argentina"",""5412"",""Rendimiento"",""01290.90"",""Otras hortalizas frescas n.c.p."",""2010"",""2010"",""kg/ha"",""12993"",""E"",""Valor estimado"",""""";
"QCL,""Cultivos y productos de ganadería"",""032"",""Argentina"",""5510"",""Producción"",""01290.90"",""Otras hortalizas frescas n.c.p."",""2010"",""2010"",""toneladas"",""738437.79"",""I"",""Valor imputado por una agencia receptora"",""""";
"QCL,""Cultivos y productos de ganadería"",""032"",""Argentina"",""5312"",""Área cosechada"",""01290.90"",""Otras hortalizas frescas n.c.p."",""2011"",""2011"",""ha"",""57812"",""I"",""Valor imputado por una agencia receptora"",""""";
"QCL,""Cultivos y productos de ganadería"",""032"",""Argentina"",""5412"",""Rendimiento"",""01290.90"",""Otras hortalizas frescas n.c.p."",""2011"",""2011"",""kg/ha"",""13487.2"",""E"",""Valor estimado"",""""";
"QCL,""Cultivos y productos de ganadería"",""032"",""Argentina"",""5510"",""Producción"",""01290.90"",""Otras hortalizas frescas n.c.p."",""2011"",""2011"",""toneladas"",""779725.51"",""I"",""Valor imputado por una agencia receptora"",""""";
"QCL,""Cultivos y productos de ganadería"",""032"",""Argentina"",""5312"",""Área cosechada"",""01290.90"",""Otras hortalizas frescas n.c.p."",""2012"",""2012"",""ha"",""52000"",""E"",""Valor estimado"",""""";
"QCL,""Cultivos y productos de ganadería"",""032"",""Argentina"",""5412"",""Rendimiento"",""01290.90"",""Otras hortalizas frescas n.c.p."",""2012"",""2012"",""kg/ha"",""16057.7"",""E"",""Valor estimado"",""""";
"QCL,""Cultivos y productos de ganadería"",""032"",""Argentina"",""5510"",""Producción"",""01290.90"",""Otras hortalizas frescas n.c.p."",""2012"",""2012"",""toneladas"",""835000"",""E"",""Valor estimado"",""""";
"QCL,""Cultivos y productos de ganadería"",""032"",""Argentina"",""5312"",""Área cosechada"",""01290.90"",""Otras hortalizas frescas n.c.p."",""2013"",""2013"",""ha"",""60490"",""I"",""Valor imputado por una agencia receptora"",""""";
"QCL,""Cultivos y productos de ganadería"",""032"",""Argentina"",""5412"",""Rendimiento"",""01290.90"",""Otras hortalizas frescas n.c.p."",""2013"",""2013"",""kg/ha"",""14362.5"",""E"",""Valor estimado"",""""";
"QCL,""Cultivos y productos de ganadería"",""032"",""Argentina"",""5510"",""Producción"",""01290.90"",""Otras hortalizas frescas n.c.p."",""2013"",""2013"",""toneladas"",""868778.4"",""I"",""Valor imputado por una agencia receptora"",""""";
"QCL,""Cultivos y productos de ganadería"",""032"",""Argentina"",""5312"",""Área cosechada"",""01290.90"",""Otras hortalizas frescas n.c.p."",""2014"",""2014"",""ha"",""63674"",""I"",""Valor imputado por una agencia receptora"",""""";
"QCL,""Cultivos y productos de ganadería"",""032"",""Argentina"",""5412"",""Rendimiento"",""01290.90"",""Otras hortalizas frescas n.c.p."",""2014"",""2014"",""kg/ha"",""14161.8"",""E"",""Valor estimado"",""""";
"QCL,""Cultivos y productos de ganadería"",""032"",""Argentina"",""5510"",""Producción"",""01290.90"",""Otras hortalizas frescas n.c.p."",""2014"",""2014"",""toneladas"",""901745.95"",""I"",""Valor imputado por una agencia receptora"",""""";
"QCL,""Cultivos y productos de ganadería"",""032"",""Argentina"",""5312"",""Área cosechada"",""01290.90"",""Otras hortalizas frescas n.c.p."",""2015"",""2015"",""ha"",""58859"",""I"",""Valor imputado por una agencia receptora"",""""";
"QCL,""Cultivos y productos de ganadería"",""032"",""Argentina"",""5412"",""Rendimiento"",""01290.90"",""Otras hortalizas frescas n.c.p."",""2015"",""2015"",""kg/ha"",""14466.2"",""E"",""Valor estimado"",""""";
"QCL,""Cultivos y productos de ganadería"",""032"",""Argentina"",""5510"",""Producción"",""01290.90"",""Otras hortalizas frescas n.c.p."",""2015"",""2015"",""toneladas"",""851464.47"",""I"",""Valor imputado por una agencia receptora"",""""";
"QCL,""Cultivos y productos de ganadería"",""032"",""Argentina"",""5312"",""Área cosechada"",""01290.90"",""Otras hortalizas frescas n.c.p."",""2016"",""2016"",""ha"",""58445"",""I"",""Valor imputado por una agencia receptora"",""""";
"QCL,""Cultivos y productos de ganadería"",""032"",""Argentina"",""5412"",""Rendimiento"",""01290.90"",""Otras hortalizas frescas n.c.p."",""2016"",""2016"",""kg/ha"",""14557"",""E"",""Valor estimado"",""""";
"QCL,""Cultivos y productos de ganadería"",""032"",""Argentina"",""5510"",""Producción"",""01290.90"",""Otras hortalizas frescas n.c.p."",""2016"",""2016"",""toneladas"",""850783.46"",""I"",""Valor imputado por una agencia receptora"",""""";
"QCL,""Cultivos y productos de ganadería"",""032"",""Argentina"",""5312"",""Área cosechada"",""01290.90"",""Otras hortalizas frescas n.c.p."",""2017"",""2017"",""ha"",""60326"",""E"",""Valor estimado"",""""";
"QCL,""Cultivos y productos de ganadería"",""032"",""Argentina"",""5412"",""Rendimiento"",""01290.90"",""Otras hortalizas frescas n.c.p."",""2017"",""2017"",""kg/ha"",""13951.2"",""E"",""Valor estimado"",""""";
"QCL,""Cultivos y productos de ganadería"",""032"",""Argentina"",""5510"",""Producción"",""01290.90"",""Otras hortalizas frescas n.c.p."",""2017"",""2017"",""toneladas"",""841623.02"",""I"",""Valor imputado por una agencia receptora"",""""";
"QCL,""Cultivos y productos de ganadería"",""032"",""Argentina"",""5312"",""Área cosechada"",""01290.90"",""Otras hortalizas frescas n.c.p."",""2018"",""2018"",""ha"",""58830"",""I"",""Valor imputado por una agencia receptora"",""""";
"QCL,""Cultivos y productos de ganadería"",""032"",""Argentina"",""5412"",""Rendimiento"",""01290.90"",""Otras hortalizas frescas n.c.p."",""2018"",""2018"",""kg/ha"",""14217.3"",""E"",""Valor estimado"",""""";
"QCL,""Cultivos y productos de ganadería"",""032"",""Argentina"",""5510"",""Producción"",""01290.90"",""Otras hortalizas frescas n.c.p."",""2018"",""2018"",""toneladas"",""836400.68"",""I"",""Valor imputado por una agencia receptora"",""""";
"QCL,""Cultivos y productos de ganadería"",""032"",""Argentina"",""5312"",""Área cosechada"",""01290.90"",""Otras hortalizas frescas n.c.p."",""2019"",""2019"",""ha"",""57764"",""I"",""Valor imputado por una agencia receptora"",""""";
"QCL,""Cultivos y productos de ganadería"",""032"",""Argentina"",""5412"",""Rendimiento"",""01290.90"",""Otras hortalizas frescas n.c.p."",""2019"",""2019"",""kg/ha"",""14442.8"",""E"",""Valor estimado"",""""";
"QCL,""Cultivos y productos de ganadería"",""032"",""Argentina"",""5510"",""Producción"",""01290.90"",""Otras hortalizas frescas n.c.p."",""2019"",""2019"",""toneladas"",""834275.66"",""I"",""Valor imputado por una agencia receptora"",""""";
"QCL,""Cultivos y productos de ganadería"",""032"",""Argentina"",""5312"",""Área cosechada"",""01290.90"",""Otras hortalizas frescas n.c.p."",""2020"",""2020"",""ha"",""57197"",""I"",""Valor imputado por una agencia receptora"",""""";
"QCL,""Cultivos y productos de ganadería"",""032"",""Argentina"",""5412"",""Rendimiento"",""01290.90"",""Otras hortalizas frescas n.c.p."",""2020"",""2020"",""kg/ha"",""14571"",""E"",""Valor estimado"",""""";
"QCL,""Cultivos y productos de ganadería"",""032"",""Argentina"",""5510"",""Producción"",""01290.90"",""Otras hortalizas frescas n.c.p."",""2020"",""2020"",""toneladas"",""833420.16"",""I"",""Valor imputado por una agencia receptora"",""""";
"QCL,""Cultivos y productos de ganadería"",""032"",""Argentina"",""5312"",""Área cosechada"",""01290.90"",""Otras hortalizas frescas n.c.p."",""2021"",""2021"",""ha"",""57561"",""I"",""Valor imputado por una agencia receptora"",""""";
"QCL,""Cultivos y productos de ganadería"",""032"",""Argentina"",""5412"",""Rendimiento"",""01290.90"",""Otras hortalizas frescas n.c.p."",""2021"",""2021"",""kg/ha"",""14636.9"",""E"",""Valor estimado"",""""";
"QCL,""Cultivos y productos de ganadería"",""032"",""Argentina"",""5510"",""Producción"",""01290.90"",""Otras hortalizas frescas n.c.p."",""2021"",""2021"",""toneladas"",""842512.2"",""I"",""Valor imputado por una agencia receptora"",""""";
"QCL,""Cultivos y productos de ganadería"",""032"",""Argentina"",""5312"",""Área cosechada"",""01290.90"",""Otras hortalizas frescas n.c.p."",""2022"",""2022"",""ha"",""57243"",""I"",""Valor imputado por una agencia receptora"",""""";
"QCL,""Cultivos y productos de ganadería"",""032"",""Argentina"",""5412"",""Rendimiento"",""01290.90"",""Otras hortalizas frescas n.c.p."",""2022"",""2022"",""kg/ha"",""14720.1"",""E"",""Valor estimado"",""""";
"QCL,""Cultivos y productos de ganadería"",""032"",""Argentina"",""5510"",""Producción"",""01290.90"",""Otras hortalizas frescas n.c.p."",""2022"",""2022"",""toneladas"",""842619.49"",""I"",""Valor imputado por una agencia receptora"",""""";
"QCL,""Cultivos y productos de ganadería"",""032"",""Argentina"",""5312"",""Área cosechada"",""01290.90"",""Otras hortalizas frescas n.c.p."",""2023"",""2023"",""ha"",""57022"",""I"",""Valor imputado por una agencia receptora"",""""";
"QCL,""Cultivos y productos de ganadería"",""032"",""Argentina"",""5412"",""Rendimiento"",""01290.90"",""Otras hortalizas frescas n.c.p."",""2023"",""2023"",""kg/ha"",""14799.6"",""E"",""Valor estimado"",""""";
"QCL,""Cultivos y productos de ganadería"",""032"",""Argentina"",""5510"",""Producción"",""01290.90"",""Otras hortalizas frescas n.c.p."",""2023"",""2023"",""toneladas"",""843911.54"",""I"",""Valor imputado por una agencia receptora"",""""";
"QCL,""Cultivos y productos de ganadería"",""032"",""Argentina"",""5312"",""Área cosechada"",""01290.90"",""Otras hortalizas frescas n.c.p."",""2024"",""2024"",""ha"",""56810"",""I"",""Valor imputado por una agencia receptora"",""""";
"QCL,""Cultivos y productos de ganadería"",""032"",""Argentina"",""5412"",""Rendimiento"",""01290.90"",""Otras hortalizas frescas n.c.p."",""2024"",""2024"",""kg/ha"",""14879.2"",""E"",""Valor estimado"",""""";
"QCL,""Cultivos y productos de ganadería"",""032"",""Argentina"",""5510"",""Producción"",""01290.90"",""Otras hortalizas frescas n.c.p."",""2024"",""2024"",""toneladas"",""845293.65"",""I"",""Valor imputado por una agencia receptora"",""""";
"QCL,""Cultivos y productos de ganadería"",""032"",""Argentina"",""5312"",""Área cosechada"",""01241.90"",""Otras judias, verdes"",""2010"",""2010"",""ha"",""881"",""I"",""Valor imputado por una agencia receptora"",""""";
"QCL,""Cultivos y productos de ganadería"",""032"",""Argentina"",""5412"",""Rendimiento"",""01241.90"",""Otras judias, verdes"",""2010"",""2010"",""kg/ha"",""4538.6"",""E"",""Valor estimado"",""""";
"QCL,""Cultivos y productos de ganadería"",""032"",""Argentina"",""5510"",""Producción"",""01241.90"",""Otras judias, verdes"",""2010"",""2010"",""toneladas"",""4000"",""E"",""Valor estimado"",""""";
"QCL,""Cultivos y productos de ganadería"",""032"",""Argentina"",""5312"",""Área cosechada"",""01241.90"",""Otras judias, verdes"",""2011"",""2011"",""ha"",""949"",""I"",""Valor imputado por una agencia receptora"",""""";
"QCL,""Cultivos y productos de ganadería"",""032"",""Argentina"",""5412"",""Rendimiento"",""01241.90"",""Otras judias, verdes"",""2011"",""2011"",""kg/ha"",""4022"",""E"",""Valor estimado"",""""";
"QCL,""Cultivos y productos de ganadería"",""032"",""Argentina"",""5510"",""Producción"",""01241.90"",""Otras judias, verdes"",""2011"",""2011"",""toneladas"",""3816.14"",""I"",""Valor imputado por una agencia receptora"",""""";
"QCL,""Cultivos y productos de ganadería"",""032"",""Argentina"",""5312"",""Área cosechada"",""01241.90"",""Otras judias, verdes"",""2012"",""2012"",""ha"",""1050"",""E"",""Valor estimado"",""""";
"QCL,""Cultivos y productos de ganadería"",""032"",""Argentina"",""5412"",""Rendimiento"",""01241.90"",""Otras judias, verdes"",""2012"",""2012"",""kg/ha"",""3428.6"",""E"",""Valor estimado"",""""";
"QCL,""Cultivos y productos de ganadería"",""032"",""Argentina"",""5510"",""Producción"",""01241.90"",""Otras judias, verdes"",""2012"",""2012"",""toneladas"",""3600"",""E"",""Valor estimado"",""""";
"QCL,""Cultivos y productos de ganadería"",""032"",""Argentina"",""5312"",""Área cosechada"",""01241.90"",""Otras judias, verdes"",""2013"",""2013"",""ha"",""1146"",""I"",""Valor imputado por una agencia receptora"",""""";
"QCL,""Cultivos y productos de ganadería"",""032"",""Argentina"",""5412"",""Rendimiento"",""01241.90"",""Otras judias, verdes"",""2013"",""2013"",""kg/ha"",""2967.9"",""E"",""Valor estimado"",""""";
"QCL,""Cultivos y productos de ganadería"",""032"",""Argentina"",""5510"",""Producción"",""01241.90"",""Otras judias, verdes"",""2013"",""2013"",""toneladas"",""3401.54"",""I"",""Valor imputado por una agencia receptora"",""""";
"QCL,""Cultivos y productos de ganadería"",""032"",""Argentina"",""5312"",""Área cosechada"",""01241.90"",""Otras judias, verdes"",""2014"",""2014"",""ha"",""1274"",""I"",""Valor imputado por una agencia receptora"",""""";
"QCL,""Cultivos y productos de ganadería"",""032"",""Argentina"",""5412"",""Rendimiento"",""01241.90"",""Otras judias, verdes"",""2014"",""2014"",""kg/ha"",""2517.7"",""E"",""Valor estimado"",""""";
"QCL,""Cultivos y productos de ganadería"",""032"",""Argentina"",""5510"",""Producción"",""01241.90"",""Otras judias, verdes"",""2014"",""2014"",""toneladas"",""3207.52"",""I"",""Valor imputado por una agencia receptora"",""""";
"QCL,""Cultivos y productos de ganadería"",""032"",""Argentina"",""5312"",""Área cosechada"",""01241.90"",""Otras judias, verdes"",""2015"",""2015"",""ha"",""1485"",""I"",""Valor imputado por una agencia receptora"",""""";
"QCL,""Cultivos y productos de ganadería"",""032"",""Argentina"",""5412"",""Rendimiento"",""01241.90"",""Otras judias, verdes"",""2015"",""2015"",""kg/ha"",""2334.4"",""E"",""Valor estimado"",""""";
"QCL,""Cultivos y productos de ganadería"",""032"",""Argentina"",""5510"",""Producción"",""01241.90"",""Otras judias, verdes"",""2015"",""2015"",""toneladas"",""3465.55"",""I"",""Valor imputado por una agencia receptora"",""""";
"QCL,""Cultivos y productos de ganadería"",""032"",""Argentina"",""5312"",""Área cosechada"",""01241.90"",""Otras judias, verdes"",""2016"",""2016"",""ha"",""1302"",""E"",""Valor estimado"",""""";
"QCL,""Cultivos y productos de ganadería"",""032"",""Argentina"",""5412"",""Rendimiento"",""01241.90"",""Otras judias, verdes"",""2016"",""2016"",""kg/ha"",""2580.1"",""E"",""Valor estimado"",""""";
"QCL,""Cultivos y productos de ganadería"",""032"",""Argentina"",""5510"",""Producción"",""01241.90"",""Otras judias, verdes"",""2016"",""2016"",""toneladas"",""3358.2"",""E"",""Valor estimado"",""""";
"QCL,""Cultivos y productos de ganadería"",""032"",""Argentina"",""5312"",""Área cosechada"",""01241.90"",""Otras judias, verdes"",""2017"",""2017"",""ha"",""1353"",""E"",""Valor estimado"",""""";
"QCL,""Cultivos y productos de ganadería"",""032"",""Argentina"",""5412"",""Rendimiento"",""01241.90"",""Otras judias, verdes"",""2017"",""2017"",""kg/ha"",""2476.6"",""E"",""Valor estimado"",""""";
"QCL,""Cultivos y productos de ganadería"",""032"",""Argentina"",""5510"",""Producción"",""01241.90"",""Otras judias, verdes"",""2017"",""2017"",""toneladas"",""3351.75"",""I"",""Valor imputado por una agencia receptora"",""""";
"QCL,""Cultivos y productos de ganadería"",""032"",""Argentina"",""5312"",""Área cosechada"",""01241.90"",""Otras judias, verdes"",""2018"",""2018"",""ha"",""1376"",""I"",""Valor imputado por una agencia receptora"",""""";
"QCL,""Cultivos y productos de ganadería"",""032"",""Argentina"",""5412"",""Rendimiento"",""01241.90"",""Otras judias, verdes"",""2018"",""2018"",""kg/ha"",""2406.7"",""E"",""Valor estimado"",""""";
"QCL,""Cultivos y productos de ganadería"",""032"",""Argentina"",""5510"",""Producción"",""01241.90"",""Otras judias, verdes"",""2018"",""2018"",""toneladas"",""3312.25"",""I"",""Valor imputado por una agencia receptora"",""""";
"QCL,""Cultivos y productos de ganadería"",""032"",""Argentina"",""5312"",""Área cosechada"",""01241.90"",""Otras judias, verdes"",""2019"",""2019"",""ha"",""1391"",""I"",""Valor imputado por una agencia receptora"",""""";
"QCL,""Cultivos y productos de ganadería"",""032"",""Argentina"",""5412"",""Rendimiento"",""01241.90"",""Otras judias, verdes"",""2019"",""2019"",""kg/ha"",""2346.9"",""E"",""Valor estimado"",""""";
"QCL,""Cultivos y productos de ganadería"",""032"",""Argentina"",""5510"",""Producción"",""01241.90"",""Otras judias, verdes"",""2019"",""2019"",""toneladas"",""3265.1"",""I"",""Valor imputado por una agencia receptora"",""""";
"QCL,""Cultivos y productos de ganadería"",""032"",""Argentina"",""5312"",""Área cosechada"",""01241.90"",""Otras judias, verdes"",""2020"",""2020"",""ha"",""1410"",""I"",""Valor imputado por una agencia receptora"",""""";
"QCL,""Cultivos y productos de ganadería"",""032"",""Argentina"",""5412"",""Rendimiento"",""01241.90"",""Otras judias, verdes"",""2020"",""2020"",""kg/ha"",""2279.5"",""E"",""Valor estimado"",""""";
"QCL,""Cultivos y productos de ganadería"",""032"",""Argentina"",""5510"",""Producción"",""01241.90"",""Otras judias, verdes"",""2020"",""2020"",""toneladas"",""3215.23"",""I"",""Valor imputado por una agencia receptora"",""""";
"QCL,""Cultivos y productos de ganadería"",""032"",""Argentina"",""5312"",""Área cosechada"",""01241.90"",""Otras judias, verdes"",""2021"",""2021"",""ha"",""1393"",""E"",""Valor estimado"",""""";
"QCL,""Cultivos y productos de ganadería"",""032"",""Argentina"",""5412"",""Rendimiento"",""01241.90"",""Otras judias, verdes"",""2021"",""2021"",""kg/ha"",""2343.9"",""E"",""Valor estimado"",""""";
"QCL,""Cultivos y productos de ganadería"",""032"",""Argentina"",""5510"",""Producción"",""01241.90"",""Otras judias, verdes"",""2021"",""2021"",""toneladas"",""3264.19"",""E"",""Valor estimado"",""""";
"QCL,""Cultivos y productos de ganadería"",""032"",""Argentina"",""5312"",""Área cosechada"",""01241.90"",""Otras judias, verdes"",""2022"",""2022"",""ha"",""1398"",""E"",""Valor estimado"",""""";
"QCL,""Cultivos y productos de ganadería"",""032"",""Argentina"",""5412"",""Rendimiento"",""01241.90"",""Otras judias, verdes"",""2022"",""2022"",""kg/ha"",""2323.2"",""E"",""Valor estimado"",""""";
"QCL,""Cultivos y productos de ganadería"",""032"",""Argentina"",""5510"",""Producción"",""01241.90"",""Otras judias, verdes"",""2022"",""2022"",""toneladas"",""3248.17"",""E"",""Valor estimado"",""""";
"QCL,""Cultivos y productos de ganadería"",""032"",""Argentina"",""5312"",""Área cosechada"",""01241.90"",""Otras judias, verdes"",""2023"",""2023"",""ha"",""1400"",""E"",""Valor estimado"",""""";
"QCL,""Cultivos y productos de ganadería"",""032"",""Argentina"",""5412"",""Rendimiento"",""01241.90"",""Otras judias, verdes"",""2023"",""2023"",""kg/ha"",""2315.4"",""E"",""Valor estimado"",""""";
"QCL,""Cultivos y productos de ganadería"",""032"",""Argentina"",""5510"",""Producción"",""01241.90"",""Otras judias, verdes"",""2023"",""2023"",""toneladas"",""3242.53"",""E"",""Valor estimado"",""""";
"QCL,""Cultivos y productos de ganadería"",""032"",""Argentina"",""5312"",""Área cosechada"",""01241.90"",""Otras judias, verdes"",""2024"",""2024"",""ha"",""1397"",""E"",""Valor estimado"",""""";
"QCL,""Cultivos y productos de ganadería"",""032"",""Argentina"",""5412"",""Rendimiento"",""01241.90"",""Otras judias, verdes"",""2024"",""2024"",""kg/ha"",""2327.5"",""E"",""Valor estimado"",""""";
"QCL,""Cultivos y productos de ganadería"",""032"",""Argentina"",""5510"",""Producción"",""01241.90"",""Otras judias, verdes"",""2024"",""2024"",""toneladas"",""3251.63"",""E"",""Valor estimado"",""""";
"QCL,""Cultivos y productos de ganadería"",""032"",""Argentina"",""5510"",""Producción"",""01449.90"",""Otras semillas oleaginosas, n.c.p."",""2010"",""2010"",""toneladas"",""0"",""E"",""Valor estimado"",""""";
"QCL,""Cultivos y productos de ganadería"",""032"",""Argentina"",""5510"",""Producción"",""01449.90"",""Otras semillas oleaginosas, n.c.p."",""2011"",""2011"",""toneladas"",""0"",""E"",""Valor estimado"",""""";
"QCL,""Cultivos y productos de ganadería"",""032"",""Argentina"",""5510"",""Producción"",""01449.90"",""Otras semillas oleaginosas, n.c.p."",""2012"",""2012"",""toneladas"",""0"",""E"",""Valor estimado"",""""";
"QCL,""Cultivos y productos de ganadería"",""032"",""Argentina"",""5510"",""Producción"",""01449.90"",""Otras semillas oleaginosas, n.c.p."",""2013"",""2013"",""toneladas"",""0"",""E"",""Valor estimado"",""""";
"QCL,""Cultivos y productos de ganadería"",""032"",""Argentina"",""5510"",""Producción"",""01449.90"",""Otras semillas oleaginosas, n.c.p."",""2014"",""2014"",""toneladas"",""0"",""E"",""Valor estimado"",""""";
"QCL,""Cultivos y productos de ganadería"",""032"",""Argentina"",""5510"",""Producción"",""01449.90"",""Otras semillas oleaginosas, n.c.p."",""2015"",""2015"",""toneladas"","""",""M"",""Valor ausente";" los datos no pueden existir"","""""
"QCL,""Cultivos y productos de ganadería"",""032"",""Argentina"",""5510"",""Producción"",""01449.90"",""Otras semillas oleaginosas, n.c.p."",""2016"",""2016"",""toneladas"","""",""M"",""Valor ausente";" los datos no pueden existir"","""""
"QCL,""Cultivos y productos de ganadería"",""032"",""Argentina"",""5510"",""Producción"",""01449.90"",""Otras semillas oleaginosas, n.c.p."",""2017"",""2017"",""toneladas"","""",""M"",""Valor ausente";" los datos no pueden existir"","""""
"QCL,""Cultivos y productos de ganadería"",""032"",""Argentina"",""5510"",""Producción"",""01449.90"",""Otras semillas oleaginosas, n.c.p."",""2018"",""2018"",""toneladas"","""",""M"",""Valor ausente";" los datos no pueden existir"","""""
"QCL,""Cultivos y productos de ganadería"",""032"",""Argentina"",""5510"",""Producción"",""01449.90"",""Otras semillas oleaginosas, n.c.p."",""2019"",""2019"",""toneladas"","""",""M"",""Valor ausente";" los datos no pueden existir"","""""
"QCL,""Cultivos y productos de ganadería"",""032"",""Argentina"",""5510"",""Producción"",""01449.90"",""Otras semillas oleaginosas, n.c.p."",""2020"",""2020"",""toneladas"","""",""M"",""Valor ausente";" los datos no pueden existir"","""""
"QCL,""Cultivos y productos de ganadería"",""032"",""Argentina"",""5510"",""Producción"",""01449.90"",""Otras semillas oleaginosas, n.c.p."",""2021"",""2021"",""toneladas"","""",""M"",""Valor ausente";" los datos no pueden existir"","""""
"QCL,""Cultivos y productos de ganadería"",""032"",""Argentina"",""5510"",""Producción"",""01449.90"",""Otras semillas oleaginosas, n.c.p."",""2022"",""2022"",""toneladas"","""",""M"",""Valor ausente";" los datos no pueden existir"","""""
"QCL,""Cultivos y productos de ganadería"",""032"",""Argentina"",""5510"",""Producción"",""01449.90"",""Otras semillas oleaginosas, n.c.p."",""2023"",""2023"",""toneladas"","""",""M"",""Valor ausente";" los datos no pueden existir"","""""
"QCL,""Cultivos y productos de ganadería"",""032"",""Argentina"",""5510"",""Producción"",""01449.90"",""Otras semillas oleaginosas, n.c.p."",""2024"",""2024"",""toneladas"","""",""M"",""Valor ausente";" los datos no pueden existir"","""""
"QCL,""Cultivos y productos de ganadería"",""032"",""Argentina"",""5312"",""Área cosechada"",""01699"",""Otros cultivos de estimulantes, especias y plantas aromáticas, n.c.p."",""2010"",""2010"",""ha"",""1441"",""I"",""Valor imputado por una agencia receptora"",""""";
"QCL,""Cultivos y productos de ganadería"",""032"",""Argentina"",""5412"",""Rendimiento"",""01699"",""Otros cultivos de estimulantes, especias y plantas aromáticas, n.c.p."",""2010"",""2010"",""kg/ha"",""1022.3"",""E"",""Valor estimado"",""""";
"QCL,""Cultivos y productos de ganadería"",""032"",""Argentina"",""5510"",""Producción"",""01699"",""Otros cultivos de estimulantes, especias y plantas aromáticas, n.c.p."",""2010"",""2010"",""toneladas"",""1472.63"",""I"",""Valor imputado por una agencia receptora"",""""";
"QCL,""Cultivos y productos de ganadería"",""032"",""Argentina"",""5312"",""Área cosechada"",""01699"",""Otros cultivos de estimulantes, especias y plantas aromáticas, n.c.p."",""2011"",""2011"",""ha"",""1421"",""I"",""Valor imputado por una agencia receptora"",""""";
"QCL,""Cultivos y productos de ganadería"",""032"",""Argentina"",""5412"",""Rendimiento"",""01699"",""Otros cultivos de estimulantes, especias y plantas aromáticas, n.c.p."",""2011"",""2011"",""kg/ha"",""1042.8"",""E"",""Valor estimado"",""""";
"QCL,""Cultivos y productos de ganadería"",""032"",""Argentina"",""5510"",""Producción"",""01699"",""Otros cultivos de estimulantes, especias y plantas aromáticas, n.c.p."",""2011"",""2011"",""toneladas"",""1481.89"",""I"",""Valor imputado por una agencia receptora"",""""";
"QCL,""Cultivos y productos de ganadería"",""032"",""Argentina"",""5312"",""Área cosechada"",""01699"",""Otros cultivos de estimulantes, especias y plantas aromáticas, n.c.p."",""2012"",""2012"",""ha"",""1300"",""E"",""Valor estimado"",""""";
"QCL,""Cultivos y productos de ganadería"",""032"",""Argentina"",""5412"",""Rendimiento"",""01699"",""Otros cultivos de estimulantes, especias y plantas aromáticas, n.c.p."",""2012"",""2012"",""kg/ha"",""1153.8"",""E"",""Valor estimado"",""""";
"QCL,""Cultivos y productos de ganadería"",""032"",""Argentina"",""5510"",""Producción"",""01699"",""Otros cultivos de estimulantes, especias y plantas aromáticas, n.c.p."",""2012"",""2012"",""toneladas"",""1500"",""E"",""Valor estimado"",""""";
"QCL,""Cultivos y productos de ganadería"",""032"",""Argentina"",""5312"",""Área cosechada"",""01699"",""Otros cultivos de estimulantes, especias y plantas aromáticas, n.c.p."",""2013"",""2013"",""ha"",""1390"",""I"",""Valor imputado por una agencia receptora"",""""";
"QCL,""Cultivos y productos de ganadería"",""032"",""Argentina"",""5412"",""Rendimiento"",""01699"",""Otros cultivos de estimulantes, especias y plantas aromáticas, n.c.p."",""2013"",""2013"",""kg/ha"",""1075.4"",""E"",""Valor estimado"",""""";
"QCL,""Cultivos y productos de ganadería"",""032"",""Argentina"",""5510"",""Producción"",""01699"",""Otros cultivos de estimulantes, especias y plantas aromáticas, n.c.p."",""2013"",""2013"",""toneladas"",""1494.83"",""I"",""Valor imputado por una agencia receptora"",""""";
"QCL,""Cultivos y productos de ganadería"",""032"",""Argentina"",""5312"",""Área cosechada"",""01699"",""Otros cultivos de estimulantes, especias y plantas aromáticas, n.c.p."",""2014"",""2014"",""ha"",""1392"",""I"",""Valor imputado por una agencia receptora"",""""";
"QCL,""Cultivos y productos de ganadería"",""032"",""Argentina"",""5412"",""Rendimiento"",""01699"",""Otros cultivos de estimulantes, especias y plantas aromáticas, n.c.p."",""2014"",""2014"",""kg/ha"",""1070.2"",""E"",""Valor estimado"",""""";
"QCL,""Cultivos y productos de ganadería"",""032"",""Argentina"",""5510"",""Producción"",""01699"",""Otros cultivos de estimulantes, especias y plantas aromáticas, n.c.p."",""2014"",""2014"",""toneladas"",""1490.08"",""I"",""Valor imputado por una agencia receptora"",""""";
"QCL,""Cultivos y productos de ganadería"",""032"",""Argentina"",""5312"",""Área cosechada"",""01699"",""Otros cultivos de estimulantes, especias y plantas aromáticas, n.c.p."",""2015"",""2015"",""ha"",""1359"",""I"",""Valor imputado por una agencia receptora"",""""";
"QCL,""Cultivos y productos de ganadería"",""032"",""Argentina"",""5412"",""Rendimiento"",""01699"",""Otros cultivos de estimulantes, especias y plantas aromáticas, n.c.p."",""2015"",""2015"",""kg/ha"",""1102.4"",""E"",""Valor estimado"",""""";
"QCL,""Cultivos y productos de ganadería"",""032"",""Argentina"",""5510"",""Producción"",""01699"",""Otros cultivos de estimulantes, especias y plantas aromáticas, n.c.p."",""2015"",""2015"",""toneladas"",""1497.9"",""I"",""Valor imputado por una agencia receptora"",""""";
"QCL,""Cultivos y productos de ganadería"",""032"",""Argentina"",""5312"",""Área cosechada"",""01699"",""Otros cultivos de estimulantes, especias y plantas aromáticas, n.c.p."",""2016"",""2016"",""ha"",""1353"",""I"",""Valor imputado por una agencia receptora"",""""";
"QCL,""Cultivos y productos de ganadería"",""032"",""Argentina"",""5412"",""Rendimiento"",""01699"",""Otros cultivos de estimulantes, especias y plantas aromáticas, n.c.p."",""2016"",""2016"",""kg/ha"",""1109.7"",""E"",""Valor estimado"",""""";
"QCL,""Cultivos y productos de ganadería"",""032"",""Argentina"",""5510"",""Producción"",""01699"",""Otros cultivos de estimulantes, especias y plantas aromáticas, n.c.p."",""2016"",""2016"",""toneladas"",""1500.93"",""I"",""Valor imputado por una agencia receptora"",""""";
"QCL,""Cultivos y productos de ganadería"",""032"",""Argentina"",""5312"",""Área cosechada"",""01699"",""Otros cultivos de estimulantes, especias y plantas aromáticas, n.c.p."",""2017"",""2017"",""ha"",""1346"",""I"",""Valor imputado por una agencia receptora"",""""";
"QCL,""Cultivos y productos de ganadería"",""032"",""Argentina"",""5412"",""Rendimiento"",""01699"",""Otros cultivos de estimulantes, especias y plantas aromáticas, n.c.p."",""2017"",""2017"",""kg/ha"",""1117.1"",""E"",""Valor estimado"",""""";
"QCL,""Cultivos y productos de ganadería"",""032"",""Argentina"",""5510"",""Producción"",""01699"",""Otros cultivos de estimulantes, especias y plantas aromáticas, n.c.p."",""2017"",""2017"",""toneladas"",""1503.06"",""I"",""Valor imputado por una agencia receptora"",""""";
"QCL,""Cultivos y productos de ganadería"",""032"",""Argentina"",""5312"",""Área cosechada"",""01699"",""Otros cultivos de estimulantes, especias y plantas aromáticas, n.c.p."",""2018"",""2018"",""ha"",""1329"",""I"",""Valor imputado por una agencia receptora"",""""";
"QCL,""Cultivos y productos de ganadería"",""032"",""Argentina"",""5412"",""Rendimiento"",""01699"",""Otros cultivos de estimulantes, especias y plantas aromáticas, n.c.p."",""2018"",""2018"",""kg/ha"",""1132.4"",""E"",""Valor estimado"",""""";
"QCL,""Cultivos y productos de ganadería"",""032"",""Argentina"",""5510"",""Producción"",""01699"",""Otros cultivos de estimulantes, especias y plantas aromáticas, n.c.p."",""2018"",""2018"",""toneladas"",""1505.01"",""I"",""Valor imputado por una agencia receptora"",""""";
"QCL,""Cultivos y productos de ganadería"",""032"",""Argentina"",""5312"",""Área cosechada"",""01699"",""Otros cultivos de estimulantes, especias y plantas aromáticas, n.c.p."",""2019"",""2019"",""ha"",""1320"",""I"",""Valor imputado por una agencia receptora"",""""";
"QCL,""Cultivos y productos de ganadería"",""032"",""Argentina"",""5412"",""Rendimiento"",""01699"",""Otros cultivos de estimulantes, especias y plantas aromáticas, n.c.p."",""2019"",""2019"",""kg/ha"",""1147.4"",""E"",""Valor estimado"",""""";
"QCL,""Cultivos y productos de ganadería"",""032"",""Argentina"",""5510"",""Producción"",""01699"",""Otros cultivos de estimulantes, especias y plantas aromáticas, n.c.p."",""2019"",""2019"",""toneladas"",""1514.96"",""I"",""Valor imputado por una agencia receptora"",""""";
"QCL,""Cultivos y productos de ganadería"",""032"",""Argentina"",""5312"",""Área cosechada"",""01699"",""Otros cultivos de estimulantes, especias y plantas aromáticas, n.c.p."",""2020"",""2020"",""ha"",""1310"",""I"",""Valor imputado por una agencia receptora"",""""";
"QCL,""Cultivos y productos de ganadería"",""032"",""Argentina"",""5412"",""Rendimiento"",""01699"",""Otros cultivos de estimulantes, especias y plantas aromáticas, n.c.p."",""2020"",""2020"",""kg/ha"",""1162"",""E"",""Valor estimado"",""""";
"QCL,""Cultivos y productos de ganadería"",""032"",""Argentina"",""5510"",""Producción"",""01699"",""Otros cultivos de estimulantes, especias y plantas aromáticas, n.c.p."",""2020"",""2020"",""toneladas"",""1521.73"",""I"",""Valor imputado por una agencia receptora"",""""";
"QCL,""Cultivos y productos de ganadería"",""032"",""Argentina"",""5312"",""Área cosechada"",""01699"",""Otros cultivos de estimulantes, especias y plantas aromáticas, n.c.p."",""2021"",""2021"",""ha"",""1308"",""I"",""Valor imputado por una agencia receptora"",""""";
"QCL,""Cultivos y productos de ganadería"",""032"",""Argentina"",""5412"",""Rendimiento"",""01699"",""Otros cultivos de estimulantes, especias y plantas aromáticas, n.c.p."",""2021"",""2021"",""kg/ha"",""1170.5"",""E"",""Valor estimado"",""""";
"QCL,""Cultivos y productos de ganadería"",""032"",""Argentina"",""5510"",""Producción"",""01699"",""Otros cultivos de estimulantes, especias y plantas aromáticas, n.c.p."",""2021"",""2021"",""toneladas"",""1531.51"",""I"",""Valor imputado por una agencia receptora"",""""";
"QCL,""Cultivos y productos de ganadería"",""032"",""Argentina"",""5312"",""Área cosechada"",""01699"",""Otros cultivos de estimulantes, especias y plantas aromáticas, n.c.p."",""2022"",""2022"",""ha"",""1295"",""I"",""Valor imputado por una agencia receptora"",""""";
"QCL,""Cultivos y productos de ganadería"",""032"",""Argentina"",""5412"",""Rendimiento"",""01699"",""Otros cultivos de estimulantes, especias y plantas aromáticas, n.c.p."",""2022"",""2022"",""kg/ha"",""1182"",""E"",""Valor estimado"",""""";
"QCL,""Cultivos y productos de ganadería"",""032"",""Argentina"",""5510"",""Producción"",""01699"",""Otros cultivos de estimulantes, especias y plantas aromáticas, n.c.p."",""2022"",""2022"",""toneladas"",""1531.18"",""I"",""Valor imputado por una agencia receptora"",""""";
"QCL,""Cultivos y productos de ganadería"",""032"",""Argentina"",""5312"",""Área cosechada"",""01699"",""Otros cultivos de estimulantes, especias y plantas aromáticas, n.c.p."",""2023"",""2023"",""ha"",""1286"",""I"",""Valor imputado por una agencia receptora"",""""";
"QCL,""Cultivos y productos de ganadería"",""032"",""Argentina"",""5412"",""Rendimiento"",""01699"",""Otros cultivos de estimulantes, especias y plantas aromáticas, n.c.p."",""2023"",""2023"",""kg/ha"",""1193.4"",""E"",""Valor estimado"",""""";
"QCL,""Cultivos y productos de ganadería"",""032"",""Argentina"",""5510"",""Producción"",""01699"",""Otros cultivos de estimulantes, especias y plantas aromáticas, n.c.p."",""2023"",""2023"",""toneladas"",""1535.14"",""I"",""Valor imputado por una agencia receptora"",""""";
"QCL,""Cultivos y productos de ganadería"",""032"",""Argentina"",""5312"",""Área cosechada"",""01699"",""Otros cultivos de estimulantes, especias y plantas aromáticas, n.c.p."",""2024"",""2024"",""ha"",""1277"",""I"",""Valor imputado por una agencia receptora"",""""";
"QCL,""Cultivos y productos de ganadería"",""032"",""Argentina"",""5412"",""Rendimiento"",""01699"",""Otros cultivos de estimulantes, especias y plantas aromáticas, n.c.p."",""2024"",""2024"",""kg/ha"",""1204.8"",""E"",""Valor estimado"",""""";
"QCL,""Cultivos y productos de ganadería"",""032"",""Argentina"",""5510"",""Producción"",""01699"",""Otros cultivos de estimulantes, especias y plantas aromáticas, n.c.p."",""2024"",""2024"",""toneladas"",""1539.1"",""I"",""Valor imputado por una agencia receptora"",""""";
"QCL,""Cultivos y productos de ganadería"",""032"",""Argentina"",""5312"",""Área cosechada"",""01510"",""Papas, patatas"",""2010"",""2010"",""ha"",""67896"",""I"",""Valor imputado por una agencia receptora"",""""";
"QCL,""Cultivos y productos de ganadería"",""032"",""Argentina"",""5412"",""Rendimiento"",""01510"",""Papas, patatas"",""2010"",""2010"",""kg/ha"",""29620.3"",""E"",""Valor estimado"",""""";
"QCL,""Cultivos y productos de ganadería"",""032"",""Argentina"",""5510"",""Producción"",""01510"",""Papas, patatas"",""2010"",""2010"",""toneladas"",""2011097.39"",""I"",""Valor imputado por una agencia receptora"",""""";
"QCL,""Cultivos y productos de ganadería"",""032"",""Argentina"",""5312"",""Área cosechada"",""01510"",""Papas, patatas"",""2011"",""2011"",""ha"",""68923"",""I"",""Valor imputado por una agencia receptora"",""""";
"QCL,""Cultivos y productos de ganadería"",""032"",""Argentina"",""5412"",""Rendimiento"",""01510"",""Papas, patatas"",""2011"",""2011"",""kg/ha"",""29864.9"",""E"",""Valor estimado"",""""";
"QCL,""Cultivos y productos de ganadería"",""032"",""Argentina"",""5510"",""Producción"",""01510"",""Papas, patatas"",""2011"",""2011"",""toneladas"",""2058375.56"",""I"",""Valor imputado por una agencia receptora"",""""";
"QCL,""Cultivos y productos de ganadería"",""032"",""Argentina"",""5312"",""Área cosechada"",""01510"",""Papas, patatas"",""2012"",""2012"",""ha"",""70710"",""I"",""Valor imputado por una agencia receptora"",""""";
"QCL,""Cultivos y productos de ganadería"",""032"",""Argentina"",""5412"",""Rendimiento"",""01510"",""Papas, patatas"",""2012"",""2012"",""kg/ha"",""30396.7"",""E"",""Valor estimado"",""""";
"QCL,""Cultivos y productos de ganadería"",""032"",""Argentina"",""5510"",""Producción"",""01510"",""Papas, patatas"",""2012"",""2012"",""toneladas"",""2149333.01"",""I"",""Valor imputado por una agencia receptora"",""""";
"QCL,""Cultivos y productos de ganadería"",""032"",""Argentina"",""5312"",""Área cosechada"",""01510"",""Papas, patatas"",""2013"",""2013"",""ha"",""71954"",""I"",""Valor imputado por una agencia receptora"",""""";
"QCL,""Cultivos y productos de ganadería"",""032"",""Argentina"",""5412"",""Rendimiento"",""01510"",""Papas, patatas"",""2013"",""2013"",""kg/ha"",""30735.7"",""E"",""Valor estimado"",""""";
"QCL,""Cultivos y productos de ganadería"",""032"",""Argentina"",""5510"",""Producción"",""01510"",""Papas, patatas"",""2013"",""2013"",""toneladas"",""2211553.96"",""I"",""Valor imputado por una agencia receptora"",""""";
"QCL,""Cultivos y productos de ganadería"",""032"",""Argentina"",""5312"",""Área cosechada"",""01510"",""Papas, patatas"",""2014"",""2014"",""ha"",""72922"",""I"",""Valor imputado por una agencia receptora"",""""";
"QCL,""Cultivos y productos de ganadería"",""032"",""Argentina"",""5412"",""Rendimiento"",""01510"",""Papas, patatas"",""2014"",""2014"",""kg/ha"",""31057.7"",""E"",""Valor estimado"",""""";
"QCL,""Cultivos y productos de ganadería"",""032"",""Argentina"",""5510"",""Producción"",""01510"",""Papas, patatas"",""2014"",""2014"",""toneladas"",""2264803.89"",""I"",""Valor imputado por una agencia receptora"",""""";
"QCL,""Cultivos y productos de ganadería"",""032"",""Argentina"",""5312"",""Área cosechada"",""01510"",""Papas, patatas"",""2015"",""2015"",""ha"",""74338"",""I"",""Valor imputado por una agencia receptora"",""""";
"QCL,""Cultivos y productos de ganadería"",""032"",""Argentina"",""5412"",""Rendimiento"",""01510"",""Papas, patatas"",""2015"",""2015"",""kg/ha"",""31342.5"",""E"",""Valor estimado"",""""";
"QCL,""Cultivos y productos de ganadería"",""032"",""Argentina"",""5510"",""Producción"",""01510"",""Papas, patatas"",""2015"",""2015"",""toneladas"",""2329939.06"",""I"",""Valor imputado por una agencia receptora"",""""";
"QCL,""Cultivos y productos de ganadería"",""032"",""Argentina"",""5312"",""Área cosechada"",""01510"",""Papas, patatas"",""2016"",""2016"",""ha"",""75500"",""A"",""Valor oficial"",""""";
"QCL,""Cultivos y productos de ganadería"",""032"",""Argentina"",""5412"",""Rendimiento"",""01510"",""Papas, patatas"",""2016"",""2016"",""kg/ha"",""32196.9"",""A"",""Valor oficial"",""""";
"QCL,""Cultivos y productos de ganadería"",""032"",""Argentina"",""5510"",""Producción"",""01510"",""Papas, patatas"",""2016"",""2016"",""toneladas"",""2430866"",""A"",""Valor oficial"",""""";
"QCL,""Cultivos y productos de ganadería"",""032"",""Argentina"",""5312"",""Área cosechada"",""01510"",""Papas, patatas"",""2017"",""2017"",""ha"",""74845"",""I"",""Valor imputado por una agencia receptora"",""""";
"QCL,""Cultivos y productos de ganadería"",""032"",""Argentina"",""5412"",""Rendimiento"",""01510"",""Papas, patatas"",""2017"",""2017"",""kg/ha"",""32858.6"",""E"",""Valor estimado"",""""";
"QCL,""Cultivos y productos de ganadería"",""032"",""Argentina"",""5510"",""Producción"",""01510"",""Papas, patatas"",""2017"",""2017"",""toneladas"",""2459310.23"",""I"",""Valor imputado por una agencia receptora"",""""";
"QCL,""Cultivos y productos de ganadería"",""032"",""Argentina"",""5312"",""Área cosechada"",""01510"",""Papas, patatas"",""2018"",""2018"",""ha"",""74231"",""I"",""Valor imputado por una agencia receptora"",""""";
"QCL,""Cultivos y productos de ganadería"",""032"",""Argentina"",""5412"",""Rendimiento"",""01510"",""Papas, patatas"",""2018"",""2018"",""kg/ha"",""33460"",""E"",""Valor estimado"",""""";
"QCL,""Cultivos y productos de ganadería"",""032"",""Argentina"",""5510"",""Producción"",""01510"",""Papas, patatas"",""2018"",""2018"",""toneladas"",""2483769.25"",""I"",""Valor imputado por una agencia receptora"",""""";
"QCL,""Cultivos y productos de ganadería"",""032"",""Argentina"",""5312"",""Área cosechada"",""01510"",""Papas, patatas"",""2019"",""2019"",""ha"",""76171"",""I"",""Valor imputado por una agencia receptora"",""""";
"QCL,""Cultivos y productos de ganadería"",""032"",""Argentina"",""5412"",""Rendimiento"",""01510"",""Papas, patatas"",""2019"",""2019"",""kg/ha"",""34133.6"",""E"",""Valor estimado"",""""";
"QCL,""Cultivos y productos de ganadería"",""032"",""Argentina"",""5510"",""Producción"",""01510"",""Papas, patatas"",""2019"",""2019"",""toneladas"",""2600000"",""E"",""Valor estimado"",""""";
"QCL,""Cultivos y productos de ganadería"",""032"",""Argentina"",""5312"",""Área cosechada"",""01510"",""Papas, patatas"",""2020"",""2020"",""ha"",""79940"",""A"",""Valor oficial"",""""";
"QCL,""Cultivos y productos de ganadería"",""032"",""Argentina"",""5412"",""Rendimiento"",""01510"",""Papas, patatas"",""2020"",""2020"",""kg/ha"",""36077.1"",""A"",""Valor oficial"",""""";
"QCL,""Cultivos y productos de ganadería"",""032"",""Argentina"",""5510"",""Producción"",""01510"",""Papas, patatas"",""2020"",""2020"",""toneladas"",""2884000"",""A"",""Valor oficial"",""""";
"QCL,""Cultivos y productos de ganadería"",""032"",""Argentina"",""5312"",""Área cosechada"",""01510"",""Papas, patatas"",""2021"",""2021"",""ha"",""86222"",""I"",""Valor imputado por una agencia receptora"",""""";
"QCL,""Cultivos y productos de ganadería"",""032"",""Argentina"",""5412"",""Rendimiento"",""01510"",""Papas, patatas"",""2021"",""2021"",""kg/ha"",""34790.9"",""E"",""Valor estimado"",""""";
"QCL,""Cultivos y productos de ganadería"",""032"",""Argentina"",""5510"",""Producción"",""01510"",""Papas, patatas"",""2021"",""2021"",""toneladas"",""2999743.98"",""I"",""Valor imputado por una agencia receptora"",""""";
"QCL,""Cultivos y productos de ganadería"",""032"",""Argentina"",""5312"",""Área cosechada"",""01510"",""Papas, patatas"",""2022"",""2022"",""ha"",""64306"",""I"",""Valor imputado por una agencia receptora"",""""";
"QCL,""Cultivos y productos de ganadería"",""032"",""Argentina"",""5412"",""Rendimiento"",""01510"",""Papas, patatas"",""2022"",""2022"",""kg/ha"",""35131.1"",""E"",""Valor estimado"",""""";
"QCL,""Cultivos y productos de ganadería"",""032"",""Argentina"",""5510"",""Producción"",""01510"",""Papas, patatas"",""2022"",""2022"",""toneladas"",""2259130.89"",""I"",""Valor imputado por una agencia receptora"",""""";
"QCL,""Cultivos y productos de ganadería"",""032"",""Argentina"",""5312"",""Área cosechada"",""01510"",""Papas, patatas"",""2023"",""2023"",""ha"",""60695"",""I"",""Valor imputado por una agencia receptora"",""""";
"QCL,""Cultivos y productos de ganadería"",""032"",""Argentina"",""5412"",""Rendimiento"",""01510"",""Papas, patatas"",""2023"",""2023"",""kg/ha"",""35366.9"",""E"",""Valor estimado"",""""";
"QCL,""Cultivos y productos de ganadería"",""032"",""Argentina"",""5510"",""Producción"",""01510"",""Papas, patatas"",""2023"",""2023"",""toneladas"",""2146599.08"",""I"",""Valor imputado por una agencia receptora"",""""";
"QCL,""Cultivos y productos de ganadería"",""032"",""Argentina"",""5312"",""Área cosechada"",""01510"",""Papas, patatas"",""2024"",""2024"",""ha"",""59019"",""I"",""Valor imputado por una agencia receptora"",""""";
"QCL,""Cultivos y productos de ganadería"",""032"",""Argentina"",""5412"",""Rendimiento"",""01510"",""Papas, patatas"",""2024"",""2024"",""kg/ha"",""35777.5"",""E"",""Valor estimado"",""""";
"QCL,""Cultivos y productos de ganadería"",""032"",""Argentina"",""5510"",""Producción"",""01510"",""Papas, patatas"",""2024"",""2024"",""toneladas"",""2111561.21"",""I"",""Valor imputado por una agencia receptora"",""""";
"QCL,""Cultivos y productos de ganadería"",""032"",""Argentina"",""5312"",""Área cosechada"",""01317"",""Papayas"",""2010"",""2010"",""ha"",""171"",""I"",""Valor imputado por una agencia receptora"",""""";
"QCL,""Cultivos y productos de ganadería"",""032"",""Argentina"",""5412"",""Rendimiento"",""01317"",""Papayas"",""2010"",""2010"",""kg/ha"",""12630.1"",""E"",""Valor estimado"",""""";
"QCL,""Cultivos y productos de ganadería"",""032"",""Argentina"",""5510"",""Producción"",""01317"",""Papayas"",""2010"",""2010"",""toneladas"",""2160.59"",""I"",""Valor imputado por una agencia receptora"",""""";
"QCL,""Cultivos y productos de ganadería"",""032"",""Argentina"",""5312"",""Área cosechada"",""01317"",""Papayas"",""2011"",""2011"",""ha"",""172"",""I"",""Valor imputado por una agencia receptora"",""""";
"QCL,""Cultivos y productos de ganadería"",""032"",""Argentina"",""5412"",""Rendimiento"",""01317"",""Papayas"",""2011"",""2011"",""kg/ha"",""12425.3"",""E"",""Valor estimado"",""""";
"QCL,""Cultivos y productos de ganadería"",""032"",""Argentina"",""5510"",""Producción"",""01317"",""Papayas"",""2011"",""2011"",""toneladas"",""2140.1"",""I"",""Valor imputado por una agencia receptora"",""""";
"QCL,""Cultivos y productos de ganadería"",""032"",""Argentina"",""5312"",""Área cosechada"",""01317"",""Papayas"",""2012"",""2012"",""ha"",""180"",""E"",""Valor estimado"",""""";
"QCL,""Cultivos y productos de ganadería"",""032"",""Argentina"",""5412"",""Rendimiento"",""01317"",""Papayas"",""2012"",""2012"",""kg/ha"",""11111.1"",""E"",""Valor estimado"",""""";
"QCL,""Cultivos y productos de ganadería"",""032"",""Argentina"",""5510"",""Producción"",""01317"",""Papayas"",""2012"",""2012"",""toneladas"",""2000"",""E"",""Valor estimado"",""""";
"QCL,""Cultivos y productos de ganadería"",""032"",""Argentina"",""5312"",""Área cosechada"",""01317"",""Papayas"",""2013"",""2013"",""ha"",""178"",""I"",""Valor imputado por una agencia receptora"",""""";
"QCL,""Cultivos y productos de ganadería"",""032"",""Argentina"",""5412"",""Rendimiento"",""01317"",""Papayas"",""2013"",""2013"",""kg/ha"",""11999.4"",""E"",""Valor estimado"",""""";
"QCL,""Cultivos y productos de ganadería"",""032"",""Argentina"",""5510"",""Producción"",""01317"",""Papayas"",""2013"",""2013"",""toneladas"",""2139.62"",""I"",""Valor imputado por una agencia receptora"",""""";
"QCL,""Cultivos y productos de ganadería"",""032"",""Argentina"",""5312"",""Área cosechada"",""01317"",""Papayas"",""2014"",""2014"",""ha"",""186"",""I"",""Valor imputado por una agencia receptora"",""""";
"QCL,""Cultivos y productos de ganadería"",""032"",""Argentina"",""5412"",""Rendimiento"",""01317"",""Papayas"",""2014"",""2014"",""kg/ha"",""11879"",""E"",""Valor estimado"",""""";
"QCL,""Cultivos y productos de ganadería"",""032"",""Argentina"",""5510"",""Producción"",""01317"",""Papayas"",""2014"",""2014"",""toneladas"",""2208.18"",""I"",""Valor imputado por una agencia receptora"",""""";
"QCL,""Cultivos y productos de ganadería"",""032"",""Argentina"",""5312"",""Área cosechada"",""01317"",""Papayas"",""2015"",""2015"",""ha"",""190"",""I"",""Valor imputado por una agencia receptora"",""""";
"QCL,""Cultivos y productos de ganadería"",""032"",""Argentina"",""5412"",""Rendimiento"",""01317"",""Papayas"",""2015"",""2015"",""kg/ha"",""11572.8"",""E"",""Valor estimado"",""""";
"QCL,""Cultivos y productos de ganadería"",""032"",""Argentina"",""5510"",""Producción"",""01317"",""Papayas"",""2015"",""2015"",""toneladas"",""2200.56"",""I"",""Valor imputado por una agencia receptora"",""""";
"QCL,""Cultivos y productos de ganadería"",""032"",""Argentina"",""5312"",""Área cosechada"",""01317"",""Papayas"",""2016"",""2016"",""ha"",""193"",""I"",""Valor imputado por una agencia receptora"",""""";
"QCL,""Cultivos y productos de ganadería"",""032"",""Argentina"",""5412"",""Rendimiento"",""01317"",""Papayas"",""2016"",""2016"",""kg/ha"",""11423.7"",""E"",""Valor estimado"",""""";
"QCL,""Cultivos y productos de ganadería"",""032"",""Argentina"",""5510"",""Producción"",""01317"",""Papayas"",""2016"",""2016"",""toneladas"",""2206.85"",""I"",""Valor imputado por una agencia receptora"",""""";
"QCL,""Cultivos y productos de ganadería"",""032"",""Argentina"",""5312"",""Área cosechada"",""01317"",""Papayas"",""2017"",""2017"",""ha"",""196"",""I"",""Valor imputado por una agencia receptora"",""""";
"QCL,""Cultivos y productos de ganadería"",""032"",""Argentina"",""5412"",""Rendimiento"",""01317"",""Papayas"",""2017"",""2017"",""kg/ha"",""11277.8"",""E"",""Valor estimado"",""""";
"QCL,""Cultivos y productos de ganadería"",""032"",""Argentina"",""5510"",""Producción"",""01317"",""Papayas"",""2017"",""2017"",""toneladas"",""2212.53"",""I"",""Valor imputado por una agencia receptora"",""""";
"QCL,""Cultivos y productos de ganadería"",""032"",""Argentina"",""5312"",""Área cosechada"",""01317"",""Papayas"",""2018"",""2018"",""ha"",""200"",""I"",""Valor imputado por una agencia receptora"",""""";
"QCL,""Cultivos y productos de ganadería"",""032"",""Argentina"",""5412"",""Rendimiento"",""01317"",""Papayas"",""2018"",""2018"",""kg/ha"",""11057.3"",""E"",""Valor estimado"",""""";
"QCL,""Cultivos y productos de ganadería"",""032"",""Argentina"",""5510"",""Producción"",""01317"",""Papayas"",""2018"",""2018"",""toneladas"",""2216.76"",""I"",""Valor imputado por una agencia receptora"",""""";
"QCL,""Cultivos y productos de ganadería"",""032"",""Argentina"",""5312"",""Área cosechada"",""01317"",""Papayas"",""2019"",""2019"",""ha"",""205"",""I"",""Valor imputado por una agencia receptora"",""""";
"QCL,""Cultivos y productos de ganadería"",""032"",""Argentina"",""5412"",""Rendimiento"",""01317"",""Papayas"",""2019"",""2019"",""kg/ha"",""10830.6"",""E"",""Valor estimado"",""""";
"QCL,""Cultivos y productos de ganadería"",""032"",""Argentina"",""5510"",""Producción"",""01317"",""Papayas"",""2019"",""2019"",""toneladas"",""2220.95"",""I"",""Valor imputado por una agencia receptora"",""""";
"QCL,""Cultivos y productos de ganadería"",""032"",""Argentina"",""5312"",""Área cosechada"",""01317"",""Papayas"",""2020"",""2020"",""ha"",""201"",""E"",""Valor estimado"",""""";
"QCL,""Cultivos y productos de ganadería"",""032"",""Argentina"",""5412"",""Rendimiento"",""01317"",""Papayas"",""2020"",""2020"",""kg/ha"",""11079.9"",""E"",""Valor estimado"",""""";
"QCL,""Cultivos y productos de ganadería"",""032"",""Argentina"",""5510"",""Producción"",""01317"",""Papayas"",""2020"",""2020"",""toneladas"",""2222.37"",""I"",""Valor imputado por una agencia receptora"",""""";
"QCL,""Cultivos y productos de ganadería"",""032"",""Argentina"",""5312"",""Área cosechada"",""01317"",""Papayas"",""2021"",""2021"",""ha"",""202"",""E"",""Valor estimado"",""""";
"QCL,""Cultivos y productos de ganadería"",""032"",""Argentina"",""5412"",""Rendimiento"",""01317"",""Papayas"",""2021"",""2021"",""kg/ha"",""10950"",""E"",""Valor estimado"",""""";
"QCL,""Cultivos y productos de ganadería"",""032"",""Argentina"",""5510"",""Producción"",""01317"",""Papayas"",""2021"",""2021"",""toneladas"",""2212.32"",""I"",""Valor imputado por una agencia receptora"",""""";
"QCL,""Cultivos y productos de ganadería"",""032"",""Argentina"",""5312"",""Área cosechada"",""01317"",""Papayas"",""2022"",""2022"",""ha"",""203"",""E"",""Valor estimado"",""""";
"QCL,""Cultivos y productos de ganadería"",""032"",""Argentina"",""5412"",""Rendimiento"",""01317"",""Papayas"",""2022"",""2022"",""kg/ha"",""10891.2"",""E"",""Valor estimado"",""""";
"QCL,""Cultivos y productos de ganadería"",""032"",""Argentina"",""5510"",""Producción"",""01317"",""Papayas"",""2022"",""2022"",""toneladas"",""2206.1"",""I"",""Valor imputado por una agencia receptora"",""""";
"QCL,""Cultivos y productos de ganadería"",""032"",""Argentina"",""5312"",""Área cosechada"",""01317"",""Papayas"",""2023"",""2023"",""ha"",""202"",""E"",""Valor estimado"",""""";
"QCL,""Cultivos y productos de ganadería"",""032"",""Argentina"",""5412"",""Rendimiento"",""01317"",""Papayas"",""2023"",""2023"",""kg/ha"",""10946.6"",""E"",""Valor estimado"",""""";
"QCL,""Cultivos y productos de ganadería"",""032"",""Argentina"",""5510"",""Producción"",""01317"",""Papayas"",""2023"",""2023"",""toneladas"",""2208.21"",""I"",""Valor imputado por una agencia receptora"",""""";
"QCL,""Cultivos y productos de ganadería"",""032"",""Argentina"",""5312"",""Área cosechada"",""01317"",""Papayas"",""2024"",""2024"",""ha"",""202"",""E"",""Valor estimado"",""""";
"QCL,""Cultivos y productos de ganadería"",""032"",""Argentina"",""5412"",""Rendimiento"",""01317"",""Papayas"",""2024"",""2024"",""kg/ha"",""10936.3"",""E"",""Valor estimado"",""""";
"QCL,""Cultivos y productos de ganadería"",""032"",""Argentina"",""5510"",""Producción"",""01317"",""Papayas"",""2024"",""2024"",""toneladas"",""2210.31"",""I"",""Valor imputado por una agencia receptora"",""""";
"QCL,""Cultivos y productos de ganadería"",""032"",""Argentina"",""5312"",""Área cosechada"",""01342.01"",""Peras"",""2010"",""2010"",""ha"",""20258"",""I"",""Valor imputado por una agencia receptora"",""""";
"QCL,""Cultivos y productos de ganadería"",""032"",""Argentina"",""5412"",""Rendimiento"",""01342.01"",""Peras"",""2010"",""2010"",""kg/ha"",""33073.4"",""E"",""Valor estimado"",""""";
"QCL,""Cultivos y productos de ganadería"",""032"",""Argentina"",""5510"",""Producción"",""01342.01"",""Peras"",""2010"",""2010"",""toneladas"",""670000"",""A"",""Valor oficial"",""""";
"QCL,""Cultivos y productos de ganadería"",""032"",""Argentina"",""5312"",""Área cosechada"",""01342.01"",""Peras"",""2011"",""2011"",""ha"",""24236"",""I"",""Valor imputado por una agencia receptora"",""""";
"QCL,""Cultivos y productos de ganadería"",""032"",""Argentina"",""5412"",""Rendimiento"",""01342.01"",""Peras"",""2011"",""2011"",""kg/ha"",""33529.7"",""E"",""Valor estimado"",""""";
"QCL,""Cultivos y productos de ganadería"",""032"",""Argentina"",""5510"",""Producción"",""01342.01"",""Peras"",""2011"",""2011"",""toneladas"",""812633"",""A"",""Valor oficial"",""""";
"QCL,""Cultivos y productos de ganadería"",""032"",""Argentina"",""5312"",""Área cosechada"",""01342.01"",""Peras"",""2012"",""2012"",""ha"",""24284"",""I"",""Valor imputado por una agencia receptora"",""""";
"QCL,""Cultivos y productos de ganadería"",""032"",""Argentina"",""5412"",""Rendimiento"",""01342.01"",""Peras"",""2012"",""2012"",""kg/ha"",""33978.1"",""E"",""Valor estimado"",""""";
"QCL,""Cultivos y productos de ganadería"",""032"",""Argentina"",""5510"",""Producción"",""01342.01"",""Peras"",""2012"",""2012"",""toneladas"",""825115"",""A"",""Valor oficial"",""""";
"QCL,""Cultivos y productos de ganadería"",""032"",""Argentina"",""5312"",""Área cosechada"",""01342.01"",""Peras"",""2013"",""2013"",""ha"",""27000"",""X"",""Valor de fuente externa"",""Cifras no oficiales""";
"QCL,""Cultivos y productos de ganadería"",""032"",""Argentina"",""5412"",""Rendimiento"",""01342.01"",""Peras"",""2013"",""2013"",""kg/ha"",""32963"",""E"",""Valor estimado"",""""";
"QCL,""Cultivos y productos de ganadería"",""032"",""Argentina"",""5510"",""Producción"",""01342.01"",""Peras"",""2013"",""2013"",""toneladas"",""890000"",""A"",""Valor oficial"",""""";
"QCL,""Cultivos y productos de ganadería"",""032"",""Argentina"",""5312"",""Área cosechada"",""01342.01"",""Peras"",""2014"",""2014"",""ha"",""23550"",""I"",""Valor imputado por una agencia receptora"",""""";
"QCL,""Cultivos y productos de ganadería"",""032"",""Argentina"",""5412"",""Rendimiento"",""01342.01"",""Peras"",""2014"",""2014"",""kg/ha"",""29895.1"",""E"",""Valor estimado"",""""";
"QCL,""Cultivos y productos de ganadería"",""032"",""Argentina"",""5510"",""Producción"",""01342.01"",""Peras"",""2014"",""2014"",""toneladas"",""704019"",""A"",""Valor oficial"",""""";
"QCL,""Cultivos y productos de ganadería"",""032"",""Argentina"",""5312"",""Área cosechada"",""01342.01"",""Peras"",""2015"",""2015"",""ha"",""22922"",""I"",""Valor imputado por una agencia receptora"",""""";
"QCL,""Cultivos y productos de ganadería"",""032"",""Argentina"",""5412"",""Rendimiento"",""01342.01"",""Peras"",""2015"",""2015"",""kg/ha"",""27017.6"",""E"",""Valor estimado"",""""";
"QCL,""Cultivos y productos de ganadería"",""032"",""Argentina"",""5510"",""Producción"",""01342.01"",""Peras"",""2015"",""2015"",""toneladas"",""619305"",""A"",""Valor oficial"",""""";
"QCL,""Cultivos y productos de ganadería"",""032"",""Argentina"",""5312"",""Área cosechada"",""01342.01"",""Peras"",""2016"",""2016"",""ha"",""22169"",""A"",""Valor oficial"",""""";
"QCL,""Cultivos y productos de ganadería"",""032"",""Argentina"",""5412"",""Rendimiento"",""01342.01"",""Peras"",""2016"",""2016"",""kg/ha"",""23565.1"",""A"",""Valor oficial"",""""";
"QCL,""Cultivos y productos de ganadería"",""032"",""Argentina"",""5510"",""Producción"",""01342.01"",""Peras"",""2016"",""2016"",""toneladas"",""522414"",""A"",""Valor oficial"",""""";
"QCL,""Cultivos y productos de ganadería"",""032"",""Argentina"",""5312"",""Área cosechada"",""01342.01"",""Peras"",""2017"",""2017"",""ha"",""20879"",""A"",""Valor oficial"",""""";
"QCL,""Cultivos y productos de ganadería"",""032"",""Argentina"",""5412"",""Rendimiento"",""01342.01"",""Peras"",""2017"",""2017"",""kg/ha"",""24797.8"",""A"",""Valor oficial"",""""";
"QCL,""Cultivos y productos de ganadería"",""032"",""Argentina"",""5510"",""Producción"",""01342.01"",""Peras"",""2017"",""2017"",""toneladas"",""517754"",""A"",""Valor oficial"",""""";
"QCL,""Cultivos y productos de ganadería"",""032"",""Argentina"",""5312"",""Área cosechada"",""01342.01"",""Peras"",""2018"",""2018"",""ha"",""24553"",""A"",""Valor oficial"",""""";
"QCL,""Cultivos y productos de ganadería"",""032"",""Argentina"",""5412"",""Rendimiento"",""01342.01"",""Peras"",""2018"",""2018"",""kg/ha"",""23039.8"",""A"",""Valor oficial"",""""";
"QCL,""Cultivos y productos de ganadería"",""032"",""Argentina"",""5510"",""Producción"",""01342.01"",""Peras"",""2018"",""2018"",""toneladas"",""565697"",""A"",""Valor oficial"",""""";
"QCL,""Cultivos y productos de ganadería"",""032"",""Argentina"",""5312"",""Área cosechada"",""01342.01"",""Peras"",""2019"",""2019"",""ha"",""20432"",""A"",""Valor oficial"",""""";
"QCL,""Cultivos y productos de ganadería"",""032"",""Argentina"",""5412"",""Rendimiento"",""01342.01"",""Peras"",""2019"",""2019"",""kg/ha"",""29079"",""A"",""Valor oficial"",""""";
"QCL,""Cultivos y productos de ganadería"",""032"",""Argentina"",""5510"",""Producción"",""01342.01"",""Peras"",""2019"",""2019"",""toneladas"",""594143"",""A"",""Valor oficial"",""""";
"QCL,""Cultivos y productos de ganadería"",""032"",""Argentina"",""5312"",""Área cosechada"",""01342.01"",""Peras"",""2020"",""2020"",""ha"",""20476"",""A"",""Valor oficial"",""""";
"QCL,""Cultivos y productos de ganadería"",""032"",""Argentina"",""5412"",""Rendimiento"",""01342.01"",""Peras"",""2020"",""2020"",""kg/ha"",""32184"",""A"",""Valor oficial"",""""";
"QCL,""Cultivos y productos de ganadería"",""032"",""Argentina"",""5510"",""Producción"",""01342.01"",""Peras"",""2020"",""2020"",""toneladas"",""659000"",""A"",""Valor oficial"",""""";
"QCL,""Cultivos y productos de ganadería"",""032"",""Argentina"",""5312"",""Área cosechada"",""01342.01"",""Peras"",""2021"",""2021"",""ha"",""20331"",""A"",""Valor oficial"",""""";
"QCL,""Cultivos y productos de ganadería"",""032"",""Argentina"",""5412"",""Rendimiento"",""01342.01"",""Peras"",""2021"",""2021"",""kg/ha"",""31183.9"",""A"",""Valor oficial"",""""";
"QCL,""Cultivos y productos de ganadería"",""032"",""Argentina"",""5510"",""Producción"",""01342.01"",""Peras"",""2021"",""2021"",""toneladas"",""634000"",""A"",""Valor oficial"",""""";
"QCL,""Cultivos y productos de ganadería"",""032"",""Argentina"",""5312"",""Área cosechada"",""01342.01"",""Peras"",""2022"",""2022"",""ha"",""19948"",""A"",""Valor oficial"",""""";
"QCL,""Cultivos y productos de ganadería"",""032"",""Argentina"",""5412"",""Rendimiento"",""01342.01"",""Peras"",""2022"",""2022"",""kg/ha"",""28385.2"",""A"",""Valor oficial"",""""";
"QCL,""Cultivos y productos de ganadería"",""032"",""Argentina"",""5510"",""Producción"",""01342.01"",""Peras"",""2022"",""2022"",""toneladas"",""566227"",""A"",""Valor oficial"",""""";
"QCL,""Cultivos y productos de ganadería"",""032"",""Argentina"",""5312"",""Área cosechada"",""01342.01"",""Peras"",""2023"",""2023"",""ha"",""19526"",""A"",""Valor oficial"",""""";
"QCL,""Cultivos y productos de ganadería"",""032"",""Argentina"",""5412"",""Rendimiento"",""01342.01"",""Peras"",""2023"",""2023"",""kg/ha"",""33485.5"",""A"",""Valor oficial"",""""";
"QCL,""Cultivos y productos de ganadería"",""032"",""Argentina"",""5510"",""Producción"",""01342.01"",""Peras"",""2023"",""2023"",""toneladas"",""653838"",""A"",""Valor oficial"",""""";
"QCL,""Cultivos y productos de ganadería"",""032"",""Argentina"",""5312"",""Área cosechada"",""01342.01"",""Peras"",""2024"",""2024"",""ha"",""19900"",""E"",""Valor estimado"",""""";
"QCL,""Cultivos y productos de ganadería"",""032"",""Argentina"",""5412"",""Rendimiento"",""01342.01"",""Peras"",""2024"",""2024"",""kg/ha"",""33698.1"",""E"",""Valor estimado"",""""";
"QCL,""Cultivos y productos de ganadería"",""032"",""Argentina"",""5510"",""Producción"",""01342.01"",""Peras"",""2024"",""2024"",""toneladas"",""670592.42"",""I"",""Valor imputado por una agencia receptora"",""""";
"QCL,""Cultivos y productos de ganadería"",""032"",""Argentina"",""5312"",""Área cosechada"",""01318"",""Piña tropical"",""2010"",""2010"",""ha"",""178"",""I"",""Valor imputado por una agencia receptora"",""""";
"QCL,""Cultivos y productos de ganadería"",""032"",""Argentina"",""5412"",""Rendimiento"",""01318"",""Piña tropical"",""2010"",""2010"",""kg/ha"",""18623.1"",""E"",""Valor estimado"",""""";
"QCL,""Cultivos y productos de ganadería"",""032"",""Argentina"",""5510"",""Producción"",""01318"",""Piña tropical"",""2010"",""2010"",""toneladas"",""3317.44"",""I"",""Valor imputado por una agencia receptora"",""""";
"QCL,""Cultivos y productos de ganadería"",""032"",""Argentina"",""5312"",""Área cosechada"",""01318"",""Piña tropical"",""2011"",""2011"",""ha"",""179"",""I"",""Valor imputado por una agencia receptora"",""""";
"QCL,""Cultivos y productos de ganadería"",""032"",""Argentina"",""5412"",""Rendimiento"",""01318"",""Piña tropical"",""2011"",""2011"",""kg/ha"",""18621.4"",""E"",""Valor estimado"",""""";
"QCL,""Cultivos y productos de ganadería"",""032"",""Argentina"",""5510"",""Producción"",""01318"",""Piña tropical"",""2011"",""2011"",""toneladas"",""3324.13"",""I"",""Valor imputado por una agencia receptora"",""""";
"QCL,""Cultivos y productos de ganadería"",""032"",""Argentina"",""5312"",""Área cosechada"",""01318"",""Piña tropical"",""2012"",""2012"",""ha"",""180"",""E"",""Valor estimado"",""""";
"QCL,""Cultivos y productos de ganadería"",""032"",""Argentina"",""5412"",""Rendimiento"",""01318"",""Piña tropical"",""2012"",""2012"",""kg/ha"",""18611.1"",""E"",""Valor estimado"",""""";
"QCL,""Cultivos y productos de ganadería"",""032"",""Argentina"",""5510"",""Producción"",""01318"",""Piña tropical"",""2012"",""2012"",""toneladas"",""3350"",""E"",""Valor estimado"",""""";
"QCL,""Cultivos y productos de ganadería"",""032"",""Argentina"",""5312"",""Área cosechada"",""01318"",""Piña tropical"",""2013"",""2013"",""ha"",""179"",""I"",""Valor imputado por una agencia receptora"",""""";
"QCL,""Cultivos y productos de ganadería"",""032"",""Argentina"",""5412"",""Rendimiento"",""01318"",""Piña tropical"",""2013"",""2013"",""kg/ha"",""18521.6"",""E"",""Valor estimado"",""""";
"QCL,""Cultivos y productos de ganadería"",""032"",""Argentina"",""5510"",""Producción"",""01318"",""Piña tropical"",""2013"",""2013"",""toneladas"",""3319.67"",""I"",""Valor imputado por una agencia receptora"",""""";
"QCL,""Cultivos y productos de ganadería"",""032"",""Argentina"",""5312"",""Área cosechada"",""01318"",""Piña tropical"",""2014"",""2014"",""ha"",""179"",""I"",""Valor imputado por una agencia receptora"",""""";
"QCL,""Cultivos y productos de ganadería"",""032"",""Argentina"",""5412"",""Rendimiento"",""01318"",""Piña tropical"",""2014"",""2014"",""kg/ha"",""18437.5"",""E"",""Valor estimado"",""""";
"QCL,""Cultivos y productos de ganadería"",""032"",""Argentina"",""5510"",""Producción"",""01318"",""Piña tropical"",""2014"",""2014"",""toneladas"",""3293.44"",""I"",""Valor imputado por una agencia receptora"",""""";
"QCL,""Cultivos y productos de ganadería"",""032"",""Argentina"",""5312"",""Área cosechada"",""01318"",""Piña tropical"",""2015"",""2015"",""ha"",""178"",""I"",""Valor imputado por una agencia receptora"",""""";
"QCL,""Cultivos y productos de ganadería"",""032"",""Argentina"",""5412"",""Rendimiento"",""01318"",""Piña tropical"",""2015"",""2015"",""kg/ha"",""18409.7"",""E"",""Valor estimado"",""""";
"QCL,""Cultivos y productos de ganadería"",""032"",""Argentina"",""5510"",""Producción"",""01318"",""Piña tropical"",""2015"",""2015"",""toneladas"",""3283.34"",""I"",""Valor imputado por una agencia receptora"",""""";
"QCL,""Cultivos y productos de ganadería"",""032"",""Argentina"",""5312"",""Área cosechada"",""01318"",""Piña tropical"",""2016"",""2016"",""ha"",""178"",""I"",""Valor imputado por una agencia receptora"",""""";
"QCL,""Cultivos y productos de ganadería"",""032"",""Argentina"",""5412"",""Rendimiento"",""01318"",""Piña tropical"",""2016"",""2016"",""kg/ha"",""18366.2"",""E"",""Valor estimado"",""""";
"QCL,""Cultivos y productos de ganadería"",""032"",""Argentina"",""5510"",""Producción"",""01318"",""Piña tropical"",""2016"",""2016"",""toneladas"",""3271.31"",""I"",""Valor imputado por una agencia receptora"",""""";
"QCL,""Cultivos y productos de ganadería"",""032"",""Argentina"",""5312"",""Área cosechada"",""01318"",""Piña tropical"",""2017"",""2017"",""ha"",""178"",""I"",""Valor imputado por una agencia receptora"",""""";
"QCL,""Cultivos y productos de ganadería"",""032"",""Argentina"",""5412"",""Rendimiento"",""01318"",""Piña tropical"",""2017"",""2017"",""kg/ha"",""18329.3"",""E"",""Valor estimado"",""""";
"QCL,""Cultivos y productos de ganadería"",""032"",""Argentina"",""5510"",""Producción"",""01318"",""Piña tropical"",""2017"",""2017"",""toneladas"",""3258.91"",""I"",""Valor imputado por una agencia receptora"",""""";
"QCL,""Cultivos y productos de ganadería"",""032"",""Argentina"",""5312"",""Área cosechada"",""01318"",""Piña tropical"",""2018"",""2018"",""ha"",""178"",""I"",""Valor imputado por una agencia receptora"",""""";
"QCL,""Cultivos y productos de ganadería"",""032"",""Argentina"",""5412"",""Rendimiento"",""01318"",""Piña tropical"",""2018"",""2018"",""kg/ha"",""18286.1"",""E"",""Valor estimado"",""""";
"QCL,""Cultivos y productos de ganadería"",""032"",""Argentina"",""5510"",""Producción"",""01318"",""Piña tropical"",""2018"",""2018"",""toneladas"",""3246.75"",""I"",""Valor imputado por una agencia receptora"",""""";
"QCL,""Cultivos y productos de ganadería"",""032"",""Argentina"",""5312"",""Área cosechada"",""01318"",""Piña tropical"",""2019"",""2019"",""ha"",""178"",""I"",""Valor imputado por una agencia receptora"",""""";
"QCL,""Cultivos y productos de ganadería"",""032"",""Argentina"",""5412"",""Rendimiento"",""01318"",""Piña tropical"",""2019"",""2019"",""kg/ha"",""18220.6"",""E"",""Valor estimado"",""""";
"QCL,""Cultivos y productos de ganadería"",""032"",""Argentina"",""5510"",""Producción"",""01318"",""Piña tropical"",""2019"",""2019"",""toneladas"",""3234.92"",""I"",""Valor imputado por una agencia receptora"",""""";
"QCL,""Cultivos y productos de ganadería"",""032"",""Argentina"",""5312"",""Área cosechada"",""01318"",""Piña tropical"",""2020"",""2020"",""ha"",""178"",""I"",""Valor imputado por una agencia receptora"",""""";
"QCL,""Cultivos y productos de ganadería"",""032"",""Argentina"",""5412"",""Rendimiento"",""01318"",""Piña tropical"",""2020"",""2020"",""kg/ha"",""18153.7"",""E"",""Valor estimado"",""""";
"QCL,""Cultivos y productos de ganadería"",""032"",""Argentina"",""5510"",""Producción"",""01318"",""Piña tropical"",""2020"",""2020"",""toneladas"",""3223.27"",""I"",""Valor imputado por una agencia receptora"",""""";
"QCL,""Cultivos y productos de ganadería"",""032"",""Argentina"",""5312"",""Área cosechada"",""01318"",""Piña tropical"",""2021"",""2021"",""ha"",""178"",""I"",""Valor imputado por una agencia receptora"",""""";
"QCL,""Cultivos y productos de ganadería"",""032"",""Argentina"",""5412"",""Rendimiento"",""01318"",""Piña tropical"",""2021"",""2021"",""kg/ha"",""18138.7"",""E"",""Valor estimado"",""""";
"QCL,""Cultivos y productos de ganadería"",""032"",""Argentina"",""5510"",""Producción"",""01318"",""Piña tropical"",""2021"",""2021"",""toneladas"",""3226.03"",""I"",""Valor imputado por una agencia receptora"",""""";
"QCL,""Cultivos y productos de ganadería"",""032"",""Argentina"",""5312"",""Área cosechada"",""01318"",""Piña tropical"",""2022"",""2022"",""ha"",""178"",""I"",""Valor imputado por una agencia receptora"",""""";
"QCL,""Cultivos y productos de ganadería"",""032"",""Argentina"",""5412"",""Rendimiento"",""01318"",""Piña tropical"",""2022"",""2022"",""kg/ha"",""18109.1"",""E"",""Valor estimado"",""""";
"QCL,""Cultivos y productos de ganadería"",""032"",""Argentina"",""5510"",""Producción"",""01318"",""Piña tropical"",""2022"",""2022"",""toneladas"",""3227.99"",""I"",""Valor imputado por una agencia receptora"",""""";
"QCL,""Cultivos y productos de ganadería"",""032"",""Argentina"",""5312"",""Área cosechada"",""01318"",""Piña tropical"",""2023"",""2023"",""ha"",""179"",""I"",""Valor imputado por una agencia receptora"",""""";
"QCL,""Cultivos y productos de ganadería"",""032"",""Argentina"",""5412"",""Rendimiento"",""01318"",""Piña tropical"",""2023"",""2023"",""kg/ha"",""18071.7"",""E"",""Valor estimado"",""""";
"QCL,""Cultivos y productos de ganadería"",""032"",""Argentina"",""5510"",""Producción"",""01318"",""Piña tropical"",""2023"",""2023"",""toneladas"",""3226.04"",""I"",""Valor imputado por una agencia receptora"",""""";
"QCL,""Cultivos y productos de ganadería"",""032"",""Argentina"",""5312"",""Área cosechada"",""01318"",""Piña tropical"",""2024"",""2024"",""ha"",""179"",""I"",""Valor imputado por una agencia receptora"",""""";
"QCL,""Cultivos y productos de ganadería"",""032"",""Argentina"",""5412"",""Rendimiento"",""01318"",""Piña tropical"",""2024"",""2024"",""kg/ha"",""18034.3"",""E"",""Valor estimado"",""""";
"QCL,""Cultivos y productos de ganadería"",""032"",""Argentina"",""5510"",""Producción"",""01318"",""Piña tropical"",""2024"",""2024"",""toneladas"",""3224.38"",""I"",""Valor imputado por una agencia receptora"",""""";
"QCL,""Cultivos y productos de ganadería"",""032"",""Argentina"",""5312"",""Área cosechada"",""01321"",""Pomelos"",""2010"",""2010"",""ha"",""7685"",""A"",""Valor oficial"",""""";
"QCL,""Cultivos y productos de ganadería"",""032"",""Argentina"",""5412"",""Rendimiento"",""01321"",""Pomelos"",""2010"",""2010"",""kg/ha"",""24569.9"",""A"",""Valor oficial"",""""";
"QCL,""Cultivos y productos de ganadería"",""032"",""Argentina"",""5510"",""Producción"",""01321"",""Pomelos"",""2010"",""2010"",""toneladas"",""188820"",""A"",""Valor oficial"",""""";
"QCL,""Cultivos y productos de ganadería"",""032"",""Argentina"",""5312"",""Área cosechada"",""01321"",""Pomelos"",""2011"",""2011"",""ha"",""6383"",""A"",""Valor oficial"",""""";
"QCL,""Cultivos y productos de ganadería"",""032"",""Argentina"",""5412"",""Rendimiento"",""01321"",""Pomelos"",""2011"",""2011"",""kg/ha"",""27006.4"",""A"",""Valor oficial"",""""";
"QCL,""Cultivos y productos de ganadería"",""032"",""Argentina"",""5510"",""Producción"",""01321"",""Pomelos"",""2011"",""2011"",""toneladas"",""172382"",""A"",""Valor oficial"",""""";
"QCL,""Cultivos y productos de ganadería"",""032"",""Argentina"",""5312"",""Área cosechada"",""01321"",""Pomelos"",""2012"",""2012"",""ha"",""6207"",""A"",""Valor oficial"",""""";
"QCL,""Cultivos y productos de ganadería"",""032"",""Argentina"",""5412"",""Rendimiento"",""01321"",""Pomelos"",""2012"",""2012"",""kg/ha"",""21297.9"",""A"",""Valor oficial"",""""";
"QCL,""Cultivos y productos de ganadería"",""032"",""Argentina"",""5510"",""Producción"",""01321"",""Pomelos"",""2012"",""2012"",""toneladas"",""132196"",""A"",""Valor oficial"",""""";
"QCL,""Cultivos y productos de ganadería"",""032"",""Argentina"",""5312"",""Área cosechada"",""01321"",""Pomelos"",""2013"",""2013"",""ha"",""5137"",""I"",""Valor imputado por una agencia receptora"",""""";
"QCL,""Cultivos y productos de ganadería"",""032"",""Argentina"",""5412"",""Rendimiento"",""01321"",""Pomelos"",""2013"",""2013"",""kg/ha"",""22105.2"",""E"",""Valor estimado"",""""";
"QCL,""Cultivos y productos de ganadería"",""032"",""Argentina"",""5510"",""Producción"",""01321"",""Pomelos"",""2013"",""2013"",""toneladas"",""113549"",""A"",""Valor oficial"",""""";
"QCL,""Cultivos y productos de ganadería"",""032"",""Argentina"",""5312"",""Área cosechada"",""01321"",""Pomelos"",""2014"",""2014"",""ha"",""5706"",""I"",""Valor imputado por una agencia receptora"",""""";
"QCL,""Cultivos y productos de ganadería"",""032"",""Argentina"",""5412"",""Rendimiento"",""01321"",""Pomelos"",""2014"",""2014"",""kg/ha"",""22921.5"",""E"",""Valor estimado"",""""";
"QCL,""Cultivos y productos de ganadería"",""032"",""Argentina"",""5510"",""Producción"",""01321"",""Pomelos"",""2014"",""2014"",""toneladas"",""130786"",""A"",""Valor oficial"",""""";
"QCL,""Cultivos y productos de ganadería"",""032"",""Argentina"",""5312"",""Área cosechada"",""01321"",""Pomelos"",""2015"",""2015"",""ha"",""5353"",""A"",""Valor oficial"",""""";
"QCL,""Cultivos y productos de ganadería"",""032"",""Argentina"",""5412"",""Rendimiento"",""01321"",""Pomelos"",""2015"",""2015"",""kg/ha"",""24356.8"",""A"",""Valor oficial"",""""";
"QCL,""Cultivos y productos de ganadería"",""032"",""Argentina"",""5510"",""Producción"",""01321"",""Pomelos"",""2015"",""2015"",""toneladas"",""130382"",""A"",""Valor oficial"",""""";
"QCL,""Cultivos y productos de ganadería"",""032"",""Argentina"",""5312"",""Área cosechada"",""01321"",""Pomelos"",""2016"",""2016"",""ha"",""3882"",""A"",""Valor oficial"",""""";
"QCL,""Cultivos y productos de ganadería"",""032"",""Argentina"",""5412"",""Rendimiento"",""01321"",""Pomelos"",""2016"",""2016"",""kg/ha"",""26341.8"",""A"",""Valor oficial"",""""";
"QCL,""Cultivos y productos de ganadería"",""032"",""Argentina"",""5510"",""Producción"",""01321"",""Pomelos"",""2016"",""2016"",""toneladas"",""102259"",""A"",""Valor oficial"",""""";
"QCL,""Cultivos y productos de ganadería"",""032"",""Argentina"",""5312"",""Área cosechada"",""01321"",""Pomelos"",""2017"",""2017"",""ha"",""4850"",""A"",""Valor oficial"",""""";
"QCL,""Cultivos y productos de ganadería"",""032"",""Argentina"",""5412"",""Rendimiento"",""01321"",""Pomelos"",""2017"",""2017"",""kg/ha"",""23092.8"",""A"",""Valor oficial"",""""";
"QCL,""Cultivos y productos de ganadería"",""032"",""Argentina"",""5510"",""Producción"",""01321"",""Pomelos"",""2017"",""2017"",""toneladas"",""112000"",""A"",""Valor oficial"",""""";
"QCL,""Cultivos y productos de ganadería"",""032"",""Argentina"",""5312"",""Área cosechada"",""01321"",""Pomelos"",""2018"",""2018"",""ha"",""4708"",""A"",""Valor oficial"",""""";
"QCL,""Cultivos y productos de ganadería"",""032"",""Argentina"",""5412"",""Rendimiento"",""01321"",""Pomelos"",""2018"",""2018"",""kg/ha"",""24239.2"",""A"",""Valor oficial"",""""";
"QCL,""Cultivos y productos de ganadería"",""032"",""Argentina"",""5510"",""Producción"",""01321"",""Pomelos"",""2018"",""2018"",""toneladas"",""114118"",""A"",""Valor oficial"",""""";
"QCL,""Cultivos y productos de ganadería"",""032"",""Argentina"",""5312"",""Área cosechada"",""01321"",""Pomelos"",""2019"",""2019"",""ha"",""4640"",""I"",""Valor imputado por una agencia receptora"",""""";
"QCL,""Cultivos y productos de ganadería"",""032"",""Argentina"",""5412"",""Rendimiento"",""01321"",""Pomelos"",""2019"",""2019"",""kg/ha"",""24721.1"",""E"",""Valor estimado"",""""";
"QCL,""Cultivos y productos de ganadería"",""032"",""Argentina"",""5510"",""Producción"",""01321"",""Pomelos"",""2019"",""2019"",""toneladas"",""114695"",""A"",""Valor oficial"",""""";
"QCL,""Cultivos y productos de ganadería"",""032"",""Argentina"",""5312"",""Área cosechada"",""01321"",""Pomelos"",""2020"",""2020"",""ha"",""4538"",""I"",""Valor imputado por una agencia receptora"",""""";
"QCL,""Cultivos y productos de ganadería"",""032"",""Argentina"",""5412"",""Rendimiento"",""01321"",""Pomelos"",""2020"",""2020"",""kg/ha"",""25123"",""E"",""Valor estimado"",""""";
"QCL,""Cultivos y productos de ganadería"",""032"",""Argentina"",""5510"",""Producción"",""01321"",""Pomelos"",""2020"",""2020"",""toneladas"",""114000"",""A"",""Valor oficial"",""""";
"QCL,""Cultivos y productos de ganadería"",""032"",""Argentina"",""5312"",""Área cosechada"",""01321"",""Pomelos"",""2021"",""2021"",""ha"",""3509"",""I"",""Valor imputado por una agencia receptora"",""""";
"QCL,""Cultivos y productos de ganadería"",""032"",""Argentina"",""5412"",""Rendimiento"",""01321"",""Pomelos"",""2021"",""2021"",""kg/ha"",""25501.4"",""E"",""Valor estimado"",""""";
"QCL,""Cultivos y productos de ganadería"",""032"",""Argentina"",""5510"",""Producción"",""01321"",""Pomelos"",""2021"",""2021"",""toneladas"",""89478"",""A"",""Valor oficial"",""""";
"QCL,""Cultivos y productos de ganadería"",""032"",""Argentina"",""5312"",""Área cosechada"",""01321"",""Pomelos"",""2022"",""2022"",""ha"",""3572"",""A"",""Valor oficial"",""""";
"QCL,""Cultivos y productos de ganadería"",""032"",""Argentina"",""5412"",""Rendimiento"",""01321"",""Pomelos"",""2022"",""2022"",""kg/ha"",""26478.4"",""A"",""Valor oficial"",""""";
"QCL,""Cultivos y productos de ganadería"",""032"",""Argentina"",""5510"",""Producción"",""01321"",""Pomelos"",""2022"",""2022"",""toneladas"",""94581"",""A"",""Valor oficial"",""""";
"QCL,""Cultivos y productos de ganadería"",""032"",""Argentina"",""5312"",""Área cosechada"",""01321"",""Pomelos"",""2023"",""2023"",""ha"",""4338"",""A"",""Valor oficial"",""""";
"QCL,""Cultivos y productos de ganadería"",""032"",""Argentina"",""5412"",""Rendimiento"",""01321"",""Pomelos"",""2023"",""2023"",""kg/ha"",""29276.2"",""A"",""Valor oficial"",""""";
"QCL,""Cultivos y productos de ganadería"",""032"",""Argentina"",""5510"",""Producción"",""01321"",""Pomelos"",""2023"",""2023"",""toneladas"",""127000"",""A"",""Valor oficial"",""""";
"QCL,""Cultivos y productos de ganadería"",""032"",""Argentina"",""5312"",""Área cosechada"",""01321"",""Pomelos"",""2024"",""2024"",""ha"",""4496"",""I"",""Valor imputado por una agencia receptora"",""""";
"QCL,""Cultivos y productos de ganadería"",""032"",""Argentina"",""5412"",""Rendimiento"",""01321"",""Pomelos"",""2024"",""2024"",""kg/ha"",""28155.2"",""E"",""Valor estimado"",""""";
"QCL,""Cultivos y productos de ganadería"",""032"",""Argentina"",""5510"",""Producción"",""01321"",""Pomelos"",""2024"",""2024"",""toneladas"",""126579.74"",""I"",""Valor imputado por una agencia receptora"",""""";
"QCL,""Cultivos y productos de ganadería"",""032"",""Argentina"",""5312"",""Área cosechada"",""01221"",""Sandías"",""2010"",""2010"",""ha"",""9147"",""I"",""Valor imputado por una agencia receptora"",""""";
"QCL,""Cultivos y productos de ganadería"",""032"",""Argentina"",""5412"",""Rendimiento"",""01221"",""Sandías"",""2010"",""2010"",""kg/ha"",""13836.1"",""E"",""Valor estimado"",""""";
"QCL,""Cultivos y productos de ganadería"",""032"",""Argentina"",""5510"",""Producción"",""01221"",""Sandías"",""2010"",""2010"",""toneladas"",""126556.2"",""I"",""Valor imputado por una agencia receptora"",""""";
"QCL,""Cultivos y productos de ganadería"",""032"",""Argentina"",""5312"",""Área cosechada"",""01221"",""Sandías"",""2011"",""2011"",""ha"",""9143"",""I"",""Valor imputado por una agencia receptora"",""""";
"QCL,""Cultivos y productos de ganadería"",""032"",""Argentina"",""5412"",""Rendimiento"",""01221"",""Sandías"",""2011"",""2011"",""kg/ha"",""13859.3"",""E"",""Valor estimado"",""""";
"QCL,""Cultivos y productos de ganadería"",""032"",""Argentina"",""5510"",""Producción"",""01221"",""Sandías"",""2011"",""2011"",""toneladas"",""126715.62"",""I"",""Valor imputado por una agencia receptora"",""""";
"QCL,""Cultivos y productos de ganadería"",""032"",""Argentina"",""5312"",""Área cosechada"",""01221"",""Sandías"",""2012"",""2012"",""ha"",""9000"",""E"",""Valor estimado"",""""";
"QCL,""Cultivos y productos de ganadería"",""032"",""Argentina"",""5412"",""Rendimiento"",""01221"",""Sandías"",""2012"",""2012"",""kg/ha"",""14111.1"",""E"",""Valor estimado"",""""";
"QCL,""Cultivos y productos de ganadería"",""032"",""Argentina"",""5510"",""Producción"",""01221"",""Sandías"",""2012"",""2012"",""toneladas"",""127000"",""E"",""Valor estimado"",""""";
"QCL,""Cultivos y productos de ganadería"",""032"",""Argentina"",""5312"",""Área cosechada"",""01221"",""Sandías"",""2013"",""2013"",""ha"",""9146"",""I"",""Valor imputado por una agencia receptora"",""""";
"QCL,""Cultivos y productos de ganadería"",""032"",""Argentina"",""5412"",""Rendimiento"",""01221"",""Sandías"",""2013"",""2013"",""kg/ha"",""13885.6"",""E"",""Valor estimado"",""""";
"QCL,""Cultivos y productos de ganadería"",""032"",""Argentina"",""5510"",""Producción"",""01221"",""Sandías"",""2013"",""2013"",""toneladas"",""127001.39"",""I"",""Valor imputado por una agencia receptora"",""""";
"QCL,""Cultivos y productos de ganadería"",""032"",""Argentina"",""5312"",""Área cosechada"",""01221"",""Sandías"",""2014"",""2014"",""ha"",""9190"",""I"",""Valor imputado por una agencia receptora"",""""";
"QCL,""Cultivos y productos de ganadería"",""032"",""Argentina"",""5412"",""Rendimiento"",""01221"",""Sandías"",""2014"",""2014"",""kg/ha"",""13821.3"",""E"",""Valor estimado"",""""";
"QCL,""Cultivos y productos de ganadería"",""032"",""Argentina"",""5510"",""Producción"",""01221"",""Sandías"",""2014"",""2014"",""toneladas"",""127012.13"",""I"",""Valor imputado por una agencia receptora"",""""";
"QCL,""Cultivos y productos de ganadería"",""032"",""Argentina"",""5312"",""Área cosechada"",""01221"",""Sandías"",""2015"",""2015"",""ha"",""9087"",""I"",""Valor imputado por una agencia receptora"",""""";
"QCL,""Cultivos y productos de ganadería"",""032"",""Argentina"",""5412"",""Rendimiento"",""01221"",""Sandías"",""2015"",""2015"",""kg/ha"",""13901.7"",""E"",""Valor estimado"",""""";
"QCL,""Cultivos y productos de ganadería"",""032"",""Argentina"",""5510"",""Producción"",""01221"",""Sandías"",""2015"",""2015"",""toneladas"",""126326.38"",""I"",""Valor imputado por una agencia receptora"",""""";
"QCL,""Cultivos y productos de ganadería"",""032"",""Argentina"",""5312"",""Área cosechada"",""01221"",""Sandías"",""2016"",""2016"",""ha"",""9037"",""I"",""Valor imputado por una agencia receptora"",""""";
"QCL,""Cultivos y productos de ganadería"",""032"",""Argentina"",""5412"",""Rendimiento"",""01221"",""Sandías"",""2016"",""2016"",""kg/ha"",""13912.8"",""E"",""Valor estimado"",""""";
"QCL,""Cultivos y productos de ganadería"",""032"",""Argentina"",""5510"",""Producción"",""01221"",""Sandías"",""2016"",""2016"",""toneladas"",""125725.52"",""I"",""Valor imputado por una agencia receptora"",""""";
"QCL,""Cultivos y productos de ganadería"",""032"",""Argentina"",""5312"",""Área cosechada"",""01221"",""Sandías"",""2017"",""2017"",""ha"",""9000"",""I"",""Valor imputado por una agencia receptora"",""""";
"QCL,""Cultivos y productos de ganadería"",""032"",""Argentina"",""5412"",""Rendimiento"",""01221"",""Sandías"",""2017"",""2017"",""kg/ha"",""13907"",""E"",""Valor estimado"",""""";
"QCL,""Cultivos y productos de ganadería"",""032"",""Argentina"",""5510"",""Producción"",""01221"",""Sandías"",""2017"",""2017"",""toneladas"",""125165.37"",""I"",""Valor imputado por una agencia receptora"",""""";
"QCL,""Cultivos y productos de ganadería"",""032"",""Argentina"",""5312"",""Área cosechada"",""01221"",""Sandías"",""2018"",""2018"",""ha"",""8963"",""I"",""Valor imputado por una agencia receptora"",""""";
"QCL,""Cultivos y productos de ganadería"",""032"",""Argentina"",""5412"",""Rendimiento"",""01221"",""Sandías"",""2018"",""2018"",""kg/ha"",""13904.4"",""E"",""Valor estimado"",""""";
"QCL,""Cultivos y productos de ganadería"",""032"",""Argentina"",""5510"",""Producción"",""01221"",""Sandías"",""2018"",""2018"",""toneladas"",""124626.62"",""I"",""Valor imputado por una agencia receptora"",""""";
"QCL,""Cultivos y productos de ganadería"",""032"",""Argentina"",""5312"",""Área cosechada"",""01221"",""Sandías"",""2019"",""2019"",""ha"",""8925"",""I"",""Valor imputado por una agencia receptora"",""""";
"QCL,""Cultivos y productos de ganadería"",""032"",""Argentina"",""5412"",""Rendimiento"",""01221"",""Sandías"",""2019"",""2019"",""kg/ha"",""13906.7"",""E"",""Valor estimado"",""""";
"QCL,""Cultivos y productos de ganadería"",""032"",""Argentina"",""5510"",""Producción"",""01221"",""Sandías"",""2019"",""2019"",""toneladas"",""124117.81"",""I"",""Valor imputado por una agencia receptora"",""""";
"QCL,""Cultivos y productos de ganadería"",""032"",""Argentina"",""5312"",""Área cosechada"",""01221"",""Sandías"",""2020"",""2020"",""ha"",""8891"",""I"",""Valor imputado por una agencia receptora"",""""";
"QCL,""Cultivos y productos de ganadería"",""032"",""Argentina"",""5412"",""Rendimiento"",""01221"",""Sandías"",""2020"",""2020"",""kg/ha"",""13907.1"",""E"",""Valor estimado"",""""";
"QCL,""Cultivos y productos de ganadería"",""032"",""Argentina"",""5510"",""Producción"",""01221"",""Sandías"",""2020"",""2020"",""toneladas"",""123646.89"",""I"",""Valor imputado por una agencia receptora"",""""";
"QCL,""Cultivos y productos de ganadería"",""032"",""Argentina"",""5312"",""Área cosechada"",""01221"",""Sandías"",""2021"",""2021"",""ha"",""9007"",""I"",""Valor imputado por una agencia receptora"",""""";
"QCL,""Cultivos y productos de ganadería"",""032"",""Argentina"",""5412"",""Rendimiento"",""01221"",""Sandías"",""2021"",""2021"",""kg/ha"",""13914.3"",""E"",""Valor estimado"",""""";
"QCL,""Cultivos y productos de ganadería"",""032"",""Argentina"",""5510"",""Producción"",""01221"",""Sandías"",""2021"",""2021"",""toneladas"",""125327.03"",""I"",""Valor imputado por una agencia receptora"",""""";
"QCL,""Cultivos y productos de ganadería"",""032"",""Argentina"",""5312"",""Área cosechada"",""01221"",""Sandías"",""2022"",""2022"",""ha"",""9005"",""I"",""Valor imputado por una agencia receptora"",""""";
"QCL,""Cultivos y productos de ganadería"",""032"",""Argentina"",""5412"",""Rendimiento"",""01221"",""Sandías"",""2022"",""2022"",""kg/ha"",""13919.7"",""E"",""Valor estimado"",""""";
"QCL,""Cultivos y productos de ganadería"",""032"",""Argentina"",""5510"",""Producción"",""01221"",""Sandías"",""2022"",""2022"",""toneladas"",""125351.9"",""I"",""Valor imputado por una agencia receptora"",""""";
"QCL,""Cultivos y productos de ganadería"",""032"",""Argentina"",""5312"",""Área cosechada"",""01221"",""Sandías"",""2023"",""2023"",""ha"",""9000"",""I"",""Valor imputado por una agencia receptora"",""""";
"QCL,""Cultivos y productos de ganadería"",""032"",""Argentina"",""5412"",""Rendimiento"",""01221"",""Sandías"",""2023"",""2023"",""kg/ha"",""13924.6"",""E"",""Valor estimado"",""""";
"QCL,""Cultivos y productos de ganadería"",""032"",""Argentina"",""5510"",""Producción"",""01221"",""Sandías"",""2023"",""2023"",""toneladas"",""125327.65"",""I"",""Valor imputado por una agencia receptora"",""""";
"QCL,""Cultivos y productos de ganadería"",""032"",""Argentina"",""5312"",""Área cosechada"",""01221"",""Sandías"",""2024"",""2024"",""ha"",""8996"",""I"",""Valor imputado por una agencia receptora"",""""";
"QCL,""Cultivos y productos de ganadería"",""032"",""Argentina"",""5412"",""Rendimiento"",""01221"",""Sandías"",""2024"",""2024"",""kg/ha"",""13929.4"",""E"",""Valor estimado"",""""";
"QCL,""Cultivos y productos de ganadería"",""032"",""Argentina"",""5510"",""Producción"",""01221"",""Sandías"",""2024"",""2024"",""toneladas"",""125303.39"",""I"",""Valor imputado por una agencia receptora"",""""";
"QCL,""Cultivos y productos de ganadería"",""032"",""Argentina"",""5312"",""Área cosechada"",""01446"",""Semilla de cartamo, alazor"",""2010"",""2010"",""ha"",""66100"",""A"",""Valor oficial"",""""";
"QCL,""Cultivos y productos de ganadería"",""032"",""Argentina"",""5412"",""Rendimiento"",""01446"",""Semilla de cartamo, alazor"",""2010"",""2010"",""kg/ha"",""663.4"",""A"",""Valor oficial"",""""";
"QCL,""Cultivos y productos de ganadería"",""032"",""Argentina"",""5510"",""Producción"",""01446"",""Semilla de cartamo, alazor"",""2010"",""2010"",""toneladas"",""43850"",""A"",""Valor oficial"",""""";
"QCL,""Cultivos y productos de ganadería"",""032"",""Argentina"",""5312"",""Área cosechada"",""01446"",""Semilla de cartamo, alazor"",""2011"",""2011"",""ha"",""79256"",""A"",""Valor oficial"",""""";
"QCL,""Cultivos y productos de ganadería"",""032"",""Argentina"",""5412"",""Rendimiento"",""01446"",""Semilla de cartamo, alazor"",""2011"",""2011"",""kg/ha"",""707.7"",""A"",""Valor oficial"",""""";
"QCL,""Cultivos y productos de ganadería"",""032"",""Argentina"",""5510"",""Producción"",""01446"",""Semilla de cartamo, alazor"",""2011"",""2011"",""toneladas"",""56086"",""A"",""Valor oficial"",""""";
"QCL,""Cultivos y productos de ganadería"",""032"",""Argentina"",""5312"",""Área cosechada"",""01446"",""Semilla de cartamo, alazor"",""2012"",""2012"",""ha"",""161479"",""A"",""Valor oficial"",""""";
"QCL,""Cultivos y productos de ganadería"",""032"",""Argentina"",""5412"",""Rendimiento"",""01446"",""Semilla de cartamo, alazor"",""2012"",""2012"",""kg/ha"",""670.4"",""A"",""Valor oficial"",""""";
"QCL,""Cultivos y productos de ganadería"",""032"",""Argentina"",""5510"",""Producción"",""01446"",""Semilla de cartamo, alazor"",""2012"",""2012"",""toneladas"",""108250"",""A"",""Valor oficial"",""""";
"QCL,""Cultivos y productos de ganadería"",""032"",""Argentina"",""5312"",""Área cosechada"",""01446"",""Semilla de cartamo, alazor"",""2013"",""2013"",""ha"",""87470"",""A"",""Valor oficial"",""""";
"QCL,""Cultivos y productos de ganadería"",""032"",""Argentina"",""5412"",""Rendimiento"",""01446"",""Semilla de cartamo, alazor"",""2013"",""2013"",""kg/ha"",""569"",""A"",""Valor oficial"",""""";
"QCL,""Cultivos y productos de ganadería"",""032"",""Argentina"",""5510"",""Producción"",""01446"",""Semilla de cartamo, alazor"",""2013"",""2013"",""toneladas"",""49770"",""A"",""Valor oficial"",""""";
"QCL,""Cultivos y productos de ganadería"",""032"",""Argentina"",""5312"",""Área cosechada"",""01446"",""Semilla de cartamo, alazor"",""2014"",""2014"",""ha"",""5724"",""A"",""Valor oficial"",""""";
"QCL,""Cultivos y productos de ganadería"",""032"",""Argentina"",""5412"",""Rendimiento"",""01446"",""Semilla de cartamo, alazor"",""2014"",""2014"",""kg/ha"",""539.8"",""A"",""Valor oficial"",""""";
"QCL,""Cultivos y productos de ganadería"",""032"",""Argentina"",""5510"",""Producción"",""01446"",""Semilla de cartamo, alazor"",""2014"",""2014"",""toneladas"",""3090"",""A"",""Valor oficial"",""""";
"QCL,""Cultivos y productos de ganadería"",""032"",""Argentina"",""5312"",""Área cosechada"",""01446"",""Semilla de cartamo, alazor"",""2015"",""2015"",""ha"",""44280"",""A"",""Valor oficial"",""""";
"QCL,""Cultivos y productos de ganadería"",""032"",""Argentina"",""5412"",""Rendimiento"",""01446"",""Semilla de cartamo, alazor"",""2015"",""2015"",""kg/ha"",""647.7"",""A"",""Valor oficial"",""""";
"QCL,""Cultivos y productos de ganadería"",""032"",""Argentina"",""5510"",""Producción"",""01446"",""Semilla de cartamo, alazor"",""2015"",""2015"",""toneladas"",""28680"",""A"",""Valor oficial"",""""";
"QCL,""Cultivos y productos de ganadería"",""032"",""Argentina"",""5312"",""Área cosechada"",""01446"",""Semilla de cartamo, alazor"",""2016"",""2016"",""ha"",""79956"",""A"",""Valor oficial"",""""";
"QCL,""Cultivos y productos de ganadería"",""032"",""Argentina"",""5412"",""Rendimiento"",""01446"",""Semilla de cartamo, alazor"",""2016"",""2016"",""kg/ha"",""644.7"",""A"",""Valor oficial"",""""";
"QCL,""Cultivos y productos de ganadería"",""032"",""Argentina"",""5510"",""Producción"",""01446"",""Semilla de cartamo, alazor"",""2016"",""2016"",""toneladas"",""51550"",""A"",""Valor oficial"",""""";
"QCL,""Cultivos y productos de ganadería"",""032"",""Argentina"",""5312"",""Área cosechada"",""01446"",""Semilla de cartamo, alazor"",""2017"",""2017"",""ha"",""26134"",""A"",""Valor oficial"",""""";
"QCL,""Cultivos y productos de ganadería"",""032"",""Argentina"",""5412"",""Rendimiento"",""01446"",""Semilla de cartamo, alazor"",""2017"",""2017"",""kg/ha"",""672.8"",""A"",""Valor oficial"",""""";
"QCL,""Cultivos y productos de ganadería"",""032"",""Argentina"",""5510"",""Producción"",""01446"",""Semilla de cartamo, alazor"",""2017"",""2017"",""toneladas"",""17584"",""A"",""Valor oficial"",""""";
"QCL,""Cultivos y productos de ganadería"",""032"",""Argentina"",""5312"",""Área cosechada"",""01446"",""Semilla de cartamo, alazor"",""2018"",""2018"",""ha"",""34799"",""A"",""Valor oficial"",""""";
"QCL,""Cultivos y productos de ganadería"",""032"",""Argentina"",""5412"",""Rendimiento"",""01446"",""Semilla de cartamo, alazor"",""2018"",""2018"",""kg/ha"",""800"",""A"",""Valor oficial"",""""";
"QCL,""Cultivos y productos de ganadería"",""032"",""Argentina"",""5510"",""Producción"",""01446"",""Semilla de cartamo, alazor"",""2018"",""2018"",""toneladas"",""27839"",""A"",""Valor oficial"",""""";
"QCL,""Cultivos y productos de ganadería"",""032"",""Argentina"",""5312"",""Área cosechada"",""01446"",""Semilla de cartamo, alazor"",""2019"",""2019"",""ha"",""28646"",""A"",""Valor oficial"",""""";
"QCL,""Cultivos y productos de ganadería"",""032"",""Argentina"",""5412"",""Rendimiento"",""01446"",""Semilla de cartamo, alazor"",""2019"",""2019"",""kg/ha"",""849.2"",""A"",""Valor oficial"",""""";
"QCL,""Cultivos y productos de ganadería"",""032"",""Argentina"",""5510"",""Producción"",""01446"",""Semilla de cartamo, alazor"",""2019"",""2019"",""toneladas"",""24327"",""A"",""Valor oficial"",""""";
"QCL,""Cultivos y productos de ganadería"",""032"",""Argentina"",""5312"",""Área cosechada"",""01446"",""Semilla de cartamo, alazor"",""2020"",""2020"",""ha"",""27349"",""A"",""Valor oficial"",""""";
"QCL,""Cultivos y productos de ganadería"",""032"",""Argentina"",""5412"",""Rendimiento"",""01446"",""Semilla de cartamo, alazor"",""2020"",""2020"",""kg/ha"",""825.1"",""A"",""Valor oficial"",""""";
"QCL,""Cultivos y productos de ganadería"",""032"",""Argentina"",""5510"",""Producción"",""01446"",""Semilla de cartamo, alazor"",""2020"",""2020"",""toneladas"",""22565"",""A"",""Valor oficial"",""""";
"QCL,""Cultivos y productos de ganadería"",""032"",""Argentina"",""5312"",""Área cosechada"",""01446"",""Semilla de cartamo, alazor"",""2021"",""2021"",""ha"",""6000"",""A"",""Valor oficial"",""""";
"QCL,""Cultivos y productos de ganadería"",""032"",""Argentina"",""5412"",""Rendimiento"",""01446"",""Semilla de cartamo, alazor"",""2021"",""2021"",""kg/ha"",""724"",""A"",""Valor oficial"",""""";
"QCL,""Cultivos y productos de ganadería"",""032"",""Argentina"",""5510"",""Producción"",""01446"",""Semilla de cartamo, alazor"",""2021"",""2021"",""toneladas"",""4344"",""A"",""Valor oficial"",""""";
"QCL,""Cultivos y productos de ganadería"",""032"",""Argentina"",""5312"",""Área cosechada"",""01446"",""Semilla de cartamo, alazor"",""2022"",""2022"",""ha"",""4553"",""A"",""Valor oficial"",""""";
"QCL,""Cultivos y productos de ganadería"",""032"",""Argentina"",""5412"",""Rendimiento"",""01446"",""Semilla de cartamo, alazor"",""2022"",""2022"",""kg/ha"",""613.4"",""A"",""Valor oficial"",""""";
"QCL,""Cultivos y productos de ganadería"",""032"",""Argentina"",""5510"",""Producción"",""01446"",""Semilla de cartamo, alazor"",""2022"",""2022"",""toneladas"",""2793"",""A"",""Valor oficial"",""""";
"QCL,""Cultivos y productos de ganadería"",""032"",""Argentina"",""5312"",""Área cosechada"",""01446"",""Semilla de cartamo, alazor"",""2023"",""2023"",""ha"",""9495"",""A"",""Valor oficial"",""""";
"QCL,""Cultivos y productos de ganadería"",""032"",""Argentina"",""5412"",""Rendimiento"",""01446"",""Semilla de cartamo, alazor"",""2023"",""2023"",""kg/ha"",""568.8"",""A"",""Valor oficial"",""""";
"QCL,""Cultivos y productos de ganadería"",""032"",""Argentina"",""5510"",""Producción"",""01446"",""Semilla de cartamo, alazor"",""2023"",""2023"",""toneladas"",""5401"",""A"",""Valor oficial"",""""";
"QCL,""Cultivos y productos de ganadería"",""032"",""Argentina"",""5312"",""Área cosechada"",""01446"",""Semilla de cartamo, alazor"",""2024"",""2024"",""ha"",""12740"",""A"",""Valor oficial"",""""";
"QCL,""Cultivos y productos de ganadería"",""032"",""Argentina"",""5412"",""Rendimiento"",""01446"",""Semilla de cartamo, alazor"",""2024"",""2024"",""kg/ha"",""720.9"",""A"",""Valor oficial"",""""";
"QCL,""Cultivos y productos de ganadería"",""032"",""Argentina"",""5510"",""Producción"",""01446"",""Semilla de cartamo, alazor"",""2024"",""2024"",""toneladas"",""9184"",""A"",""Valor oficial"",""""";
"QCL,""Cultivos y productos de ganadería"",""032"",""Argentina"",""5312"",""Área cosechada"",""01445"",""Semilla de girasol"",""2010"",""2010"",""ha"",""1495317"",""A"",""Valor oficial"",""""";
"QCL,""Cultivos y productos de ganadería"",""032"",""Argentina"",""5412"",""Rendimiento"",""01445"",""Semilla de girasol"",""2010"",""2010"",""kg/ha"",""1492.7"",""A"",""Valor oficial"",""""";
"QCL,""Cultivos y productos de ganadería"",""032"",""Argentina"",""5510"",""Producción"",""01445"",""Semilla de girasol"",""2010"",""2010"",""toneladas"",""2232034"",""A"",""Valor oficial"",""""";
"QCL,""Cultivos y productos de ganadería"",""032"",""Argentina"",""5312"",""Área cosechada"",""01445"",""Semilla de girasol"",""2011"",""2011"",""ha"",""1743040"",""A"",""Valor oficial"",""""";
"QCL,""Cultivos y productos de ganadería"",""032"",""Argentina"",""5412"",""Rendimiento"",""01445"",""Semilla de girasol"",""2011"",""2011"",""kg/ha"",""2106.5"",""A"",""Valor oficial"",""""";
"QCL,""Cultivos y productos de ganadería"",""032"",""Argentina"",""5510"",""Producción"",""01445"",""Semilla de girasol"",""2011"",""2011"",""toneladas"",""3671748"",""A"",""Valor oficial"",""""";
"QCL,""Cultivos y productos de ganadería"",""032"",""Argentina"",""5312"",""Área cosechada"",""01445"",""Semilla de girasol"",""2012"",""2012"",""ha"",""1823412"",""A"",""Valor oficial"",""""";
"QCL,""Cultivos y productos de ganadería"",""032"",""Argentina"",""5412"",""Rendimiento"",""01445"",""Semilla de girasol"",""2012"",""2012"",""kg/ha"",""1832"",""A"",""Valor oficial"",""""";
"QCL,""Cultivos y productos de ganadería"",""032"",""Argentina"",""5510"",""Producción"",""01445"",""Semilla de girasol"",""2012"",""2012"",""toneladas"",""3340520"",""A"",""Valor oficial"",""""";
"QCL,""Cultivos y productos de ganadería"",""032"",""Argentina"",""5312"",""Área cosechada"",""01445"",""Semilla de girasol"",""2013"",""2013"",""ha"",""1620081"",""A"",""Valor oficial"",""""";
"QCL,""Cultivos y productos de ganadería"",""032"",""Argentina"",""5412"",""Rendimiento"",""01445"",""Semilla de girasol"",""2013"",""2013"",""kg/ha"",""1916.2"",""A"",""Valor oficial"",""""";
"QCL,""Cultivos y productos de ganadería"",""032"",""Argentina"",""5510"",""Producción"",""01445"",""Semilla de girasol"",""2013"",""2013"",""toneladas"",""3104420"",""A"",""Valor oficial"",""""";
"QCL,""Cultivos y productos de ganadería"",""032"",""Argentina"",""5312"",""Área cosechada"",""01445"",""Semilla de girasol"",""2014"",""2014"",""ha"",""1261640"",""A"",""Valor oficial"",""""";
"QCL,""Cultivos y productos de ganadería"",""032"",""Argentina"",""5412"",""Rendimiento"",""01445"",""Semilla de girasol"",""2014"",""2014"",""kg/ha"",""1635.5"",""A"",""Valor oficial"",""""";
"QCL,""Cultivos y productos de ganadería"",""032"",""Argentina"",""5510"",""Producción"",""01445"",""Semilla de girasol"",""2014"",""2014"",""toneladas"",""2063410"",""A"",""Valor oficial"",""""";
"QCL,""Cultivos y productos de ganadería"",""032"",""Argentina"",""5312"",""Área cosechada"",""01445"",""Semilla de girasol"",""2015"",""2015"",""ha"",""1439915"",""A"",""Valor oficial"",""""";
"QCL,""Cultivos y productos de ganadería"",""032"",""Argentina"",""5412"",""Rendimiento"",""01445"",""Semilla de girasol"",""2015"",""2015"",""kg/ha"",""2193.4"",""A"",""Valor oficial"",""""";
"QCL,""Cultivos y productos de ganadería"",""032"",""Argentina"",""5510"",""Producción"",""01445"",""Semilla de girasol"",""2015"",""2015"",""toneladas"",""3158290"",""A"",""Valor oficial"",""""";
"QCL,""Cultivos y productos de ganadería"",""032"",""Argentina"",""5312"",""Área cosechada"",""01445"",""Semilla de girasol"",""2016"",""2016"",""ha"",""1413963"",""A"",""Valor oficial"",""""";
"QCL,""Cultivos y productos de ganadería"",""032"",""Argentina"",""5412"",""Rendimiento"",""01445"",""Semilla de girasol"",""2016"",""2016"",""kg/ha"",""2122"",""A"",""Valor oficial"",""""";
"QCL,""Cultivos y productos de ganadería"",""032"",""Argentina"",""5510"",""Producción"",""01445"",""Semilla de girasol"",""2016"",""2016"",""toneladas"",""3000367"",""A"",""Valor oficial"",""""";
"QCL,""Cultivos y productos de ganadería"",""032"",""Argentina"",""5312"",""Área cosechada"",""01445"",""Semilla de girasol"",""2017"",""2017"",""ha"",""1819045"",""A"",""Valor oficial"",""""";
"QCL,""Cultivos y productos de ganadería"",""032"",""Argentina"",""5412"",""Rendimiento"",""01445"",""Semilla de girasol"",""2017"",""2017"",""kg/ha"",""1949.8"",""A"",""Valor oficial"",""""";
"QCL,""Cultivos y productos de ganadería"",""032"",""Argentina"",""5510"",""Producción"",""01445"",""Semilla de girasol"",""2017"",""2017"",""toneladas"",""3546707"",""A"",""Valor oficial"",""""";
"QCL,""Cultivos y productos de ganadería"",""032"",""Argentina"",""5312"",""Área cosechada"",""01445"",""Semilla de girasol"",""2018"",""2018"",""ha"",""1678031"",""A"",""Valor oficial"",""""";
"QCL,""Cultivos y productos de ganadería"",""032"",""Argentina"",""5412"",""Rendimiento"",""01445"",""Semilla de girasol"",""2018"",""2018"",""kg/ha"",""2108.2"",""A"",""Valor oficial"",""""";
"QCL,""Cultivos y productos de ganadería"",""032"",""Argentina"",""5510"",""Producción"",""01445"",""Semilla de girasol"",""2018"",""2018"",""toneladas"",""3537545"",""A"",""Valor oficial"",""""";
"QCL,""Cultivos y productos de ganadería"",""032"",""Argentina"",""5312"",""Área cosechada"",""01445"",""Semilla de girasol"",""2019"",""2019"",""ha"",""1875938"",""A"",""Valor oficial"",""""";
"QCL,""Cultivos y productos de ganadería"",""032"",""Argentina"",""5412"",""Rendimiento"",""01445"",""Semilla de girasol"",""2019"",""2019"",""kg/ha"",""2039.4"",""A"",""Valor oficial"",""""";
"QCL,""Cultivos y productos de ganadería"",""032"",""Argentina"",""5510"",""Producción"",""01445"",""Semilla de girasol"",""2019"",""2019"",""toneladas"",""3825750"",""A"",""Valor oficial"",""""";
"QCL,""Cultivos y productos de ganadería"",""032"",""Argentina"",""5312"",""Área cosechada"",""01445"",""Semilla de girasol"",""2020"",""2020"",""ha"",""1381571"",""A"",""Valor oficial"",""""";
"QCL,""Cultivos y productos de ganadería"",""032"",""Argentina"",""5412"",""Rendimiento"",""01445"",""Semilla de girasol"",""2020"",""2020"",""kg/ha"",""2068.2"",""A"",""Valor oficial"",""""";
"QCL,""Cultivos y productos de ganadería"",""032"",""Argentina"",""5510"",""Producción"",""01445"",""Semilla de girasol"",""2020"",""2020"",""toneladas"",""2857413"",""A"",""Valor oficial"",""""";
"QCL,""Cultivos y productos de ganadería"",""032"",""Argentina"",""5312"",""Área cosechada"",""01445"",""Semilla de girasol"",""2021"",""2021"",""ha"",""1628002"",""A"",""Valor oficial"",""""";
"QCL,""Cultivos y productos de ganadería"",""032"",""Argentina"",""5412"",""Rendimiento"",""01445"",""Semilla de girasol"",""2021"",""2021"",""kg/ha"",""1994.7"",""A"",""Valor oficial"",""""";
"QCL,""Cultivos y productos de ganadería"",""032"",""Argentina"",""5510"",""Producción"",""01445"",""Semilla de girasol"",""2021"",""2021"",""toneladas"",""3247366"",""A"",""Valor oficial"",""""";
"QCL,""Cultivos y productos de ganadería"",""032"",""Argentina"",""5312"",""Área cosechada"",""01445"",""Semilla de girasol"",""2022"",""2022"",""ha"",""1958686"",""A"",""Valor oficial"",""""";
"QCL,""Cultivos y productos de ganadería"",""032"",""Argentina"",""5412"",""Rendimiento"",""01445"",""Semilla de girasol"",""2022"",""2022"",""kg/ha"",""2067.9"",""A"",""Valor oficial"",""""";
"QCL,""Cultivos y productos de ganadería"",""032"",""Argentina"",""5510"",""Producción"",""01445"",""Semilla de girasol"",""2022"",""2022"",""toneladas"",""4050362"",""A"",""Valor oficial"",""""";
"QCL,""Cultivos y productos de ganadería"",""032"",""Argentina"",""5312"",""Área cosechada"",""01445"",""Semilla de girasol"",""2023"",""2023"",""ha"",""2453245"",""A"",""Valor oficial"",""""";
"QCL,""Cultivos y productos de ganadería"",""032"",""Argentina"",""5412"",""Rendimiento"",""01445"",""Semilla de girasol"",""2023"",""2023"",""kg/ha"",""2045.8"",""A"",""Valor oficial"",""""";
"QCL,""Cultivos y productos de ganadería"",""032"",""Argentina"",""5510"",""Producción"",""01445"",""Semilla de girasol"",""2023"",""2023"",""toneladas"",""5018874"",""A"",""Valor oficial"",""""";
"QCL,""Cultivos y productos de ganadería"",""032"",""Argentina"",""5312"",""Área cosechada"",""01445"",""Semilla de girasol"",""2024"",""2024"",""ha"",""1842731"",""A"",""Valor oficial"",""""";
"QCL,""Cultivos y productos de ganadería"",""032"",""Argentina"",""5412"",""Rendimiento"",""01445"",""Semilla de girasol"",""2024"",""2024"",""kg/ha"",""2113.8"",""A"",""Valor oficial"",""""";
"QCL,""Cultivos y productos de ganadería"",""032"",""Argentina"",""5510"",""Producción"",""01445"",""Semilla de girasol"",""2024"",""2024"",""toneladas"",""3895156"",""A"",""Valor oficial"",""""";
"QCL,""Cultivos y productos de ganadería"",""032"",""Argentina"",""5312"",""Área cosechada"",""01447"",""Semillas de aceite de ricino"",""2010"",""2010"",""ha"","""",""M"",""Valor ausente";" los datos no pueden existir"","""""
"QCL,""Cultivos y productos de ganadería"",""032"",""Argentina"",""5510"",""Producción"",""01447"",""Semillas de aceite de ricino"",""2010"",""2010"",""toneladas"","""",""M"",""Valor ausente";" los datos no pueden existir"","""""
"QCL,""Cultivos y productos de ganadería"",""032"",""Argentina"",""5312"",""Área cosechada"",""01447"",""Semillas de aceite de ricino"",""2011"",""2011"",""ha"","""",""M"",""Valor ausente";" los datos no pueden existir"","""""
"QCL,""Cultivos y productos de ganadería"",""032"",""Argentina"",""5510"",""Producción"",""01447"",""Semillas de aceite de ricino"",""2011"",""2011"",""toneladas"","""",""M"",""Valor ausente";" los datos no pueden existir"","""""
"QCL,""Cultivos y productos de ganadería"",""032"",""Argentina"",""5312"",""Área cosechada"",""01447"",""Semillas de aceite de ricino"",""2012"",""2012"",""ha"","""",""M"",""Valor ausente";" los datos no pueden existir"","""""
"QCL,""Cultivos y productos de ganadería"",""032"",""Argentina"",""5510"",""Producción"",""01447"",""Semillas de aceite de ricino"",""2012"",""2012"",""toneladas"","""",""M"",""Valor ausente";" los datos no pueden existir"","""""
"QCL,""Cultivos y productos de ganadería"",""032"",""Argentina"",""5312"",""Área cosechada"",""01447"",""Semillas de aceite de ricino"",""2013"",""2013"",""ha"","""",""M"",""Valor ausente";" los datos no pueden existir"","""""
"QCL,""Cultivos y productos de ganadería"",""032"",""Argentina"",""5510"",""Producción"",""01447"",""Semillas de aceite de ricino"",""2013"",""2013"",""toneladas"","""",""M"",""Valor ausente";" los datos no pueden existir"","""""
"QCL,""Cultivos y productos de ganadería"",""032"",""Argentina"",""5312"",""Área cosechada"",""01447"",""Semillas de aceite de ricino"",""2014"",""2014"",""ha"","""",""M"",""Valor ausente";" los datos no pueden existir"","""""
"QCL,""Cultivos y productos de ganadería"",""032"",""Argentina"",""5510"",""Producción"",""01447"",""Semillas de aceite de ricino"",""2014"",""2014"",""toneladas"","""",""M"",""Valor ausente";" los datos no pueden existir"","""""
"QCL,""Cultivos y productos de ganadería"",""032"",""Argentina"",""5312"",""Área cosechada"",""01447"",""Semillas de aceite de ricino"",""2015"",""2015"",""ha"","""",""M"",""Valor ausente";" los datos no pueden existir"","""""
"QCL,""Cultivos y productos de ganadería"",""032"",""Argentina"",""5510"",""Producción"",""01447"",""Semillas de aceite de ricino"",""2015"",""2015"",""toneladas"","""",""M"",""Valor ausente";" los datos no pueden existir"","""""
"QCL,""Cultivos y productos de ganadería"",""032"",""Argentina"",""5312"",""Área cosechada"",""01447"",""Semillas de aceite de ricino"",""2016"",""2016"",""ha"","""",""M"",""Valor ausente";" los datos no pueden existir"","""""
"QCL,""Cultivos y productos de ganadería"",""032"",""Argentina"",""5510"",""Producción"",""01447"",""Semillas de aceite de ricino"",""2016"",""2016"",""toneladas"","""",""M"",""Valor ausente";" los datos no pueden existir"","""""
"QCL,""Cultivos y productos de ganadería"",""032"",""Argentina"",""5312"",""Área cosechada"",""01447"",""Semillas de aceite de ricino"",""2017"",""2017"",""ha"","""",""M"",""Valor ausente";" los datos no pueden existir"","""""
"QCL,""Cultivos y productos de ganadería"",""032"",""Argentina"",""5510"",""Producción"",""01447"",""Semillas de aceite de ricino"",""2017"",""2017"",""toneladas"","""",""M"",""Valor ausente";" los datos no pueden existir"","""""
"QCL,""Cultivos y productos de ganadería"",""032"",""Argentina"",""5312"",""Área cosechada"",""01447"",""Semillas de aceite de ricino"",""2018"",""2018"",""ha"","""",""M"",""Valor ausente";" los datos no pueden existir"","""""
"QCL,""Cultivos y productos de ganadería"",""032"",""Argentina"",""5510"",""Producción"",""01447"",""Semillas de aceite de ricino"",""2018"",""2018"",""toneladas"","""",""M"",""Valor ausente";" los datos no pueden existir"","""""
"QCL,""Cultivos y productos de ganadería"",""032"",""Argentina"",""5312"",""Área cosechada"",""01447"",""Semillas de aceite de ricino"",""2019"",""2019"",""ha"","""",""M"",""Valor ausente";" los datos no pueden existir"","""""
"QCL,""Cultivos y productos de ganadería"",""032"",""Argentina"",""5510"",""Producción"",""01447"",""Semillas de aceite de ricino"",""2019"",""2019"",""toneladas"","""",""M"",""Valor ausente";" los datos no pueden existir"","""""
"QCL,""Cultivos y productos de ganadería"",""032"",""Argentina"",""5312"",""Área cosechada"",""01447"",""Semillas de aceite de ricino"",""2020"",""2020"",""ha"","""",""M"",""Valor ausente";" los datos no pueden existir"","""""
"QCL,""Cultivos y productos de ganadería"",""032"",""Argentina"",""5510"",""Producción"",""01447"",""Semillas de aceite de ricino"",""2020"",""2020"",""toneladas"","""",""M"",""Valor ausente";" los datos no pueden existir"","""""
"QCL,""Cultivos y productos de ganadería"",""032"",""Argentina"",""5312"",""Área cosechada"",""01447"",""Semillas de aceite de ricino"",""2021"",""2021"",""ha"","""",""M"",""Valor ausente";" los datos no pueden existir"","""""
"QCL,""Cultivos y productos de ganadería"",""032"",""Argentina"",""5510"",""Producción"",""01447"",""Semillas de aceite de ricino"",""2021"",""2021"",""toneladas"","""",""M"",""Valor ausente";" los datos no pueden existir"","""""
"QCL,""Cultivos y productos de ganadería"",""032"",""Argentina"",""5312"",""Área cosechada"",""01447"",""Semillas de aceite de ricino"",""2022"",""2022"",""ha"","""",""M"",""Valor ausente";" los datos no pueden existir"","""""
"QCL,""Cultivos y productos de ganadería"",""032"",""Argentina"",""5510"",""Producción"",""01447"",""Semillas de aceite de ricino"",""2022"",""2022"",""toneladas"","""",""M"",""Valor ausente";" los datos no pueden existir"","""""
"QCL,""Cultivos y productos de ganadería"",""032"",""Argentina"",""5312"",""Área cosechada"",""01447"",""Semillas de aceite de ricino"",""2023"",""2023"",""ha"","""",""M"",""Valor ausente";" los datos no pueden existir"","""""
"QCL,""Cultivos y productos de ganadería"",""032"",""Argentina"",""5510"",""Producción"",""01447"",""Semillas de aceite de ricino"",""2023"",""2023"",""toneladas"","""",""M"",""Valor ausente";" los datos no pueden existir"","""""
"QCL,""Cultivos y productos de ganadería"",""032"",""Argentina"",""5312"",""Área cosechada"",""01447"",""Semillas de aceite de ricino"",""2024"",""2024"",""ha"","""",""M"",""Valor ausente";" los datos no pueden existir"","""""
"QCL,""Cultivos y productos de ganadería"",""032"",""Argentina"",""5510"",""Producción"",""01447"",""Semillas de aceite de ricino"",""2024"",""2024"",""toneladas"","""",""M"",""Valor ausente";" los datos no pueden existir"","""""
"QCL,""Cultivos y productos de ganadería"",""032"",""Argentina"",""5312"",""Área cosechada"",""0114"",""Sorgo"",""2010"",""2010"",""ha"",""755235"",""A"",""Valor oficial"",""""";
"QCL,""Cultivos y productos de ganadería"",""032"",""Argentina"",""5412"",""Rendimiento"",""0114"",""Sorgo"",""2010"",""2010"",""kg/ha"",""4816.3"",""A"",""Valor oficial"",""""";
"QCL,""Cultivos y productos de ganadería"",""032"",""Argentina"",""5510"",""Producción"",""0114"",""Sorgo"",""2010"",""2010"",""toneladas"",""3637427"",""A"",""Valor oficial"",""""";
"QCL,""Cultivos y productos de ganadería"",""032"",""Argentina"",""5312"",""Área cosechada"",""0114"",""Sorgo"",""2011"",""2011"",""ha"",""1012617"",""A"",""Valor oficial"",""""";
"QCL,""Cultivos y productos de ganadería"",""032"",""Argentina"",""5412"",""Rendimiento"",""0114"",""Sorgo"",""2011"",""2011"",""kg/ha"",""4402.9"",""A"",""Valor oficial"",""""";
"QCL,""Cultivos y productos de ganadería"",""032"",""Argentina"",""5510"",""Producción"",""0114"",""Sorgo"",""2011"",""2011"",""toneladas"",""4458442"",""A"",""Valor oficial"",""""";
"QCL,""Cultivos y productos de ganadería"",""032"",""Argentina"",""5312"",""Área cosechada"",""0114"",""Sorgo"",""2012"",""2012"",""ha"",""913815"",""A"",""Valor oficial"",""""";
"QCL,""Cultivos y productos de ganadería"",""032"",""Argentina"",""5412"",""Rendimiento"",""0114"",""Sorgo"",""2012"",""2012"",""kg/ha"",""4653.4"",""A"",""Valor oficial"",""""";
"QCL,""Cultivos y productos de ganadería"",""032"",""Argentina"",""5510"",""Producción"",""0114"",""Sorgo"",""2012"",""2012"",""toneladas"",""4252310"",""A"",""Valor oficial"",""""";
"QCL,""Cultivos y productos de ganadería"",""032"",""Argentina"",""5312"",""Área cosechada"",""0114"",""Sorgo"",""2013"",""2013"",""ha"",""889993"",""A"",""Valor oficial"",""""";
"QCL,""Cultivos y productos de ganadería"",""032"",""Argentina"",""5412"",""Rendimiento"",""0114"",""Sorgo"",""2013"",""2013"",""kg/ha"",""4085.2"",""A"",""Valor oficial"",""""";
"QCL,""Cultivos y productos de ganadería"",""032"",""Argentina"",""5510"",""Producción"",""0114"",""Sorgo"",""2013"",""2013"",""toneladas"",""3635837"",""A"",""Valor oficial"",""""";
"QCL,""Cultivos y productos de ganadería"",""032"",""Argentina"",""5312"",""Área cosechada"",""0114"",""Sorgo"",""2014"",""2014"",""ha"",""787657"",""A"",""Valor oficial"",""""";
"QCL,""Cultivos y productos de ganadería"",""032"",""Argentina"",""5412"",""Rendimiento"",""0114"",""Sorgo"",""2014"",""2014"",""kg/ha"",""4400.9"",""A"",""Valor oficial"",""""";
"QCL,""Cultivos y productos de ganadería"",""032"",""Argentina"",""5510"",""Producción"",""0114"",""Sorgo"",""2014"",""2014"",""toneladas"",""3466410"",""A"",""Valor oficial"",""""";
"QCL,""Cultivos y productos de ganadería"",""032"",""Argentina"",""5312"",""Área cosechada"",""0114"",""Sorgo"",""2015"",""2015"",""ha"",""658576"",""A"",""Valor oficial"",""""";
"QCL,""Cultivos y productos de ganadería"",""032"",""Argentina"",""5412"",""Rendimiento"",""0114"",""Sorgo"",""2015"",""2015"",""kg/ha"",""4704.3"",""A"",""Valor oficial"",""""";
"QCL,""Cultivos y productos de ganadería"",""032"",""Argentina"",""5510"",""Producción"",""0114"",""Sorgo"",""2015"",""2015"",""toneladas"",""3098148"",""A"",""Valor oficial"",""""";
"QCL,""Cultivos y productos de ganadería"",""032"",""Argentina"",""5312"",""Área cosechada"",""0114"",""Sorgo"",""2016"",""2016"",""ha"",""673550"",""A"",""Valor oficial"",""""";
"QCL,""Cultivos y productos de ganadería"",""032"",""Argentina"",""5412"",""Rendimiento"",""0114"",""Sorgo"",""2016"",""2016"",""kg/ha"",""4497.6"",""A"",""Valor oficial"",""""";
"QCL,""Cultivos y productos de ganadería"",""032"",""Argentina"",""5510"",""Producción"",""0114"",""Sorgo"",""2016"",""2016"",""toneladas"",""3029330"",""A"",""Valor oficial"",""""";
"QCL,""Cultivos y productos de ganadería"",""032"",""Argentina"",""5312"",""Área cosechada"",""0114"",""Sorgo"",""2017"",""2017"",""ha"",""541955"",""A"",""Valor oficial"",""""";
"QCL,""Cultivos y productos de ganadería"",""032"",""Argentina"",""5412"",""Rendimiento"",""0114"",""Sorgo"",""2017"",""2017"",""kg/ha"",""4662.6"",""A"",""Valor oficial"",""""";
"QCL,""Cultivos y productos de ganadería"",""032"",""Argentina"",""5510"",""Producción"",""0114"",""Sorgo"",""2017"",""2017"",""toneladas"",""2526931"",""A"",""Valor oficial"",""""";
"QCL,""Cultivos y productos de ganadería"",""032"",""Argentina"",""5312"",""Área cosechada"",""0114"",""Sorgo"",""2018"",""2018"",""ha"",""437463"",""A"",""Valor oficial"",""""";
"QCL,""Cultivos y productos de ganadería"",""032"",""Argentina"",""5412"",""Rendimiento"",""0114"",""Sorgo"",""2018"",""2018"",""kg/ha"",""3573.9"",""A"",""Valor oficial"",""""";
"QCL,""Cultivos y productos de ganadería"",""032"",""Argentina"",""5510"",""Producción"",""0114"",""Sorgo"",""2018"",""2018"",""toneladas"",""1563445"",""A"",""Valor oficial"",""""";
"QCL,""Cultivos y productos de ganadería"",""032"",""Argentina"",""5312"",""Área cosechada"",""0114"",""Sorgo"",""2019"",""2019"",""ha"",""342623"",""A"",""Valor oficial"",""""";
"QCL,""Cultivos y productos de ganadería"",""032"",""Argentina"",""5412"",""Rendimiento"",""0114"",""Sorgo"",""2019"",""2019"",""kg/ha"",""4674"",""A"",""Valor oficial"",""""";
"QCL,""Cultivos y productos de ganadería"",""032"",""Argentina"",""5510"",""Producción"",""0114"",""Sorgo"",""2019"",""2019"",""toneladas"",""1601435"",""A"",""Valor oficial"",""""";
"QCL,""Cultivos y productos de ganadería"",""032"",""Argentina"",""5312"",""Área cosechada"",""0114"",""Sorgo"",""2020"",""2020"",""ha"",""395204"",""A"",""Valor oficial"",""""";
"QCL,""Cultivos y productos de ganadería"",""032"",""Argentina"",""5412"",""Rendimiento"",""0114"",""Sorgo"",""2020"",""2020"",""kg/ha"",""4630.3"",""A"",""Valor oficial"",""""";
"QCL,""Cultivos y productos de ganadería"",""032"",""Argentina"",""5510"",""Producción"",""0114"",""Sorgo"",""2020"",""2020"",""toneladas"",""1829914"",""A"",""Valor oficial"",""""";
"QCL,""Cultivos y productos de ganadería"",""032"",""Argentina"",""5312"",""Área cosechada"",""0114"",""Sorgo"",""2021"",""2021"",""ha"",""748566"",""A"",""Valor oficial"",""""";
"QCL,""Cultivos y productos de ganadería"",""032"",""Argentina"",""5412"",""Rendimiento"",""0114"",""Sorgo"",""2021"",""2021"",""kg/ha"",""4434.3"",""A"",""Valor oficial"",""""";
"QCL,""Cultivos y productos de ganadería"",""032"",""Argentina"",""5510"",""Producción"",""0114"",""Sorgo"",""2021"",""2021"",""toneladas"",""3319341"",""A"",""Valor oficial"",""""";
"QCL,""Cultivos y productos de ganadería"",""032"",""Argentina"",""5312"",""Área cosechada"",""0114"",""Sorgo"",""2022"",""2022"",""ha"",""699887"",""A"",""Valor oficial"",""""";
"QCL,""Cultivos y productos de ganadería"",""032"",""Argentina"",""5412"",""Rendimiento"",""0114"",""Sorgo"",""2022"",""2022"",""kg/ha"",""4119.7"",""A"",""Valor oficial"",""""";
"QCL,""Cultivos y productos de ganadería"",""032"",""Argentina"",""5510"",""Producción"",""0114"",""Sorgo"",""2022"",""2022"",""toneladas"",""2883301"",""A"",""Valor oficial"",""""";
"QCL,""Cultivos y productos de ganadería"",""032"",""Argentina"",""5312"",""Área cosechada"",""0114"",""Sorgo"",""2023"",""2023"",""ha"",""500421"",""A"",""Valor oficial"",""""";
"QCL,""Cultivos y productos de ganadería"",""032"",""Argentina"",""5412"",""Rendimiento"",""0114"",""Sorgo"",""2023"",""2023"",""kg/ha"",""3217.5"",""A"",""Valor oficial"",""""";
"QCL,""Cultivos y productos de ganadería"",""032"",""Argentina"",""5510"",""Producción"",""0114"",""Sorgo"",""2023"",""2023"",""toneladas"",""1610102"",""A"",""Valor oficial"",""""";
"QCL,""Cultivos y productos de ganadería"",""032"",""Argentina"",""5312"",""Área cosechada"",""0114"",""Sorgo"",""2024"",""2024"",""ha"",""626182"",""A"",""Valor oficial"",""""";
"QCL,""Cultivos y productos de ganadería"",""032"",""Argentina"",""5412"",""Rendimiento"",""0114"",""Sorgo"",""2024"",""2024"",""kg/ha"",""3985.3"",""A"",""Valor oficial"",""""";
"QCL,""Cultivos y productos de ganadería"",""032"",""Argentina"",""5510"",""Producción"",""0114"",""Sorgo"",""2024"",""2024"",""toneladas"",""2495532"",""A"",""Valor oficial"",""""";
"QCL,""Cultivos y productos de ganadería"",""032"",""Argentina"",""5312"",""Área cosechada"",""01970"",""Tabaco sin elaborar"",""2010"",""2010"",""ha"",""67674"",""A"",""Valor oficial"",""""";
"QCL,""Cultivos y productos de ganadería"",""032"",""Argentina"",""5412"",""Rendimiento"",""01970"",""Tabaco sin elaborar"",""2010"",""2010"",""kg/ha"",""1963.4"",""A"",""Valor oficial"",""""";
"QCL,""Cultivos y productos de ganadería"",""032"",""Argentina"",""5510"",""Producción"",""01970"",""Tabaco sin elaborar"",""2010"",""2010"",""toneladas"",""132869.98"",""A"",""Valor oficial"",""""";
"QCL,""Cultivos y productos de ganadería"",""032"",""Argentina"",""5312"",""Área cosechada"",""01970"",""Tabaco sin elaborar"",""2011"",""2011"",""ha"",""75715"",""A"",""Valor oficial"",""""";
"QCL,""Cultivos y productos de ganadería"",""032"",""Argentina"",""5412"",""Rendimiento"",""01970"",""Tabaco sin elaborar"",""2011"",""2011"",""kg/ha"",""1786.2"",""A"",""Valor oficial"",""""";
"QCL,""Cultivos y productos de ganadería"",""032"",""Argentina"",""5510"",""Producción"",""01970"",""Tabaco sin elaborar"",""2011"",""2011"",""toneladas"",""135241.22"",""A"",""Valor oficial"",""""";
"QCL,""Cultivos y productos de ganadería"",""032"",""Argentina"",""5312"",""Área cosechada"",""01970"",""Tabaco sin elaborar"",""2012"",""2012"",""ha"",""63327"",""A"",""Valor oficial"",""""";
"QCL,""Cultivos y productos de ganadería"",""032"",""Argentina"",""5412"",""Rendimiento"",""01970"",""Tabaco sin elaborar"",""2012"",""2012"",""kg/ha"",""1821.2"",""A"",""Valor oficial"",""""";
"QCL,""Cultivos y productos de ganadería"",""032"",""Argentina"",""5510"",""Producción"",""01970"",""Tabaco sin elaborar"",""2012"",""2012"",""toneladas"",""115333.9"",""A"",""Valor oficial"",""""";
"QCL,""Cultivos y productos de ganadería"",""032"",""Argentina"",""5312"",""Área cosechada"",""01970"",""Tabaco sin elaborar"",""2013"",""2013"",""ha"",""63146"",""A"",""Valor oficial"",""""";
"QCL,""Cultivos y productos de ganadería"",""032"",""Argentina"",""5412"",""Rendimiento"",""01970"",""Tabaco sin elaborar"",""2013"",""2013"",""kg/ha"",""1779.2"",""A"",""Valor oficial"",""""";
"QCL,""Cultivos y productos de ganadería"",""032"",""Argentina"",""5510"",""Producción"",""01970"",""Tabaco sin elaborar"",""2013"",""2013"",""toneladas"",""112348"",""A"",""Valor oficial"",""""";
"QCL,""Cultivos y productos de ganadería"",""032"",""Argentina"",""5312"",""Área cosechada"",""01970"",""Tabaco sin elaborar"",""2014"",""2014"",""ha"",""65683"",""A"",""Valor oficial"",""""";
"QCL,""Cultivos y productos de ganadería"",""032"",""Argentina"",""5412"",""Rendimiento"",""01970"",""Tabaco sin elaborar"",""2014"",""2014"",""kg/ha"",""1934.8"",""A"",""Valor oficial"",""""";
"QCL,""Cultivos y productos de ganadería"",""032"",""Argentina"",""5510"",""Producción"",""01970"",""Tabaco sin elaborar"",""2014"",""2014"",""toneladas"",""127085"",""A"",""Valor oficial"",""""";
"QCL,""Cultivos y productos de ganadería"",""032"",""Argentina"",""5312"",""Área cosechada"",""01970"",""Tabaco sin elaborar"",""2015"",""2015"",""ha"",""55194"",""A"",""Valor oficial"",""""";
"QCL,""Cultivos y productos de ganadería"",""032"",""Argentina"",""5412"",""Rendimiento"",""01970"",""Tabaco sin elaborar"",""2015"",""2015"",""kg/ha"",""1976.8"",""A"",""Valor oficial"",""""";
"QCL,""Cultivos y productos de ganadería"",""032"",""Argentina"",""5510"",""Producción"",""01970"",""Tabaco sin elaborar"",""2015"",""2015"",""toneladas"",""109106"",""A"",""Valor oficial"",""""";
"QCL,""Cultivos y productos de ganadería"",""032"",""Argentina"",""5312"",""Área cosechada"",""01970"",""Tabaco sin elaborar"",""2016"",""2016"",""ha"",""43815"",""A"",""Valor oficial"",""""";
"QCL,""Cultivos y productos de ganadería"",""032"",""Argentina"",""5412"",""Rendimiento"",""01970"",""Tabaco sin elaborar"",""2016"",""2016"",""kg/ha"",""2137.9"",""A"",""Valor oficial"",""""";
"QCL,""Cultivos y productos de ganadería"",""032"",""Argentina"",""5510"",""Producción"",""01970"",""Tabaco sin elaborar"",""2016"",""2016"",""toneladas"",""93671"",""A"",""Valor oficial"",""""";
"QCL,""Cultivos y productos de ganadería"",""032"",""Argentina"",""5312"",""Área cosechada"",""01970"",""Tabaco sin elaborar"",""2017"",""2017"",""ha"",""57321"",""A"",""Valor oficial"",""""";
"QCL,""Cultivos y productos de ganadería"",""032"",""Argentina"",""5412"",""Rendimiento"",""01970"",""Tabaco sin elaborar"",""2017"",""2017"",""kg/ha"",""2043.8"",""A"",""Valor oficial"",""""";
"QCL,""Cultivos y productos de ganadería"",""032"",""Argentina"",""5510"",""Producción"",""01970"",""Tabaco sin elaborar"",""2017"",""2017"",""toneladas"",""117154"",""A"",""Valor oficial"",""""";
"QCL,""Cultivos y productos de ganadería"",""032"",""Argentina"",""5312"",""Área cosechada"",""01970"",""Tabaco sin elaborar"",""2018"",""2018"",""ha"",""54728"",""A"",""Valor oficial"",""""";
"QCL,""Cultivos y productos de ganadería"",""032"",""Argentina"",""5412"",""Rendimiento"",""01970"",""Tabaco sin elaborar"",""2018"",""2018"",""kg/ha"",""1902"",""A"",""Valor oficial"",""""";
"QCL,""Cultivos y productos de ganadería"",""032"",""Argentina"",""5510"",""Producción"",""01970"",""Tabaco sin elaborar"",""2018"",""2018"",""toneladas"",""104093"",""A"",""Valor oficial"",""""";
"QCL,""Cultivos y productos de ganadería"",""032"",""Argentina"",""5312"",""Área cosechada"",""01970"",""Tabaco sin elaborar"",""2019"",""2019"",""ha"",""51955"",""E"",""Valor estimado"",""""";
"QCL,""Cultivos y productos de ganadería"",""032"",""Argentina"",""5412"",""Rendimiento"",""01970"",""Tabaco sin elaborar"",""2019"",""2019"",""kg/ha"",""2020.5"",""E"",""Valor estimado"",""""";
"QCL,""Cultivos y productos de ganadería"",""032"",""Argentina"",""5510"",""Producción"",""01970"",""Tabaco sin elaborar"",""2019"",""2019"",""toneladas"",""104972.67"",""E"",""Valor estimado"",""""";
"QCL,""Cultivos y productos de ganadería"",""032"",""Argentina"",""5312"",""Área cosechada"",""01970"",""Tabaco sin elaborar"",""2020"",""2020"",""ha"",""55509"",""I"",""Valor imputado por una agencia receptora"",""""";
"QCL,""Cultivos y productos de ganadería"",""032"",""Argentina"",""5412"",""Rendimiento"",""01970"",""Tabaco sin elaborar"",""2020"",""2020"",""kg/ha"",""1836.7"",""E"",""Valor estimado"",""""";
"QCL,""Cultivos y productos de ganadería"",""032"",""Argentina"",""5510"",""Producción"",""01970"",""Tabaco sin elaborar"",""2020"",""2020"",""toneladas"",""101954.55"",""I"",""Valor imputado por una agencia receptora"",""""";
"QCL,""Cultivos y productos de ganadería"",""032"",""Argentina"",""5312"",""Área cosechada"",""01970"",""Tabaco sin elaborar"",""2021"",""2021"",""ha"",""55877"",""I"",""Valor imputado por una agencia receptora"",""""";
"QCL,""Cultivos y productos de ganadería"",""032"",""Argentina"",""5412"",""Rendimiento"",""01970"",""Tabaco sin elaborar"",""2021"",""2021"",""kg/ha"",""1765"",""E"",""Valor estimado"",""""";
"QCL,""Cultivos y productos de ganadería"",""032"",""Argentina"",""5510"",""Producción"",""01970"",""Tabaco sin elaborar"",""2021"",""2021"",""toneladas"",""98622.63"",""I"",""Valor imputado por una agencia receptora"",""""";
"QCL,""Cultivos y productos de ganadería"",""032"",""Argentina"",""5312"",""Área cosechada"",""01970"",""Tabaco sin elaborar"",""2022"",""2022"",""ha"",""59808"",""A"",""Valor oficial"",""""";
"QCL,""Cultivos y productos de ganadería"",""032"",""Argentina"",""5412"",""Rendimiento"",""01970"",""Tabaco sin elaborar"",""2022"",""2022"",""kg/ha"",""1531.7"",""A"",""Valor oficial"",""""";
"QCL,""Cultivos y productos de ganadería"",""032"",""Argentina"",""5510"",""Producción"",""01970"",""Tabaco sin elaborar"",""2022"",""2022"",""toneladas"",""91610.39"",""A"",""Valor oficial"",""""";
"QCL,""Cultivos y productos de ganadería"",""032"",""Argentina"",""5312"",""Área cosechada"",""01970"",""Tabaco sin elaborar"",""2023"",""2023"",""ha"",""56857"",""A"",""Valor oficial"",""""";
"QCL,""Cultivos y productos de ganadería"",""032"",""Argentina"",""5412"",""Rendimiento"",""01970"",""Tabaco sin elaborar"",""2023"",""2023"",""kg/ha"",""1537.4"",""A"",""Valor oficial"",""""";
"QCL,""Cultivos y productos de ganadería"",""032"",""Argentina"",""5510"",""Producción"",""01970"",""Tabaco sin elaborar"",""2023"",""2023"",""toneladas"",""87410"",""A"",""Valor oficial"",""""";
"QCL,""Cultivos y productos de ganadería"",""032"",""Argentina"",""5312"",""Área cosechada"",""01970"",""Tabaco sin elaborar"",""2024"",""2024"",""ha"",""54743"",""A"",""Valor oficial"",""""";
"QCL,""Cultivos y productos de ganadería"",""032"",""Argentina"",""5412"",""Rendimiento"",""01970"",""Tabaco sin elaborar"",""2024"",""2024"",""kg/ha"",""1475.7"",""A"",""Valor oficial"",""""";
"QCL,""Cultivos y productos de ganadería"",""032"",""Argentina"",""5510"",""Producción"",""01970"",""Tabaco sin elaborar"",""2024"",""2024"",""toneladas"",""80786"",""A"",""Valor oficial"",""""";
"QCL,""Cultivos y productos de ganadería"",""032"",""Argentina"",""5312"",""Área cosechada"",""01324"",""Tangerinas, mandarinas, clementinas"",""2010"",""2010"",""ha"",""34930"",""A"",""Valor oficial"",""""";
"QCL,""Cultivos y productos de ganadería"",""032"",""Argentina"",""5412"",""Rendimiento"",""01324"",""Tangerinas, mandarinas, clementinas"",""2010"",""2010"",""kg/ha"",""12131"",""A"",""Valor oficial"",""""";
"QCL,""Cultivos y productos de ganadería"",""032"",""Argentina"",""5510"",""Producción"",""01324"",""Tangerinas, mandarinas, clementinas"",""2010"",""2010"",""toneladas"",""423737"",""A"",""Valor oficial"",""""";
"QCL,""Cultivos y productos de ganadería"",""032"",""Argentina"",""5312"",""Área cosechada"",""01324"",""Tangerinas, mandarinas, clementinas"",""2011"",""2011"",""ha"",""35568"",""A"",""Valor oficial"",""""";
"QCL,""Cultivos y productos de ganadería"",""032"",""Argentina"",""5412"",""Rendimiento"",""01324"",""Tangerinas, mandarinas, clementinas"",""2011"",""2011"",""kg/ha"",""15593.8"",""A"",""Valor oficial"",""""";
"QCL,""Cultivos y productos de ganadería"",""032"",""Argentina"",""5510"",""Producción"",""01324"",""Tangerinas, mandarinas, clementinas"",""2011"",""2011"",""toneladas"",""554640"",""A"",""Valor oficial"",""""";
"QCL,""Cultivos y productos de ganadería"",""032"",""Argentina"",""5312"",""Área cosechada"",""01324"",""Tangerinas, mandarinas, clementinas"",""2012"",""2012"",""ha"",""32691"",""A"",""Valor oficial"",""""";
"QCL,""Cultivos y productos de ganadería"",""032"",""Argentina"",""5412"",""Rendimiento"",""01324"",""Tangerinas, mandarinas, clementinas"",""2012"",""2012"",""kg/ha"",""11439.5"",""A"",""Valor oficial"",""""";
"QCL,""Cultivos y productos de ganadería"",""032"",""Argentina"",""5510"",""Producción"",""01324"",""Tangerinas, mandarinas, clementinas"",""2012"",""2012"",""toneladas"",""373970"",""A"",""Valor oficial"",""""";
"QCL,""Cultivos y productos de ganadería"",""032"",""Argentina"",""5312"",""Área cosechada"",""01324"",""Tangerinas, mandarinas, clementinas"",""2013"",""2013"",""ha"",""30000"",""X"",""Valor de fuente externa"",""Cifras no oficiales""";
"QCL,""Cultivos y productos de ganadería"",""032"",""Argentina"",""5412"",""Rendimiento"",""01324"",""Tangerinas, mandarinas, clementinas"",""2013"",""2013"",""kg/ha"",""12162.8"",""E"",""Valor estimado"",""""";
"QCL,""Cultivos y productos de ganadería"",""032"",""Argentina"",""5510"",""Producción"",""01324"",""Tangerinas, mandarinas, clementinas"",""2013"",""2013"",""toneladas"",""364883"",""A"",""Valor oficial"",""""";
"QCL,""Cultivos y productos de ganadería"",""032"",""Argentina"",""5312"",""Área cosechada"",""01324"",""Tangerinas, mandarinas, clementinas"",""2014"",""2014"",""ha"",""35033"",""I"",""Valor imputado por una agencia receptora"",""""";
"QCL,""Cultivos y productos de ganadería"",""032"",""Argentina"",""5412"",""Rendimiento"",""01324"",""Tangerinas, mandarinas, clementinas"",""2014"",""2014"",""kg/ha"",""13890.7"",""E"",""Valor estimado"",""""";
"QCL,""Cultivos y productos de ganadería"",""032"",""Argentina"",""5510"",""Producción"",""01324"",""Tangerinas, mandarinas, clementinas"",""2014"",""2014"",""toneladas"",""486630"",""A"",""Valor oficial"",""""";
"QCL,""Cultivos y productos de ganadería"",""032"",""Argentina"",""5312"",""Área cosechada"",""01324"",""Tangerinas, mandarinas, clementinas"",""2015"",""2015"",""ha"",""32270"",""A"",""Valor oficial"",""""";
"QCL,""Cultivos y productos de ganadería"",""032"",""Argentina"",""5412"",""Rendimiento"",""01324"",""Tangerinas, mandarinas, clementinas"",""2015"",""2015"",""kg/ha"",""15227.3"",""A"",""Valor oficial"",""""";
"QCL,""Cultivos y productos de ganadería"",""032"",""Argentina"",""5510"",""Producción"",""01324"",""Tangerinas, mandarinas, clementinas"",""2015"",""2015"",""toneladas"",""491384"",""A"",""Valor oficial"",""""";
"QCL,""Cultivos y productos de ganadería"",""032"",""Argentina"",""5312"",""Área cosechada"",""01324"",""Tangerinas, mandarinas, clementinas"",""2016"",""2016"",""ha"",""29228"",""A"",""Valor oficial"",""""";
"QCL,""Cultivos y productos de ganadería"",""032"",""Argentina"",""5412"",""Rendimiento"",""01324"",""Tangerinas, mandarinas, clementinas"",""2016"",""2016"",""kg/ha"",""16021.6"",""A"",""Valor oficial"",""""";
"QCL,""Cultivos y productos de ganadería"",""032"",""Argentina"",""5510"",""Producción"",""01324"",""Tangerinas, mandarinas, clementinas"",""2016"",""2016"",""toneladas"",""468278"",""A"",""Valor oficial"",""""";
"QCL,""Cultivos y productos de ganadería"",""032"",""Argentina"",""5312"",""Área cosechada"",""01324"",""Tangerinas, mandarinas, clementinas"",""2017"",""2017"",""ha"",""29546"",""A"",""Valor oficial"",""""";
"QCL,""Cultivos y productos de ganadería"",""032"",""Argentina"",""5412"",""Rendimiento"",""01324"",""Tangerinas, mandarinas, clementinas"",""2017"",""2017"",""kg/ha"",""15535.1"",""A"",""Valor oficial"",""""";
"QCL,""Cultivos y productos de ganadería"",""032"",""Argentina"",""5510"",""Producción"",""01324"",""Tangerinas, mandarinas, clementinas"",""2017"",""2017"",""toneladas"",""459000"",""A"",""Valor oficial"",""""";
"QCL,""Cultivos y productos de ganadería"",""032"",""Argentina"",""5312"",""Área cosechada"",""01324"",""Tangerinas, mandarinas, clementinas"",""2018"",""2018"",""ha"",""28840"",""A"",""Valor oficial"",""""";
"QCL,""Cultivos y productos de ganadería"",""032"",""Argentina"",""5412"",""Rendimiento"",""01324"",""Tangerinas, mandarinas, clementinas"",""2018"",""2018"",""kg/ha"",""14957.5"",""A"",""Valor oficial"",""""";
"QCL,""Cultivos y productos de ganadería"",""032"",""Argentina"",""5510"",""Producción"",""01324"",""Tangerinas, mandarinas, clementinas"",""2018"",""2018"",""toneladas"",""431374"",""A"",""Valor oficial"",""""";
"QCL,""Cultivos y productos de ganadería"",""032"",""Argentina"",""5312"",""Área cosechada"",""01324"",""Tangerinas, mandarinas, clementinas"",""2019"",""2019"",""ha"",""29417"",""I"",""Valor imputado por una agencia receptora"",""""";
"QCL,""Cultivos y productos de ganadería"",""032"",""Argentina"",""5412"",""Rendimiento"",""01324"",""Tangerinas, mandarinas, clementinas"",""2019"",""2019"",""kg/ha"",""14324"",""E"",""Valor estimado"",""""";
"QCL,""Cultivos y productos de ganadería"",""032"",""Argentina"",""5510"",""Producción"",""01324"",""Tangerinas, mandarinas, clementinas"",""2019"",""2019"",""toneladas"",""421371"",""A"",""Valor oficial"",""""";
"QCL,""Cultivos y productos de ganadería"",""032"",""Argentina"",""5312"",""Área cosechada"",""01324"",""Tangerinas, mandarinas, clementinas"",""2020"",""2020"",""ha"",""30195"",""I"",""Valor imputado por una agencia receptora"",""""";
"QCL,""Cultivos y productos de ganadería"",""032"",""Argentina"",""5412"",""Rendimiento"",""01324"",""Tangerinas, mandarinas, clementinas"",""2020"",""2020"",""kg/ha"",""13909.5"",""E"",""Valor estimado"",""""";
"QCL,""Cultivos y productos de ganadería"",""032"",""Argentina"",""5510"",""Producción"",""01324"",""Tangerinas, mandarinas, clementinas"",""2020"",""2020"",""toneladas"",""420000"",""A"",""Valor oficial"",""""";
"QCL,""Cultivos y productos de ganadería"",""032"",""Argentina"",""5312"",""Área cosechada"",""01324"",""Tangerinas, mandarinas, clementinas"",""2021"",""2021"",""ha"",""30839"",""I"",""Valor imputado por una agencia receptora"",""""";
"QCL,""Cultivos y productos de ganadería"",""032"",""Argentina"",""5412"",""Rendimiento"",""01324"",""Tangerinas, mandarinas, clementinas"",""2021"",""2021"",""kg/ha"",""13663.6"",""E"",""Valor estimado"",""""";
"QCL,""Cultivos y productos de ganadería"",""032"",""Argentina"",""5510"",""Producción"",""01324"",""Tangerinas, mandarinas, clementinas"",""2021"",""2021"",""toneladas"",""421371"",""A"",""Valor oficial"",""""";
"QCL,""Cultivos y productos de ganadería"",""032"",""Argentina"",""5312"",""Área cosechada"",""01324"",""Tangerinas, mandarinas, clementinas"",""2022"",""2022"",""ha"",""29746"",""A"",""Valor oficial"",""""";
"QCL,""Cultivos y productos de ganadería"",""032"",""Argentina"",""5412"",""Rendimiento"",""01324"",""Tangerinas, mandarinas, clementinas"",""2022"",""2022"",""kg/ha"",""12425.5"",""A"",""Valor oficial"",""""";
"QCL,""Cultivos y productos de ganadería"",""032"",""Argentina"",""5510"",""Producción"",""01324"",""Tangerinas, mandarinas, clementinas"",""2022"",""2022"",""toneladas"",""369608"",""A"",""Valor oficial"",""""";
"QCL,""Cultivos y productos de ganadería"",""032"",""Argentina"",""5312"",""Área cosechada"",""01324"",""Tangerinas, mandarinas, clementinas"",""2023"",""2023"",""ha"",""28637"",""A"",""Valor oficial"",""""";
"QCL,""Cultivos y productos de ganadería"",""032"",""Argentina"",""5412"",""Rendimiento"",""01324"",""Tangerinas, mandarinas, clementinas"",""2023"",""2023"",""kg/ha"",""13164.8"",""A"",""Valor oficial"",""""";
"QCL,""Cultivos y productos de ganadería"",""032"",""Argentina"",""5510"",""Producción"",""01324"",""Tangerinas, mandarinas, clementinas"",""2023"",""2023"",""toneladas"",""377000"",""A"",""Valor oficial"",""""";
"QCL,""Cultivos y productos de ganadería"",""032"",""Argentina"",""5312"",""Área cosechada"",""01324"",""Tangerinas, mandarinas, clementinas"",""2024"",""2024"",""ha"",""28389"",""I"",""Valor imputado por una agencia receptora"",""""";
"QCL,""Cultivos y productos de ganadería"",""032"",""Argentina"",""5412"",""Rendimiento"",""01324"",""Tangerinas, mandarinas, clementinas"",""2024"",""2024"",""kg/ha"",""13528.7"",""E"",""Valor estimado"",""""";
"QCL,""Cultivos y productos de ganadería"",""032"",""Argentina"",""5510"",""Producción"",""01324"",""Tangerinas, mandarinas, clementinas"",""2024"",""2024"",""toneladas"",""384065.79"",""I"",""Valor imputado por una agencia receptora"",""""";
"QCL,""Cultivos y productos de ganadería"",""032"",""Argentina"",""5312"",""Área cosechada"",""01234"",""Tomates, frescos"",""2010"",""2010"",""ha"",""16641"",""I"",""Valor imputado por una agencia receptora"",""""";
"QCL,""Cultivos y productos de ganadería"",""032"",""Argentina"",""5412"",""Rendimiento"",""01234"",""Tomates, frescos"",""2010"",""2010"",""kg/ha"",""48396.4"",""E"",""Valor estimado"",""""";
"QCL,""Cultivos y productos de ganadería"",""032"",""Argentina"",""5510"",""Producción"",""01234"",""Tomates, frescos"",""2010"",""2010"",""toneladas"",""805344.1"",""I"",""Valor imputado por una agencia receptora"",""""";
"QCL,""Cultivos y productos de ganadería"",""032"",""Argentina"",""5312"",""Área cosechada"",""01234"",""Tomates, frescos"",""2011"",""2011"",""ha"",""16916"",""I"",""Valor imputado por una agencia receptora"",""""";
"QCL,""Cultivos y productos de ganadería"",""032"",""Argentina"",""5412"",""Rendimiento"",""01234"",""Tomates, frescos"",""2011"",""2011"",""kg/ha"",""51974.7"",""E"",""Valor estimado"",""""";
"QCL,""Cultivos y productos de ganadería"",""032"",""Argentina"",""5510"",""Producción"",""01234"",""Tomates, frescos"",""2011"",""2011"",""toneladas"",""879227.29"",""I"",""Valor imputado por una agencia receptora"",""""";
"QCL,""Cultivos y productos de ganadería"",""032"",""Argentina"",""5312"",""Área cosechada"",""01234"",""Tomates, frescos"",""2012"",""2012"",""ha"",""16880"",""I"",""Valor imputado por una agencia receptora"",""""";
"QCL,""Cultivos y productos de ganadería"",""032"",""Argentina"",""5412"",""Rendimiento"",""01234"",""Tomates, frescos"",""2012"",""2012"",""kg/ha"",""53501.7"",""E"",""Valor estimado"",""""";
"QCL,""Cultivos y productos de ganadería"",""032"",""Argentina"",""5510"",""Producción"",""01234"",""Tomates, frescos"",""2012"",""2012"",""toneladas"",""903082.55"",""I"",""Valor imputado por una agencia receptora"",""""";
"QCL,""Cultivos y productos de ganadería"",""032"",""Argentina"",""5312"",""Área cosechada"",""01234"",""Tomates, frescos"",""2013"",""2013"",""ha"",""16825"",""I"",""Valor imputado por una agencia receptora"",""""";
"QCL,""Cultivos y productos de ganadería"",""032"",""Argentina"",""5412"",""Rendimiento"",""01234"",""Tomates, frescos"",""2013"",""2013"",""kg/ha"",""55033.8"",""E"",""Valor estimado"",""""";
"QCL,""Cultivos y productos de ganadería"",""032"",""Argentina"",""5510"",""Producción"",""01234"",""Tomates, frescos"",""2013"",""2013"",""toneladas"",""925947.12"",""I"",""Valor imputado por una agencia receptora"",""""";
"QCL,""Cultivos y productos de ganadería"",""032"",""Argentina"",""5312"",""Área cosechada"",""01234"",""Tomates, frescos"",""2014"",""2014"",""ha"",""16775"",""I"",""Valor imputado por una agencia receptora"",""""";
"QCL,""Cultivos y productos de ganadería"",""032"",""Argentina"",""5412"",""Rendimiento"",""01234"",""Tomates, frescos"",""2014"",""2014"",""kg/ha"",""56585.8"",""E"",""Valor estimado"",""""";
"QCL,""Cultivos y productos de ganadería"",""032"",""Argentina"",""5510"",""Producción"",""01234"",""Tomates, frescos"",""2014"",""2014"",""toneladas"",""949246.42"",""I"",""Valor imputado por una agencia receptora"",""""";
"QCL,""Cultivos y productos de ganadería"",""032"",""Argentina"",""5312"",""Área cosechada"",""01234"",""Tomates, frescos"",""2015"",""2015"",""ha"",""16751"",""I"",""Valor imputado por una agencia receptora"",""""";
"QCL,""Cultivos y productos de ganadería"",""032"",""Argentina"",""5412"",""Rendimiento"",""01234"",""Tomates, frescos"",""2015"",""2015"",""kg/ha"",""58112"",""E"",""Valor estimado"",""""";
"QCL,""Cultivos y productos de ganadería"",""032"",""Argentina"",""5510"",""Producción"",""01234"",""Tomates, frescos"",""2015"",""2015"",""toneladas"",""973450.2"",""I"",""Valor imputado por una agencia receptora"",""""";
"QCL,""Cultivos y productos de ganadería"",""032"",""Argentina"",""5312"",""Área cosechada"",""01234"",""Tomates, frescos"",""2016"",""2016"",""ha"",""16752"",""I"",""Valor imputado por una agencia receptora"",""""";
"QCL,""Cultivos y productos de ganadería"",""032"",""Argentina"",""5412"",""Rendimiento"",""01234"",""Tomates, frescos"",""2016"",""2016"",""kg/ha"",""59608"",""E"",""Valor estimado"",""""";
"QCL,""Cultivos y productos de ganadería"",""032"",""Argentina"",""5510"",""Producción"",""01234"",""Tomates, frescos"",""2016"",""2016"",""toneladas"",""998555.03"",""I"",""Valor imputado por una agencia receptora"",""""";
"QCL,""Cultivos y productos de ganadería"",""032"",""Argentina"",""5312"",""Área cosechada"",""01234"",""Tomates, frescos"",""2017"",""2017"",""ha"",""16845"",""I"",""Valor imputado por una agencia receptora"",""""";
"QCL,""Cultivos y productos de ganadería"",""032"",""Argentina"",""5412"",""Rendimiento"",""01234"",""Tomates, frescos"",""2017"",""2017"",""kg/ha"",""61078.2"",""E"",""Valor estimado"",""""";
"QCL,""Cultivos y productos de ganadería"",""032"",""Argentina"",""5510"",""Producción"",""01234"",""Tomates, frescos"",""2017"",""2017"",""toneladas"",""1028879.65"",""I"",""Valor imputado por una agencia receptora"",""""";
"QCL,""Cultivos y productos de ganadería"",""032"",""Argentina"",""5312"",""Área cosechada"",""01234"",""Tomates, frescos"",""2018"",""2018"",""ha"",""17224"",""I"",""Valor imputado por una agencia receptora"",""""";
"QCL,""Cultivos y productos de ganadería"",""032"",""Argentina"",""5412"",""Rendimiento"",""01234"",""Tomates, frescos"",""2018"",""2018"",""kg/ha"",""64040.6"",""E"",""Valor estimado"",""""";
"QCL,""Cultivos y productos de ganadería"",""032"",""Argentina"",""5510"",""Producción"",""01234"",""Tomates, frescos"",""2018"",""2018"",""toneladas"",""1103042.86"",""I"",""Valor imputado por una agencia receptora"",""""";
"QCL,""Cultivos y productos de ganadería"",""032"",""Argentina"",""5312"",""Área cosechada"",""01234"",""Tomates, frescos"",""2019"",""2019"",""ha"",""17312"",""A"",""Valor oficial"",""""";
"QCL,""Cultivos y productos de ganadería"",""032"",""Argentina"",""5412"",""Rendimiento"",""01234"",""Tomates, frescos"",""2019"",""2019"",""kg/ha"",""67121.1"",""A"",""Valor oficial"",""""";
"QCL,""Cultivos y productos de ganadería"",""032"",""Argentina"",""5510"",""Producción"",""01234"",""Tomates, frescos"",""2019"",""2019"",""toneladas"",""1162000"",""A"",""Valor oficial"",""""";
"QCL,""Cultivos y productos de ganadería"",""032"",""Argentina"",""5312"",""Área cosechada"",""01234"",""Tomates, frescos"",""2020"",""2020"",""ha"",""17935"",""A"",""Valor oficial"",""""";
"QCL,""Cultivos y productos de ganadería"",""032"",""Argentina"",""5412"",""Rendimiento"",""01234"",""Tomates, frescos"",""2020"",""2020"",""kg/ha"",""68079.2"",""A"",""Valor oficial"",""""";
"QCL,""Cultivos y productos de ganadería"",""032"",""Argentina"",""5510"",""Producción"",""01234"",""Tomates, frescos"",""2020"",""2020"",""toneladas"",""1221000"",""A"",""Valor oficial"",""""";
"QCL,""Cultivos y productos de ganadería"",""032"",""Argentina"",""5312"",""Área cosechada"",""01234"",""Tomates, frescos"",""2021"",""2021"",""ha"",""19131"",""A"",""Valor oficial"",""""";
"QCL,""Cultivos y productos de ganadería"",""032"",""Argentina"",""5412"",""Rendimiento"",""01234"",""Tomates, frescos"",""2021"",""2021"",""kg/ha"",""71193.4"",""A"",""Valor oficial"",""""";
"QCL,""Cultivos y productos de ganadería"",""032"",""Argentina"",""5510"",""Producción"",""01234"",""Tomates, frescos"",""2021"",""2021"",""toneladas"",""1362000"",""A"",""Valor oficial"",""""";
"QCL,""Cultivos y productos de ganadería"",""032"",""Argentina"",""5312"",""Área cosechada"",""01234"",""Tomates, frescos"",""2022"",""2022"",""ha"",""19445"",""A"",""Valor oficial"",""""";
"QCL,""Cultivos y productos de ganadería"",""032"",""Argentina"",""5412"",""Rendimiento"",""01234"",""Tomates, frescos"",""2022"",""2022"",""kg/ha"",""71638"",""A"",""Valor oficial"",""""";
"QCL,""Cultivos y productos de ganadería"",""032"",""Argentina"",""5510"",""Producción"",""01234"",""Tomates, frescos"",""2022"",""2022"",""toneladas"",""1393000"",""A"",""Valor oficial"",""""";
"QCL,""Cultivos y productos de ganadería"",""032"",""Argentina"",""5312"",""Área cosechada"",""01234"",""Tomates, frescos"",""2023"",""2023"",""ha"",""19457"",""I"",""Valor imputado por una agencia receptora"",""""";
"QCL,""Cultivos y productos de ganadería"",""032"",""Argentina"",""5412"",""Rendimiento"",""01234"",""Tomates, frescos"",""2023"",""2023"",""kg/ha"",""73307.6"",""E"",""Valor estimado"",""""";
"QCL,""Cultivos y productos de ganadería"",""032"",""Argentina"",""5510"",""Producción"",""01234"",""Tomates, frescos"",""2023"",""2023"",""toneladas"",""1426327.92"",""I"",""Valor imputado por una agencia receptora"",""""";
"QCL,""Cultivos y productos de ganadería"",""032"",""Argentina"",""5312"",""Área cosechada"",""01234"",""Tomates, frescos"",""2024"",""2024"",""ha"",""18703"",""I"",""Valor imputado por una agencia receptora"",""""";
"QCL,""Cultivos y productos de ganadería"",""032"",""Argentina"",""5412"",""Rendimiento"",""01234"",""Tomates, frescos"",""2024"",""2024"",""kg/ha"",""74399.6"",""E"",""Valor estimado"",""""";
"QCL,""Cultivos y productos de ganadería"",""032"",""Argentina"",""5510"",""Producción"",""01234"",""Tomates, frescos"",""2024"",""2024"",""toneladas"",""1391495.56"",""I"",""Valor imputado por una agencia receptora"",""""";
"QCL,""Cultivos y productos de ganadería"",""032"",""Argentina"",""5312"",""Área cosechada"",""0111"",""Trigo"",""2010"",""2010"",""ha"",""4531520"",""A"",""Valor oficial"",""""";
"QCL,""Cultivos y productos de ganadería"",""032"",""Argentina"",""5412"",""Rendimiento"",""0111"",""Trigo"",""2010"",""2010"",""kg/ha"",""3503.4"",""A"",""Valor oficial"",""""";
"QCL,""Cultivos y productos de ganadería"",""032"",""Argentina"",""5510"",""Producción"",""0111"",""Trigo"",""2010"",""2010"",""toneladas"",""15875653"",""A"",""Valor oficial"",""""";
"QCL,""Cultivos y productos de ganadería"",""032"",""Argentina"",""5312"",""Área cosechada"",""0111"",""Trigo"",""2011"",""2011"",""ha"",""4496078"",""A"",""Valor oficial"",""""";
"QCL,""Cultivos y productos de ganadería"",""032"",""Argentina"",""5412"",""Rendimiento"",""0111"",""Trigo"",""2011"",""2011"",""kg/ha"",""3225.1"",""A"",""Valor oficial"",""""";
"QCL,""Cultivos y productos de ganadería"",""032"",""Argentina"",""5510"",""Producción"",""0111"",""Trigo"",""2011"",""2011"",""toneladas"",""14500519"",""A"",""Valor oficial"",""""";
"QCL,""Cultivos y productos de ganadería"",""032"",""Argentina"",""5312"",""Área cosechada"",""0111"",""Trigo"",""2012"",""2012"",""ha"",""3018403"",""A"",""Valor oficial"",""""";
"QCL,""Cultivos y productos de ganadería"",""032"",""Argentina"",""5412"",""Rendimiento"",""0111"",""Trigo"",""2012"",""2012"",""kg/ha"",""2658.4"",""A"",""Valor oficial"",""""";
"QCL,""Cultivos y productos de ganadería"",""032"",""Argentina"",""5510"",""Producción"",""0111"",""Trigo"",""2012"",""2012"",""toneladas"",""8023996"",""A"",""Valor oficial"",""""";
"QCL,""Cultivos y productos de ganadería"",""032"",""Argentina"",""5312"",""Área cosechada"",""0111"",""Trigo"",""2013"",""2013"",""ha"",""3451785"",""A"",""Valor oficial"",""""";
"QCL,""Cultivos y productos de ganadería"",""032"",""Argentina"",""5412"",""Rendimiento"",""0111"",""Trigo"",""2013"",""2013"",""kg/ha"",""2661.9"",""A"",""Valor oficial"",""""";
"QCL,""Cultivos y productos de ganadería"",""032"",""Argentina"",""5510"",""Producción"",""0111"",""Trigo"",""2013"",""2013"",""toneladas"",""9188339"",""A"",""Valor oficial"",""""";
"QCL,""Cultivos y productos de ganadería"",""032"",""Argentina"",""5312"",""Área cosechada"",""0111"",""Trigo"",""2014"",""2014"",""ha"",""4957300"",""A"",""Valor oficial"",""""";
"QCL,""Cultivos y productos de ganadería"",""032"",""Argentina"",""5412"",""Rendimiento"",""0111"",""Trigo"",""2014"",""2014"",""kg/ha"",""2810"",""A"",""Valor oficial"",""""";
"QCL,""Cultivos y productos de ganadería"",""032"",""Argentina"",""5510"",""Producción"",""0111"",""Trigo"",""2014"",""2014"",""toneladas"",""13930078"",""A"",""Valor oficial"",""""";
"QCL,""Cultivos y productos de ganadería"",""032"",""Argentina"",""5312"",""Área cosechada"",""0111"",""Trigo"",""2015"",""2015"",""ha"",""3953102"",""A"",""Valor oficial"",""""";
"QCL,""Cultivos y productos de ganadería"",""032"",""Argentina"",""5412"",""Rendimiento"",""0111"",""Trigo"",""2015"",""2015"",""kg/ha"",""2862.3"",""A"",""Valor oficial"",""""";
"QCL,""Cultivos y productos de ganadería"",""032"",""Argentina"",""5510"",""Producción"",""0111"",""Trigo"",""2015"",""2015"",""toneladas"",""11314952"",""A"",""Valor oficial"",""""";
"QCL,""Cultivos y productos de ganadería"",""032"",""Argentina"",""5312"",""Área cosechada"",""0111"",""Trigo"",""2016"",""2016"",""ha"",""5566385"",""A"",""Valor oficial"",""""";
"QCL,""Cultivos y productos de ganadería"",""032"",""Argentina"",""5412"",""Rendimiento"",""0111"",""Trigo"",""2016"",""2016"",""kg/ha"",""3304.7"",""A"",""Valor oficial"",""""";
"QCL,""Cultivos y productos de ganadería"",""032"",""Argentina"",""5510"",""Producción"",""0111"",""Trigo"",""2016"",""2016"",""toneladas"",""18395106"",""A"",""Valor oficial"",""""";
"QCL,""Cultivos y productos de ganadería"",""032"",""Argentina"",""5312"",""Área cosechada"",""0111"",""Trigo"",""2017"",""2017"",""ha"",""5822173"",""A"",""Valor oficial"",""""";
"QCL,""Cultivos y productos de ganadería"",""032"",""Argentina"",""5412"",""Rendimiento"",""0111"",""Trigo"",""2017"",""2017"",""kg/ha"",""3180.6"",""A"",""Valor oficial"",""""";
"QCL,""Cultivos y productos de ganadería"",""032"",""Argentina"",""5510"",""Producción"",""0111"",""Trigo"",""2017"",""2017"",""toneladas"",""18518045"",""A"",""Valor oficial"",""""";
"QCL,""Cultivos y productos de ganadería"",""032"",""Argentina"",""5312"",""Área cosechada"",""0111"",""Trigo"",""2018"",""2018"",""ha"",""6050953"",""A"",""Valor oficial"",""""";
"QCL,""Cultivos y productos de ganadería"",""032"",""Argentina"",""5412"",""Rendimiento"",""0111"",""Trigo"",""2018"",""2018"",""kg/ha"",""3216"",""A"",""Valor oficial"",""""";
"QCL,""Cultivos y productos de ganadería"",""032"",""Argentina"",""5510"",""Producción"",""0111"",""Trigo"",""2018"",""2018"",""toneladas"",""19459727"",""A"",""Valor oficial"",""""";
"QCL,""Cultivos y productos de ganadería"",""032"",""Argentina"",""5312"",""Área cosechada"",""0111"",""Trigo"",""2019"",""2019"",""ha"",""6729838"",""A"",""Valor oficial"",""""";
"QCL,""Cultivos y productos de ganadería"",""032"",""Argentina"",""5412"",""Rendimiento"",""0111"",""Trigo"",""2019"",""2019"",""kg/ha"",""2938.7"",""A"",""Valor oficial"",""""";
"QCL,""Cultivos y productos de ganadería"",""032"",""Argentina"",""5510"",""Producción"",""0111"",""Trigo"",""2019"",""2019"",""toneladas"",""19776942"",""A"",""Valor oficial"",""""";
"QCL,""Cultivos y productos de ganadería"",""032"",""Argentina"",""5312"",""Área cosechada"",""0111"",""Trigo"",""2020"",""2020"",""ha"",""6394102"",""A"",""Valor oficial"",""""";
"QCL,""Cultivos y productos de ganadería"",""032"",""Argentina"",""5412"",""Rendimiento"",""0111"",""Trigo"",""2020"",""2020"",""kg/ha"",""2759.5"",""A"",""Valor oficial"",""""";
"QCL,""Cultivos y productos de ganadería"",""032"",""Argentina"",""5510"",""Producción"",""0111"",""Trigo"",""2020"",""2020"",""toneladas"",""17644277"",""A"",""Valor oficial"",""""";
"QCL,""Cultivos y productos de ganadería"",""032"",""Argentina"",""5312"",""Área cosechada"",""0111"",""Trigo"",""2021"",""2021"",""ha"",""6548477"",""A"",""Valor oficial"",""""";
"QCL,""Cultivos y productos de ganadería"",""032"",""Argentina"",""5412"",""Rendimiento"",""0111"",""Trigo"",""2021"",""2021"",""kg/ha"",""3382.5"",""A"",""Valor oficial"",""""";
"QCL,""Cultivos y productos de ganadería"",""032"",""Argentina"",""5510"",""Producción"",""0111"",""Trigo"",""2021"",""2021"",""toneladas"",""22150287"",""A"",""Valor oficial"",""""";
"QCL,""Cultivos y productos de ganadería"",""032"",""Argentina"",""5312"",""Área cosechada"",""0111"",""Trigo"",""2022"",""2022"",""ha"",""5488728"",""A"",""Valor oficial"",""""";
"QCL,""Cultivos y productos de ganadería"",""032"",""Argentina"",""5412"",""Rendimiento"",""0111"",""Trigo"",""2022"",""2022"",""kg/ha"",""2287.6"",""A"",""Valor oficial"",""""";
"QCL,""Cultivos y productos de ganadería"",""032"",""Argentina"",""5510"",""Producción"",""0111"",""Trigo"",""2022"",""2022"",""toneladas"",""12555860"",""A"",""Valor oficial"",""""";
"QCL,""Cultivos y productos de ganadería"",""032"",""Argentina"",""5312"",""Área cosechada"",""0111"",""Trigo"",""2023"",""2023"",""ha"",""5575352"",""A"",""Valor oficial"",""""";
"QCL,""Cultivos y productos de ganadería"",""032"",""Argentina"",""5412"",""Rendimiento"",""0111"",""Trigo"",""2023"",""2023"",""kg/ha"",""2843.4"",""A"",""Valor oficial"",""""";
"QCL,""Cultivos y productos de ganadería"",""032"",""Argentina"",""5510"",""Producción"",""0111"",""Trigo"",""2023"",""2023"",""toneladas"",""15853154"",""A"",""Valor oficial"",""""";
"QCL,""Cultivos y productos de ganadería"",""032"",""Argentina"",""5312"",""Área cosechada"",""0111"",""Trigo"",""2024"",""2024"",""ha"",""6341303"",""A"",""Valor oficial"",""""";
"QCL,""Cultivos y productos de ganadería"",""032"",""Argentina"",""5412"",""Rendimiento"",""0111"",""Trigo"",""2024"",""2024"",""kg/ha"",""2919"",""A"",""Valor oficial"",""""";
"QCL,""Cultivos y productos de ganadería"",""032"",""Argentina"",""5510"",""Producción"",""0111"",""Trigo"",""2024"",""2024"",""toneladas"",""18510280"",""A"",""Valor oficial"",""""";
"QCL,""Cultivos y productos de ganadería"",""032"",""Argentina"",""5312"",""Área cosechada"",""01330"",""Uvas"",""2010"",""2010"",""ha"",""217750"",""A"",""Valor oficial"",""""";
"QCL,""Cultivos y productos de ganadería"",""032"",""Argentina"",""5412"",""Rendimiento"",""01330"",""Uvas"",""2010"",""2010"",""kg/ha"",""12030.6"",""A"",""Valor oficial"",""""";
"QCL,""Cultivos y productos de ganadería"",""032"",""Argentina"",""5510"",""Producción"",""01330"",""Uvas"",""2010"",""2010"",""toneladas"",""2619660.5"",""A"",""Valor oficial"",""""";
"QCL,""Cultivos y productos de ganadería"",""032"",""Argentina"",""5312"",""Área cosechada"",""01330"",""Uvas"",""2011"",""2011"",""ha"",""218499"",""A"",""Valor oficial"",""""";
"QCL,""Cultivos y productos de ganadería"",""032"",""Argentina"",""5412"",""Rendimiento"",""01330"",""Uvas"",""2011"",""2011"",""kg/ha"",""13228"",""A"",""Valor oficial"",""""";
"QCL,""Cultivos y productos de ganadería"",""032"",""Argentina"",""5510"",""Producción"",""01330"",""Uvas"",""2011"",""2011"",""toneladas"",""2890296.2"",""A"",""Valor oficial"",""""";
"QCL,""Cultivos y productos de ganadería"",""032"",""Argentina"",""5312"",""Área cosechada"",""01330"",""Uvas"",""2012"",""2012"",""ha"",""221202"",""A"",""Valor oficial"",""""";
"QCL,""Cultivos y productos de ganadería"",""032"",""Argentina"",""5412"",""Rendimiento"",""01330"",""Uvas"",""2012"",""2012"",""kg/ha"",""10145.6"",""A"",""Valor oficial"",""""";
"QCL,""Cultivos y productos de ganadería"",""032"",""Argentina"",""5510"",""Producción"",""01330"",""Uvas"",""2012"",""2012"",""toneladas"",""2244219.8"",""A"",""Valor oficial"",""""";
"QCL,""Cultivos y productos de ganadería"",""032"",""Argentina"",""5312"",""Área cosechada"",""01330"",""Uvas"",""2013"",""2013"",""ha"",""223580"",""A"",""Valor oficial"",""""";
"QCL,""Cultivos y productos de ganadería"",""032"",""Argentina"",""5412"",""Rendimiento"",""01330"",""Uvas"",""2013"",""2013"",""kg/ha"",""12844.4"",""A"",""Valor oficial"",""""";
"QCL,""Cultivos y productos de ganadería"",""032"",""Argentina"",""5510"",""Producción"",""01330"",""Uvas"",""2013"",""2013"",""toneladas"",""2871749"",""A"",""Valor oficial"",""""";
"QCL,""Cultivos y productos de ganadería"",""032"",""Argentina"",""5312"",""Área cosechada"",""01330"",""Uvas"",""2014"",""2014"",""ha"",""226388"",""A"",""Valor oficial"",""""";
"QCL,""Cultivos y productos de ganadería"",""032"",""Argentina"",""5412"",""Rendimiento"",""01330"",""Uvas"",""2014"",""2014"",""kg/ha"",""11639.8"",""A"",""Valor oficial"",""""";
"QCL,""Cultivos y productos de ganadería"",""032"",""Argentina"",""5510"",""Producción"",""01330"",""Uvas"",""2014"",""2014"",""toneladas"",""2635109"",""A"",""Valor oficial"",""""";
"QCL,""Cultivos y productos de ganadería"",""032"",""Argentina"",""5312"",""Área cosechada"",""01330"",""Uvas"",""2015"",""2015"",""ha"",""224707"",""A"",""Valor oficial"",""""";
"QCL,""Cultivos y productos de ganadería"",""032"",""Argentina"",""5412"",""Rendimiento"",""01330"",""Uvas"",""2015"",""2015"",""kg/ha"",""10749.9"",""A"",""Valor oficial"",""""";
"QCL,""Cultivos y productos de ganadería"",""032"",""Argentina"",""5510"",""Producción"",""01330"",""Uvas"",""2015"",""2015"",""toneladas"",""2415571"",""A"",""Valor oficial"",""""";
"QCL,""Cultivos y productos de ganadería"",""032"",""Argentina"",""5312"",""Área cosechada"",""01330"",""Uvas"",""2016"",""2016"",""ha"",""223944"",""A"",""Valor oficial"",""""";
"QCL,""Cultivos y productos de ganadería"",""032"",""Argentina"",""5412"",""Rendimiento"",""01330"",""Uvas"",""2016"",""2016"",""kg/ha"",""7852"",""A"",""Valor oficial"",""""";
"QCL,""Cultivos y productos de ganadería"",""032"",""Argentina"",""5510"",""Producción"",""01330"",""Uvas"",""2016"",""2016"",""toneladas"",""1758418"",""A"",""Valor oficial"",""""";
"QCL,""Cultivos y productos de ganadería"",""032"",""Argentina"",""5312"",""Área cosechada"",""01330"",""Uvas"",""2017"",""2017"",""ha"",""220848"",""A"",""Valor oficial"",""""";
"QCL,""Cultivos y productos de ganadería"",""032"",""Argentina"",""5412"",""Rendimiento"",""01330"",""Uvas"",""2017"",""2017"",""kg/ha"",""8898.5"",""A"",""Valor oficial"",""""";
"QCL,""Cultivos y productos de ganadería"",""032"",""Argentina"",""5510"",""Producción"",""01330"",""Uvas"",""2017"",""2017"",""toneladas"",""1965205.5"",""A"",""Valor oficial"",""""";
"QCL,""Cultivos y productos de ganadería"",""032"",""Argentina"",""5312"",""Área cosechada"",""01330"",""Uvas"",""2018"",""2018"",""ha"",""218233"",""A"",""Valor oficial"",""""";
"QCL,""Cultivos y productos de ganadería"",""032"",""Argentina"",""5412"",""Rendimiento"",""01330"",""Uvas"",""2018"",""2018"",""kg/ha"",""11791.6"",""A"",""Valor oficial"",""""";
"QCL,""Cultivos y productos de ganadería"",""032"",""Argentina"",""5510"",""Producción"",""01330"",""Uvas"",""2018"",""2018"",""toneladas"",""2573311.4"",""A"",""Valor oficial"",""""";
"QCL,""Cultivos y productos de ganadería"",""032"",""Argentina"",""5312"",""Área cosechada"",""01330"",""Uvas"",""2019"",""2019"",""ha"",""215169"",""A"",""Valor oficial"",""""";
"QCL,""Cultivos y productos de ganadería"",""032"",""Argentina"",""5412"",""Rendimiento"",""01330"",""Uvas"",""2019"",""2019"",""kg/ha"",""11711.2"",""A"",""Valor oficial"",""""";
"QCL,""Cultivos y productos de ganadería"",""032"",""Argentina"",""5510"",""Producción"",""01330"",""Uvas"",""2019"",""2019"",""toneladas"",""2519886.2"",""A"",""Valor oficial"",""""";
"QCL,""Cultivos y productos de ganadería"",""032"",""Argentina"",""5312"",""Área cosechada"",""01330"",""Uvas"",""2020"",""2020"",""ha"",""214798"",""A"",""Valor oficial"",""""";
"QCL,""Cultivos y productos de ganadería"",""032"",""Argentina"",""5412"",""Rendimiento"",""01330"",""Uvas"",""2020"",""2020"",""kg/ha"",""9570.6"",""A"",""Valor oficial"",""""";
"QCL,""Cultivos y productos de ganadería"",""032"",""Argentina"",""5510"",""Producción"",""01330"",""Uvas"",""2020"",""2020"",""toneladas"",""2055746"",""A"",""Valor oficial"",""""";
"QCL,""Cultivos y productos de ganadería"",""032"",""Argentina"",""5312"",""Área cosechada"",""01330"",""Uvas"",""2021"",""2021"",""ha"",""211099"",""A"",""Valor oficial"",""""";
"QCL,""Cultivos y productos de ganadería"",""032"",""Argentina"",""5412"",""Rendimiento"",""01330"",""Uvas"",""2021"",""2021"",""kg/ha"",""10617.9"",""A"",""Valor oficial"",""""";
"QCL,""Cultivos y productos de ganadería"",""032"",""Argentina"",""5510"",""Producción"",""01330"",""Uvas"",""2021"",""2021"",""toneladas"",""2241419.72"",""A"",""Valor oficial"",""""";
"QCL,""Cultivos y productos de ganadería"",""032"",""Argentina"",""5312"",""Área cosechada"",""01330"",""Uvas"",""2022"",""2022"",""ha"",""207047"",""A"",""Valor oficial"",""""";
"QCL,""Cultivos y productos de ganadería"",""032"",""Argentina"",""5412"",""Rendimiento"",""01330"",""Uvas"",""2022"",""2022"",""kg/ha"",""9354.4"",""A"",""Valor oficial"",""""";
"QCL,""Cultivos y productos de ganadería"",""032"",""Argentina"",""5510"",""Producción"",""01330"",""Uvas"",""2022"",""2022"",""toneladas"",""1936803"",""A"",""Valor oficial"",""""";
"QCL,""Cultivos y productos de ganadería"",""032"",""Argentina"",""5312"",""Área cosechada"",""01330"",""Uvas"",""2023"",""2023"",""ha"",""204847"",""A"",""Valor oficial"",""""";
"QCL,""Cultivos y productos de ganadería"",""032"",""Argentina"",""5412"",""Rendimiento"",""01330"",""Uvas"",""2023"",""2023"",""kg/ha"",""7104.4"",""A"",""Valor oficial"",""""";
"QCL,""Cultivos y productos de ganadería"",""032"",""Argentina"",""5510"",""Producción"",""01330"",""Uvas"",""2023"",""2023"",""toneladas"",""1455312"",""A"",""Valor oficial"",""""";
"QCL,""Cultivos y productos de ganadería"",""032"",""Argentina"",""5312"",""Área cosechada"",""01330"",""Uvas"",""2024"",""2024"",""ha"",""199946"",""A"",""Valor oficial"",""""";
"QCL,""Cultivos y productos de ganadería"",""032"",""Argentina"",""5412"",""Rendimiento"",""01330"",""Uvas"",""2024"",""2024"",""kg/ha"",""9597.5"",""A"",""Valor oficial"",""""";
"QCL,""Cultivos y productos de ganadería"",""032"",""Argentina"",""5510"",""Producción"",""01330"",""Uvas"",""2024"",""2024"",""toneladas"",""1918974"",""A"",""Valor oficial"",""""";
"QCL,""Cultivos y productos de ganadería"",""032"",""Argentina"",""5312"",""Área cosechada"",""01520.01"",""Yuca, fresca"",""2010"",""2010"",""ha"",""18000"",""E"",""Valor estimado"",""""";
"QCL,""Cultivos y productos de ganadería"",""032"",""Argentina"",""5412"",""Rendimiento"",""01520.01"",""Yuca, fresca"",""2010"",""2010"",""kg/ha"",""10100"",""E"",""Valor estimado"",""""";
"QCL,""Cultivos y productos de ganadería"",""032"",""Argentina"",""5510"",""Producción"",""01520.01"",""Yuca, fresca"",""2010"",""2010"",""toneladas"",""181800"",""E"",""Valor estimado"",""""";
"QCL,""Cultivos y productos de ganadería"",""032"",""Argentina"",""5312"",""Área cosechada"",""01520.01"",""Yuca, fresca"",""2011"",""2011"",""ha"",""18500"",""E"",""Valor estimado"",""""";
"QCL,""Cultivos y productos de ganadería"",""032"",""Argentina"",""5412"",""Rendimiento"",""01520.01"",""Yuca, fresca"",""2011"",""2011"",""kg/ha"",""10000"",""E"",""Valor estimado"",""""";
"QCL,""Cultivos y productos de ganadería"",""032"",""Argentina"",""5510"",""Producción"",""01520.01"",""Yuca, fresca"",""2011"",""2011"",""toneladas"",""185000"",""E"",""Valor estimado"",""""";
"QCL,""Cultivos y productos de ganadería"",""032"",""Argentina"",""5312"",""Área cosechada"",""01520.01"",""Yuca, fresca"",""2012"",""2012"",""ha"",""18700"",""E"",""Valor estimado"",""""";
"QCL,""Cultivos y productos de ganadería"",""032"",""Argentina"",""5412"",""Rendimiento"",""01520.01"",""Yuca, fresca"",""2012"",""2012"",""kg/ha"",""10000"",""E"",""Valor estimado"",""""";
"QCL,""Cultivos y productos de ganadería"",""032"",""Argentina"",""5510"",""Producción"",""01520.01"",""Yuca, fresca"",""2012"",""2012"",""toneladas"",""187000"",""E"",""Valor estimado"",""""";
"QCL,""Cultivos y productos de ganadería"",""032"",""Argentina"",""5312"",""Área cosechada"",""01520.01"",""Yuca, fresca"",""2013"",""2013"",""ha"",""18500"",""E"",""Valor estimado"",""""";
"QCL,""Cultivos y productos de ganadería"",""032"",""Argentina"",""5412"",""Rendimiento"",""01520.01"",""Yuca, fresca"",""2013"",""2013"",""kg/ha"",""9945.9"",""E"",""Valor estimado"",""""";
"QCL,""Cultivos y productos de ganadería"",""032"",""Argentina"",""5510"",""Producción"",""01520.01"",""Yuca, fresca"",""2013"",""2013"",""toneladas"",""184000"",""E"",""Valor estimado"",""""";
"QCL,""Cultivos y productos de ganadería"",""032"",""Argentina"",""5312"",""Área cosechada"",""01520.01"",""Yuca, fresca"",""2014"",""2014"",""ha"",""18749"",""I"",""Valor imputado por una agencia receptora"",""""";
"QCL,""Cultivos y productos de ganadería"",""032"",""Argentina"",""5412"",""Rendimiento"",""01520.01"",""Yuca, fresca"",""2014"",""2014"",""kg/ha"",""9920.8"",""E"",""Valor estimado"",""""";
"QCL,""Cultivos y productos de ganadería"",""032"",""Argentina"",""5510"",""Producción"",""01520.01"",""Yuca, fresca"",""2014"",""2014"",""toneladas"",""186009.55"",""I"",""Valor imputado por una agencia receptora"",""""";
"QCL,""Cultivos y productos de ganadería"",""032"",""Argentina"",""5312"",""Área cosechada"",""01520.01"",""Yuca, fresca"",""2015"",""2015"",""ha"",""19002"",""I"",""Valor imputado por una agencia receptora"",""""";
"QCL,""Cultivos y productos de ganadería"",""032"",""Argentina"",""5412"",""Rendimiento"",""01520.01"",""Yuca, fresca"",""2015"",""2015"",""kg/ha"",""10016.3"",""E"",""Valor estimado"",""""";
"QCL,""Cultivos y productos de ganadería"",""032"",""Argentina"",""5510"",""Producción"",""01520.01"",""Yuca, fresca"",""2015"",""2015"",""toneladas"",""190329.78"",""I"",""Valor imputado por una agencia receptora"",""""";
"QCL,""Cultivos y productos de ganadería"",""032"",""Argentina"",""5312"",""Área cosechada"",""01520.01"",""Yuca, fresca"",""2016"",""2016"",""ha"",""19129"",""I"",""Valor imputado por una agencia receptora"",""""";
"QCL,""Cultivos y productos de ganadería"",""032"",""Argentina"",""5412"",""Rendimiento"",""01520.01"",""Yuca, fresca"",""2016"",""2016"",""kg/ha"",""10036.4"",""E"",""Valor estimado"",""""";
"QCL,""Cultivos y productos de ganadería"",""032"",""Argentina"",""5510"",""Producción"",""01520.01"",""Yuca, fresca"",""2016"",""2016"",""toneladas"",""191984.01"",""I"",""Valor imputado por una agencia receptora"",""""";
"QCL,""Cultivos y productos de ganadería"",""032"",""Argentina"",""5312"",""Área cosechada"",""01520.01"",""Yuca, fresca"",""2017"",""2017"",""ha"",""19284"",""I"",""Valor imputado por una agencia receptora"",""""";
"QCL,""Cultivos y productos de ganadería"",""032"",""Argentina"",""5412"",""Rendimiento"",""01520.01"",""Yuca, fresca"",""2017"",""2017"",""kg/ha"",""10030.4"",""E"",""Valor estimado"",""""";
"QCL,""Cultivos y productos de ganadería"",""032"",""Argentina"",""5510"",""Producción"",""01520.01"",""Yuca, fresca"",""2017"",""2017"",""toneladas"",""193430.03"",""I"",""Valor imputado por una agencia receptora"",""""";
"QCL,""Cultivos y productos de ganadería"",""032"",""Argentina"",""5312"",""Área cosechada"",""01520.01"",""Yuca, fresca"",""2018"",""2018"",""ha"",""19463"",""I"",""Valor imputado por una agencia receptora"",""""";
"QCL,""Cultivos y productos de ganadería"",""032"",""Argentina"",""5412"",""Rendimiento"",""01520.01"",""Yuca, fresca"",""2018"",""2018"",""kg/ha"",""10022.5"",""E"",""Valor estimado"",""""";
"QCL,""Cultivos y productos de ganadería"",""032"",""Argentina"",""5510"",""Producción"",""01520.01"",""Yuca, fresca"",""2018"",""2018"",""toneladas"",""195071.87"",""I"",""Valor imputado por una agencia receptora"",""""";
"QCL,""Cultivos y productos de ganadería"",""032"",""Argentina"",""5312"",""Área cosechada"",""01520.01"",""Yuca, fresca"",""2019"",""2019"",""ha"",""19636"",""I"",""Valor imputado por una agencia receptora"",""""";
"QCL,""Cultivos y productos de ganadería"",""032"",""Argentina"",""5412"",""Rendimiento"",""01520.01"",""Yuca, fresca"",""2019"",""2019"",""kg/ha"",""10018"",""E"",""Valor estimado"",""""";
"QCL,""Cultivos y productos de ganadería"",""032"",""Argentina"",""5510"",""Producción"",""01520.01"",""Yuca, fresca"",""2019"",""2019"",""toneladas"",""196709.55"",""I"",""Valor imputado por una agencia receptora"",""""";
"QCL,""Cultivos y productos de ganadería"",""032"",""Argentina"",""5312"",""Área cosechada"",""01520.01"",""Yuca, fresca"",""2020"",""2020"",""ha"",""19776"",""I"",""Valor imputado por una agencia receptora"",""""";
"QCL,""Cultivos y productos de ganadería"",""032"",""Argentina"",""5412"",""Rendimiento"",""01520.01"",""Yuca, fresca"",""2020"",""2020"",""kg/ha"",""10016.9"",""E"",""Valor estimado"",""""";
"QCL,""Cultivos y productos de ganadería"",""032"",""Argentina"",""5510"",""Producción"",""01520.01"",""Yuca, fresca"",""2020"",""2020"",""toneladas"",""198098.18"",""I"",""Valor imputado por una agencia receptora"",""""";
"QCL,""Cultivos y productos de ganadería"",""032"",""Argentina"",""5312"",""Área cosechada"",""01520.01"",""Yuca, fresca"",""2021"",""2021"",""ha"",""20006"",""I"",""Valor imputado por una agencia receptora"",""""";
"QCL,""Cultivos y productos de ganadería"",""032"",""Argentina"",""5412"",""Rendimiento"",""01520.01"",""Yuca, fresca"",""2021"",""2021"",""kg/ha"",""10020.1"",""E"",""Valor estimado"",""""";
"QCL,""Cultivos y productos de ganadería"",""032"",""Argentina"",""5510"",""Producción"",""01520.01"",""Yuca, fresca"",""2021"",""2021"",""toneladas"",""200463.41"",""I"",""Valor imputado por una agencia receptora"",""""";
"QCL,""Cultivos y productos de ganadería"",""032"",""Argentina"",""5312"",""Área cosechada"",""01520.01"",""Yuca, fresca"",""2022"",""2022"",""ha"",""20120"",""I"",""Valor imputado por una agencia receptora"",""""";
"QCL,""Cultivos y productos de ganadería"",""032"",""Argentina"",""5412"",""Rendimiento"",""01520.01"",""Yuca, fresca"",""2022"",""2022"",""kg/ha"",""10020.5"",""E"",""Valor estimado"",""""";
"QCL,""Cultivos y productos de ganadería"",""032"",""Argentina"",""5510"",""Producción"",""01520.01"",""Yuca, fresca"",""2022"",""2022"",""toneladas"",""201610.88"",""I"",""Valor imputado por una agencia receptora"",""""";
"QCL,""Cultivos y productos de ganadería"",""032"",""Argentina"",""5312"",""Área cosechada"",""01520.01"",""Yuca, fresca"",""2023"",""2023"",""ha"",""19967"",""E"",""Valor estimado"",""""";
"QCL,""Cultivos y productos de ganadería"",""032"",""Argentina"",""5412"",""Rendimiento"",""01520.01"",""Yuca, fresca"",""2023"",""2023"",""kg/ha"",""10173.1"",""E"",""Valor estimado"",""""";
"QCL,""Cultivos y productos de ganadería"",""032"",""Argentina"",""5510"",""Producción"",""01520.01"",""Yuca, fresca"",""2023"",""2023"",""toneladas"",""203130.38"",""I"",""Valor imputado por una agencia receptora"",""""";
"QCL,""Cultivos y productos de ganadería"",""032"",""Argentina"",""5312"",""Área cosechada"",""01520.01"",""Yuca, fresca"",""2024"",""2024"",""ha"",""20031"",""E"",""Valor estimado"",""""";
"QCL,""Cultivos y productos de ganadería"",""032"",""Argentina"",""5412"",""Rendimiento"",""01520.01"",""Yuca, fresca"",""2024"",""2024"",""kg/ha"",""10071.1"",""E"",""Valor estimado"",""""";
"QCL,""Cultivos y productos de ganadería"",""032"",""Argentina"",""5510"",""Producción"",""01520.01"",""Yuca, fresca"",""2024"",""2024"",""toneladas"",""201734.89"",""E"",""Valor estimado"",""""";
"QCL,""Cultivos y productos de ganadería"",""032"",""Argentina"",""5312"",""Área cosechada"",""01251"",""Zanahorias y nabos"",""2010"",""2010"",""ha"",""9375"",""I"",""Valor imputado por una agencia receptora"",""""";
"QCL,""Cultivos y productos de ganadería"",""032"",""Argentina"",""5412"",""Rendimiento"",""01251"",""Zanahorias y nabos"",""2010"",""2010"",""kg/ha"",""27371.3"",""E"",""Valor estimado"",""""";
"QCL,""Cultivos y productos de ganadería"",""032"",""Argentina"",""5510"",""Producción"",""01251"",""Zanahorias y nabos"",""2010"",""2010"",""toneladas"",""256601.58"",""I"",""Valor imputado por una agencia receptora"",""""";
"QCL,""Cultivos y productos de ganadería"",""032"",""Argentina"",""5312"",""Área cosechada"",""01251"",""Zanahorias y nabos"",""2011"",""2011"",""ha"",""9416"",""I"",""Valor imputado por una agencia receptora"",""""";
"QCL,""Cultivos y productos de ganadería"",""032"",""Argentina"",""5412"",""Rendimiento"",""01251"",""Zanahorias y nabos"",""2011"",""2011"",""kg/ha"",""27715.2"",""E"",""Valor estimado"",""""";
"QCL,""Cultivos y productos de ganadería"",""032"",""Argentina"",""5510"",""Producción"",""01251"",""Zanahorias y nabos"",""2011"",""2011"",""toneladas"",""260966.43"",""I"",""Valor imputado por una agencia receptora"",""""";
"QCL,""Cultivos y productos de ganadería"",""032"",""Argentina"",""5312"",""Área cosechada"",""01251"",""Zanahorias y nabos"",""2012"",""2012"",""ha"",""9456"",""I"",""Valor imputado por una agencia receptora"",""""";
"QCL,""Cultivos y productos de ganadería"",""032"",""Argentina"",""5412"",""Rendimiento"",""01251"",""Zanahorias y nabos"",""2012"",""2012"",""kg/ha"",""28066.1"",""E"",""Valor estimado"",""""";
"QCL,""Cultivos y productos de ganadería"",""032"",""Argentina"",""5510"",""Producción"",""01251"",""Zanahorias y nabos"",""2012"",""2012"",""toneladas"",""265382.65"",""I"",""Valor imputado por una agencia receptora"",""""";
"QCL,""Cultivos y productos de ganadería"",""032"",""Argentina"",""5312"",""Área cosechada"",""01251"",""Zanahorias y nabos"",""2013"",""2013"",""ha"",""9496"",""I"",""Valor imputado por una agencia receptora"",""""";
"QCL,""Cultivos y productos de ganadería"",""032"",""Argentina"",""5412"",""Rendimiento"",""01251"",""Zanahorias y nabos"",""2013"",""2013"",""kg/ha"",""28424.4"",""E"",""Valor estimado"",""""";
"QCL,""Cultivos y productos de ganadería"",""032"",""Argentina"",""5510"",""Producción"",""01251"",""Zanahorias y nabos"",""2013"",""2013"",""toneladas"",""269912.24"",""I"",""Valor imputado por una agencia receptora"",""""";
"QCL,""Cultivos y productos de ganadería"",""032"",""Argentina"",""5312"",""Área cosechada"",""01251"",""Zanahorias y nabos"",""2014"",""2014"",""ha"",""9355"",""I"",""Valor imputado por una agencia receptora"",""""";
"QCL,""Cultivos y productos de ganadería"",""032"",""Argentina"",""5412"",""Rendimiento"",""01251"",""Zanahorias y nabos"",""2014"",""2014"",""kg/ha"",""29297.7"",""E"",""Valor estimado"",""""";
"QCL,""Cultivos y productos de ganadería"",""032"",""Argentina"",""5510"",""Producción"",""01251"",""Zanahorias y nabos"",""2014"",""2014"",""toneladas"",""274087.75"",""I"",""Valor imputado por una agencia receptora"",""""";
"QCL,""Cultivos y productos de ganadería"",""032"",""Argentina"",""5312"",""Área cosechada"",""01251"",""Zanahorias y nabos"",""2015"",""2015"",""ha"",""9338"",""I"",""Valor imputado por una agencia receptora"",""""";
"QCL,""Cultivos y productos de ganadería"",""032"",""Argentina"",""5412"",""Rendimiento"",""01251"",""Zanahorias y nabos"",""2015"",""2015"",""kg/ha"",""30006"",""E"",""Valor estimado"",""""";
"QCL,""Cultivos y productos de ganadería"",""032"",""Argentina"",""5510"",""Producción"",""01251"",""Zanahorias y nabos"",""2015"",""2015"",""toneladas"",""280207.86"",""I"",""Valor imputado por una agencia receptora"",""""";
"QCL,""Cultivos y productos de ganadería"",""032"",""Argentina"",""5312"",""Área cosechada"",""01251"",""Zanahorias y nabos"",""2016"",""2016"",""ha"",""9500"",""A"",""Valor oficial"",""""";
"QCL,""Cultivos y productos de ganadería"",""032"",""Argentina"",""5412"",""Rendimiento"",""01251"",""Zanahorias y nabos"",""2016"",""2016"",""kg/ha"",""31789.5"",""A"",""Valor oficial"",""""";
"QCL,""Cultivos y productos de ganadería"",""032"",""Argentina"",""5510"",""Producción"",""01251"",""Zanahorias y nabos"",""2016"",""2016"",""toneladas"",""302000"",""A"",""Valor oficial"",""""";
"QCL,""Cultivos y productos de ganadería"",""032"",""Argentina"",""5312"",""Área cosechada"",""01251"",""Zanahorias y nabos"",""2017"",""2017"",""ha"",""9213"",""I"",""Valor imputado por una agencia receptora"",""""";
"QCL,""Cultivos y productos de ganadería"",""032"",""Argentina"",""5412"",""Rendimiento"",""01251"",""Zanahorias y nabos"",""2017"",""2017"",""kg/ha"",""31507.2"",""E"",""Valor estimado"",""""";
"QCL,""Cultivos y productos de ganadería"",""032"",""Argentina"",""5510"",""Producción"",""01251"",""Zanahorias y nabos"",""2017"",""2017"",""toneladas"",""290290.46"",""I"",""Valor imputado por una agencia receptora"",""""";
"QCL,""Cultivos y productos de ganadería"",""032"",""Argentina"",""5312"",""Área cosechada"",""01251"",""Zanahorias y nabos"",""2018"",""2018"",""ha"",""9128"",""I"",""Valor imputado por una agencia receptora"",""""";
"QCL,""Cultivos y productos de ganadería"",""032"",""Argentina"",""5412"",""Rendimiento"",""01251"",""Zanahorias y nabos"",""2018"",""2018"",""kg/ha"",""31448.9"",""E"",""Valor estimado"",""""";
"QCL,""Cultivos y productos de ganadería"",""032"",""Argentina"",""5510"",""Producción"",""01251"",""Zanahorias y nabos"",""2018"",""2018"",""toneladas"",""287064.67"",""I"",""Valor imputado por una agencia receptora"",""""";
"QCL,""Cultivos y productos de ganadería"",""032"",""Argentina"",""5312"",""Área cosechada"",""01251"",""Zanahorias y nabos"",""2019"",""2019"",""ha"",""9130"",""I"",""Valor imputado por una agencia receptora"",""""";
"QCL,""Cultivos y productos de ganadería"",""032"",""Argentina"",""5412"",""Rendimiento"",""01251"",""Zanahorias y nabos"",""2019"",""2019"",""kg/ha"",""31827.1"",""E"",""Valor estimado"",""""";
"QCL,""Cultivos y productos de ganadería"",""032"",""Argentina"",""5510"",""Producción"",""01251"",""Zanahorias y nabos"",""2019"",""2019"",""toneladas"",""290589.5"",""I"",""Valor imputado por una agencia receptora"",""""";
"QCL,""Cultivos y productos de ganadería"",""032"",""Argentina"",""5312"",""Área cosechada"",""01251"",""Zanahorias y nabos"",""2020"",""2020"",""ha"",""9064"",""I"",""Valor imputado por una agencia receptora"",""""";
"QCL,""Cultivos y productos de ganadería"",""032"",""Argentina"",""5412"",""Rendimiento"",""01251"",""Zanahorias y nabos"",""2020"",""2020"",""kg/ha"",""32433.4"",""E"",""Valor estimado"",""""";
"QCL,""Cultivos y productos de ganadería"",""032"",""Argentina"",""5510"",""Producción"",""01251"",""Zanahorias y nabos"",""2020"",""2020"",""toneladas"",""293982.3"",""I"",""Valor imputado por una agencia receptora"",""""";
"QCL,""Cultivos y productos de ganadería"",""032"",""Argentina"",""5312"",""Área cosechada"",""01251"",""Zanahorias y nabos"",""2021"",""2021"",""ha"",""9000"",""A"",""Valor oficial"",""""";
"QCL,""Cultivos y productos de ganadería"",""032"",""Argentina"",""5412"",""Rendimiento"",""01251"",""Zanahorias y nabos"",""2021"",""2021"",""kg/ha"",""33333.3"",""A"",""Valor oficial"",""""";
"QCL,""Cultivos y productos de ganadería"",""032"",""Argentina"",""5510"",""Producción"",""01251"",""Zanahorias y nabos"",""2021"",""2021"",""toneladas"",""300000"",""A"",""Valor oficial"",""""";
"QCL,""Cultivos y productos de ganadería"",""032"",""Argentina"",""5312"",""Área cosechada"",""01251"",""Zanahorias y nabos"",""2022"",""2022"",""ha"",""8969"",""I"",""Valor imputado por una agencia receptora"",""""";
"QCL,""Cultivos y productos de ganadería"",""032"",""Argentina"",""5412"",""Rendimiento"",""01251"",""Zanahorias y nabos"",""2022"",""2022"",""kg/ha"",""33631.3"",""E"",""Valor estimado"",""""";
"QCL,""Cultivos y productos de ganadería"",""032"",""Argentina"",""5510"",""Producción"",""01251"",""Zanahorias y nabos"",""2022"",""2022"",""toneladas"",""301623.66"",""I"",""Valor imputado por una agencia receptora"",""""";
"QCL,""Cultivos y productos de ganadería"",""032"",""Argentina"",""5312"",""Área cosechada"",""01251"",""Zanahorias y nabos"",""2023"",""2023"",""ha"",""8994"",""I"",""Valor imputado por una agencia receptora"",""""";
"QCL,""Cultivos y productos de ganadería"",""032"",""Argentina"",""5412"",""Rendimiento"",""01251"",""Zanahorias y nabos"",""2023"",""2023"",""kg/ha"",""33667.6"",""E"",""Valor estimado"",""""";
"QCL,""Cultivos y productos de ganadería"",""032"",""Argentina"",""5510"",""Producción"",""01251"",""Zanahorias y nabos"",""2023"",""2023"",""toneladas"",""302820.69"",""I"",""Valor imputado por una agencia receptora"",""""";
"QCL,""Cultivos y productos de ganadería"",""032"",""Argentina"",""5312"",""Área cosechada"",""01251"",""Zanahorias y nabos"",""2024"",""2024"",""ha"",""8927"",""I"",""Valor imputado por una agencia receptora"",""""";
"QCL,""Cultivos y productos de ganadería"",""032"",""Argentina"",""5412"",""Rendimiento"",""01251"",""Zanahorias y nabos"",""2024"",""2024"",""kg/ha"",""34172"",""E"",""Valor estimado"",""""";
"QCL,""Cultivos y productos de ganadería"",""032"",""Argentina"",""5510"",""Producción"",""01251"",""Zanahorias y nabos"",""2024"",""2024"",""toneladas"",""305049.46"",""I"",""Valor imputado por una agencia receptora"",""""";
